HistocapH88_CP069103	2745315	2806866	HistocapHISSP1014_2	2025707	2087297	color=b3b1b2
HistocapH88_CP069103	2106433	2162393	HistocapHISSP1014_2	1383717	1439854	color=b3b1b2
HistocapH88_CP069103	1124497	1160873	HistocapHISSP1014_2	672700	709191	color=b3b1b2
HistocapH88_CP069103	2708526	2744389	HistocapHISSP1014_2	1988864	2024891	color=b3b1b2
HistocapH88_CP069103	5273390	5308586	HistocapHISSP1014_2	3700801	3736389	color=b3b1b2
HistocapH88_CP069103	1516270	1551092	HistocapHISSP1014_2	951244	986141	color=b3b1b2
HistocapH88_CP069103	989918	1022981	HistocapHISSP1014_2	536731	569923	color=b3b1b2
HistocapH88_CP069103	1952981	1985994	HistocapHISSP1014_2	1228490	1261541	color=b3b1b2
HistocapH88_CP069103	5240466	5273388	HistocapHISSP1014_2	3667746	3700689	color=b3b1b2
HistocapH88_CP069103	8422679	8453400	HistocapHISSP1014_2	5586586	5617386	color=b3b1b2
HistocapH88_CP069103	6732250	6762032	HistocapHISSP1014_2	4261833	4291672	color=b3b1b2
HistocapH88_CP069103	7689624	7718023	HistocapHISSP1014_2	4969755	4998153	color=b3b1b2
HistocapH88_CP069103	6320521	6348160	HistocapHISSP1014_2	4051748	4079544	color=b3b1b2
HistocapH88_CP069103	4627874	4655222	HistocapHISSP1014_2	3163352	3191028	color=b3b1b2
HistocapH88_CP069103	5386095	5413381	HistocapHISSP1014_2	3781232	3808431	color=b3b1b2
HistocapH88_CP069103	3892505	3919601	HistocapHISSP1014_2	2651343	2678514	color=b3b1b2
HistocapH88_CP069103	7293742	7320831	HistocapHISSP1014_2	4573466	4600755	color=b3b1b2
HistocapH88_CP069103	7655936	7681992	HistocapHISSP1014_2	4936231	4962348	color=b3b1b2
HistocapH88_CP069103	2517021	2543009	HistocapHISSP1014_2	1792537	1818587	color=b3b1b2
HistocapH88_CP069103	2274845	2300494	HistocapHISSP1014_2	1550216	1576006	color=b3b1b2
HistocapH88_CP069103	4562126	4587598	HistocapHISSP1014_2	3103761	3129207	color=b3b1b2
HistocapH88_CP069103	5462802	5487432	HistocapHISSP1014_2	3858608	3883363	color=b3b1b2
HistocapH88_CP069103	7403684	7427825	HistocapHISSP1014_2	4681886	4705978	color=b3b1b2
HistocapH88_CP069103	3192169	3216241	HistocapHISSP1014_2	2425417	2449423	color=b3b1b2
HistocapH88_CP069103	7246751	7270331	HistocapHISSP1014_2	4526478	4550072	color=b3b1b2
HistocapH88_CP069103	4087508	4110043	HistocapHISSP1014_2	2848807	2871267	color=b3b1b2
HistocapH88_CP069103	4794815	4817048	HistocapHISSP1014_2	3278146	3300421	color=b3b1b2
HistocapH88_CP069103	861703	883933	HistocapHISSP1014_2	408021	430321	color=b3b1b2
HistocapH88_CP069103	1436530	1458360	HistocapHISSP1014_2	897360	875559	color=b3b1b2
HistocapH88_CP069103	6814676	6836321	HistocapHISSP1014_2	4348931	4370663	color=b3b1b2
HistocapH88_CP069103	2909901	2931489	HistocapHISSP1014_2	2149570	2171278	color=b3b1b2
HistocapH88_CP069103	8356102	8377564	HistocapHISSP1014_2	5563855	5585299	color=b3b1b2
HistocapH88_CP069103	5591897	5613044	HistocapHISSP1014_2	3936393	3957710	color=b3b1b2
HistocapH88_CP069103	8074250	8095315	HistocapHISSP1014_2	5271784	5293041	color=b3b1b2
HistocapH88_CP069103	7322721	7343721	HistocapHISSP1014_2	4602623	4623683	color=b3b1b2
HistocapH88_CP069103	4970804	4991186	HistocapHISSP1014_2	3389005	3409401	color=b3b1b2
HistocapH88_CP069103	5137872	5158161	HistocapHISSP1014_2	3567862	3588217	color=b3b1b2
HistocapH88_CP069103	1551089	1571259	HistocapHISSP1014_2	986745	1007001	color=b3b1b2
HistocapH88_CP069103	3920851	3940459	HistocapHISSP1014_2	2679897	2699658	color=b3b1b2
HistocapH88_CP069103	2434778	2454192	HistocapHISSP1014_2	1708953	1728525	color=b3b1b2
HistocapH88_CP069103	8239984	8259226	HistocapHISSP1014_2	5448559	5467856	color=b3b1b2
HistocapH88_CP069103	6904483	6923446	HistocapHISSP1014_2	4437400	4456409	color=b3b1b2
HistocapH88_CP069103	4992068	5010955	HistocapHISSP1014_2	3409401	3428307	color=b3b1b2
HistocapH88_CP069103	2196656	2215405	HistocapHISSP1014_2	1471961	1490715	color=b3b1b2
HistocapH88_CP069103	4822627	4841191	HistocapHISSP1014_2	3303658	3322166	color=b3b1b2
HistocapH88_CP069103	8463770	8482033	HistocapHISSP1014_2	5629673	5648008	color=b3b1b2
HistocapH88_CP069103	8294331	8312225	HistocapHISSP1014_2	5503039	5520998	color=b3b1b2
HistocapH88_CP069103	1586040	1603840	HistocapHISSP1014_2	1022079	1040016	color=b3b1b2
HistocapH88_CP069103	6415958	6433725	HistocapHISSP1014_2	4147061	4164961	color=b3b1b2
HistocapH88_CP069103	3836042	3853794	HistocapHISSP1014_2	2594403	2612125	color=b3b1b2
HistocapH88_CP069103	3993958	4011708	HistocapHISSP1014_2	2753950	2771726	color=b3b1b2
HistocapH88_CP069103	1784322	1801977	HistocapHISSP1014_2	1093811	1111542	color=b3b1b2
HistocapH88_CP069103	2403046	2420223	HistocapHISSP1014_2	1676786	1693977	color=b3b1b2
HistocapH88_CP069103	8261409	8278539	HistocapHISSP1014_2	5470237	5487485	color=b3b1b2
HistocapH88_CP069103	1310253	1327289	HistocapHISSP1014_2	794542	811608	color=b3b1b2
HistocapH88_CP069103	3054473	3071331	HistocapHISSP1014_2	2286619	2303500	color=b3b1b2
HistocapH88_CP069103	6372191	6389032	HistocapHISSP1014_2	4103548	4120352	color=b3b1b2
HistocapH88_CP069103	8154587	8171346	HistocapHISSP1014_2	5353823	5370672	color=b3b1b2
HistocapH88_CP069103	733964	750651	HistocapHISSP1014_2	329693	346364	color=b3b1b2
HistocapH88_CP069103	6846485	6863112	HistocapHISSP1014_2	4380805	4397483	color=b3b1b2
HistocapH88_CP069103	6443096	6459673	HistocapHISSP1014_2	4174347	4191038	color=b3b1b2
HistocapH88_CP069103	5222843	5239351	HistocapHISSP1014_2	3649968	3666492	color=b3b1b2
HistocapH88_CP069103	4415248	4431704	HistocapHISSP1014_2	2967747	2984212	color=b3b1b2
HistocapH88_CP069103	8613409	8629782	HistocapHISSP1014_2	5795396	5811720	color=b3b1b2
HistocapH88_CP069103	2340935	2357221	HistocapHISSP1014_2	1617855	1634134	color=b3b1b2
HistocapH88_CP069103	4742659	4758820	HistocapHISSP1014_2	3227530	3243683	color=b3b1b2
HistocapH88_CP069103	1205704	1221678	HistocapHISSP1014_2	753466	769361	color=b3b1b2
HistocapH88_CP069103	7070386	7086061	HistocapHISSP1014_2	4487828	4472022	color=b3b1b2
HistocapH88_CP069103	3864833	3880419	HistocapHISSP1014_2	2623641	2639208	color=b3b1b2
HistocapH88_CP069103	6867108	6882693	HistocapHISSP1014_2	4401572	4417162	color=b3b1b2
HistocapH88_CP069103	2067049	2082475	HistocapHISSP1014_2	1343786	1359291	color=b3b1b2
HistocapH88_CP069103	7568245	7583602	HistocapHISSP1014_2	4847731	4863099	color=b3b1b2
HistocapH88_CP069103	5880843	5896110	HistocapHISSP1014_2	3983667	3998945	color=b3b1b2
HistocapH88_CP069103	5016185	5031171	HistocapHISSP1014_2	3433664	3448737	color=b3b1b2
HistocapH88_CP069103	2001839	2016574	HistocapHISSP1014_2	1277478	1292325	color=b3b1b2
HistocapH88_CP069103	4040945	4055617	HistocapHISSP1014_2	2804094	2818745	color=b3b1b2
HistocapH88_CP069103	7828863	7843509	HistocapHISSP1014_2	5110256	5124920	color=b3b1b2
HistocapH88_CP069103	2420148	2434769	HistocapHISSP1014_2	1694076	1708852	color=b3b1b2
HistocapH88_CP069103	7787417	7801934	HistocapHISSP1014_2	5068661	5083180	color=b3b1b2
HistocapH88_CP069103	6348610	6362795	HistocapHISSP1014_2	4079711	4093842	color=b3b1b2
HistocapH88_CP069103	1412094	1426226	HistocapHISSP1014_2	921745	907605	color=b3b1b2
HistocapH88_CP069103	3300642	3314765	HistocapHISSP1014_2	2508391	2522498	color=b3b1b2
HistocapH88_CP069103	3246895	3260943	HistocapHISSP1014_2	2490714	2504750	color=b3b1b2
HistocapH88_CP069103	752299	766320	HistocapHISSP1014_2	347795	361808	color=b3b1b2
HistocapH88_CP069103	2931473	2945418	HistocapHISSP1014_2	2171501	2185540	color=b3b1b2
HistocapH88_CP069103	946816	960715	HistocapHISSP1014_2	493251	507202	color=b3b1b2
HistocapH88_CP069103	4763593	4777421	HistocapHISSP1014_2	3248611	3262479	color=b3b1b2
HistocapH88_CP069103	8053654	8067395	HistocapHISSP1014_2	5251462	5265198	color=b3b1b2
HistocapH88_CP069103	3111161	3124847	HistocapHISSP1014_2	2341770	2355413	color=b3b1b2
HistocapH88_CP069103	2649759	2663376	HistocapHISSP1014_2	1928853	1942522	color=b3b1b2
HistocapH88_CP069103	896083	909666	HistocapHISSP1014_2	442895	456523	color=b3b1b2
HistocapH88_CP069103	5068985	5082426	HistocapHISSP1014_2	3495482	3508967	color=b3b1b2
HistocapH88_CP069103	7463003	7476432	HistocapHISSP1014_2	4741075	4754738	color=b3b1b2
HistocapH88_CP069103	4587592	4600977	HistocapHISSP1014_2	3129308	3142664	color=b3b1b2
HistocapH88_CP069103	7943880	7957172	HistocapHISSP1014_2	5132121	5145486	color=b3b1b2
HistocapH88_CP069103	2323786	2337050	HistocapHISSP1014_2	1600097	1613371	color=b3b1b2
HistocapH88_CP069103	7208450	7221699	HistocapHISSP1014_2	4488028	4501323	color=b3b1b2
HistocapH88_CP069103	6785963	6799100	HistocapHISSP1014_2	4318612	4331734	color=b3b1b2
HistocapH88_CP069103	1090733	1103862	HistocapHISSP1014_2	638903	652023	color=b3b1b2
HistocapH88_CP069103	3233789	3246904	HistocapHISSP1014_2	2476889	2490072	color=b3b1b2
HistocapH88_CP069103	1767298	1780353	HistocapHISSP1014_2	1077079	1090102	color=b3b1b2
HistocapH88_CP069103	1838619	1851671	HistocapHISSP1014_2	1148753	1161780	color=b3b1b2
HistocapH88_CP069103	8499871	8512875	HistocapHISSP1014_2	5666430	5679460	color=b3b1b2
HistocapH88_CP069103	4778505	4791454	HistocapHISSP1014_2	3262654	3275598	color=b3b1b2
HistocapH88_CP069103	1754178	1767115	HistocapHISSP1014_2	1064081	1076973	color=b3b1b2
HistocapH88_CP069103	4604579	4617491	HistocapHISSP1014_2	3146539	3159529	color=b3b1b2
HistocapH88_CP069103	7627298	7640202	HistocapHISSP1014_2	4907650	4920593	color=b3b1b2
HistocapH88_CP069103	2974241	2987124	HistocapHISSP1014_2	2215119	2228074	color=b3b1b2
HistocapH88_CP069103	8026362	8039184	HistocapHISSP1014_2	5223837	5236658	color=b3b1b2
HistocapH88_CP069103	2887650	2900440	HistocapHISSP1014_2	2127061	2140082	color=b3b1b2
HistocapH88_CP069103	7233941	7246664	HistocapHISSP1014_2	4513636	4526377	color=b3b1b2
HistocapH88_CP069103	1071863	1084576	HistocapHISSP1014_2	619882	632616	color=b3b1b2
HistocapH88_CP069103	690092	702801	HistocapHISSP1014_2	285374	298137	color=b3b1b2
HistocapH88_CP069103	3082573	3095233	HistocapHISSP1014_2	2314721	2327345	color=b3b1b2
HistocapH88_CP069103	3016620	3029230	HistocapHISSP1014_2	2255521	2268164	color=b3b1b2
HistocapH88_CP069103	8041089	8053598	HistocapHISSP1014_2	5238872	5251361	color=b3b1b2
HistocapH88_CP069103	1920159	1932548	HistocapHISSP1014_2	1195002	1207583	color=b3b1b2
HistocapH88_CP069103	7816372	7828749	HistocapHISSP1014_2	5097811	5110256	color=b3b1b2
HistocapH88_CP069103	7364192	7376428	HistocapHISSP1014_2	4642692	4655024	color=b3b1b2
HistocapH88_CP069103	7727028	7739251	HistocapHISSP1014_2	5007296	5019569	color=b3b1b2
HistocapH88_CP069103	4401083	4413259	HistocapHISSP1014_2	2953325	2965542	color=b3b1b2
HistocapH88_CP069103	1932548	1944641	HistocapHISSP1014_2	1207686	1219890	color=b3b1b2
HistocapH88_CP069103	774137	786087	HistocapHISSP1014_2	370005	381923	color=b3b1b2
HistocapH88_CP069103	7611872	7623794	HistocapHISSP1014_2	4892211	4904161	color=b3b1b2
HistocapH88_CP069103	2380928	2392825	HistocapHISSP1014_2	1651926	1663765	color=b3b1b2
HistocapH88_CP069103	2262959	2274852	HistocapHISSP1014_2	1538224	1550115	color=b3b1b2
HistocapH88_CP069103	1052178	1064066	HistocapHISSP1014_2	600493	612450	color=b3b1b2
HistocapH88_CP069103	1295870	1307723	HistocapHISSP1014_2	779916	791849	color=b3b1b2
HistocapH88_CP069103	8522476	8534326	HistocapHISSP1014_2	5705378	5717217	color=b3b1b2
HistocapH88_CP069103	8335755	8347516	HistocapHISSP1014_2	5543276	5555099	color=b3b1b2
HistocapH88_CP069103	8139080	8150721	HistocapHISSP1014_2	5337774	5349434	color=b3b1b2
HistocapH88_CP069103	7750581	7762018	HistocapHISSP1014_2	5030772	5042211	color=b3b1b2
HistocapH88_CP069103	2495223	2506624	HistocapHISSP1014_2	1770407	1781819	color=b3b1b2
HistocapH88_CP069103	8488589	8499969	HistocapHISSP1014_2	5654820	5666228	color=b3b1b2
HistocapH88_CP069103	975060	986419	HistocapHISSP1014_2	521857	533203	color=b3b1b2
HistocapH88_CP069103	4460887	4472244	HistocapHISSP1014_2	3000237	3011670	color=b3b1b2
HistocapH88_CP069103	4433616	4444906	HistocapHISSP1014_2	2986307	2997642	color=b3b1b2
HistocapH88_CP069103	7511082	7522344	HistocapHISSP1014_2	4790437	4801686	color=b3b1b2
HistocapH88_CP069103	4380537	4391696	HistocapHISSP1014_2	2933099	2944287	color=b3b1b2
HistocapH88_CP069103	7739340	7750464	HistocapHISSP1014_2	5019563	5030628	color=b3b1b2
HistocapH88_CP069103	5308579	5319667	HistocapHISSP1014_2	3736490	3747635	color=b3b1b2
HistocapH88_CP069103	4551085	4562126	HistocapHISSP1014_2	3092487	3103620	color=b3b1b2
HistocapH88_CP069103	2638798	2649773	HistocapHISSP1014_2	1917768	1928752	color=b3b1b2
HistocapH88_CP069103	1986009	1996942	HistocapHISSP1014_2	1261642	1272626	color=b3b1b2
HistocapH88_CP069103	3071560	3082485	HistocapHISSP1014_2	2303601	2314608	color=b3b1b2
HistocapH88_CP069103	964211	975058	HistocapHISSP1014_2	510879	521740	color=b3b1b2
HistocapH88_CP069103	2591413	2602250	HistocapHISSP1014_2	1867405	1878299	color=b3b1b2
HistocapH88_CP069103	2545546	2556382	HistocapHISSP1014_2	1820788	1831699	color=b3b1b2
HistocapH88_CP069103	1907517	1918269	HistocapHISSP1014_2	1181981	1192751	color=b3b1b2
HistocapH88_CP069103	6600916	6611653	HistocapHISSP1014_2	4215199	4225979	color=b3b1b2
HistocapH88_CP069103	4521321	4531950	HistocapHISSP1014_2	3062055	3072724	color=b3b1b2
HistocapH88_CP069103	4484591	4495136	HistocapHISSP1014_2	3026759	3037312	color=b3b1b2
HistocapH88_CP069103	2044200	2054729	HistocapHISSP1014_2	1320741	1331257	color=b3b1b2
HistocapH88_CP069103	8009336	8019845	HistocapHISSP1014_2	5206517	5217046	color=b3b1b2
HistocapH88_CP069103	3940459	3950916	HistocapHISSP1014_2	2699789	2710276	color=b3b1b2
HistocapH88_CP069103	5175388	5185826	HistocapHISSP1014_2	3605454	3615893	color=b3b1b2
HistocapH88_CP069103	2506640	2517030	HistocapHISSP1014_2	1781923	1792345	color=b3b1b2
HistocapH88_CP069103	4292615	4302992	HistocapHISSP1014_2	2871544	2881972	color=b3b1b2
HistocapH88_CP069103	3880478	3890829	HistocapHISSP1014_2	2639379	2649712	color=b3b1b2
HistocapH88_CP069103	8116064	8126356	HistocapHISSP1014_2	5314323	5324611	color=b3b1b2
HistocapH88_CP069103	4030719	4040924	HistocapHISSP1014_2	2793738	2803993	color=b3b1b2
HistocapH88_CP069103	8453396	8463577	HistocapHISSP1014_2	5617640	5627763	color=b3b1b2
HistocapH88_CP069103	2615442	2625589	HistocapHISSP1014_2	1892723	1902944	color=b3b1b2
HistocapH88_CP069103	5511968	5522100	HistocapHISSP1014_2	3900100	3910248	color=b3b1b2
HistocapH88_CP069103	1426209	1436312	HistocapHISSP1014_2	907504	897359	color=b3b1b2
HistocapH88_CP069103	7777360	7787421	HistocapHISSP1014_2	5058474	5068560	color=b3b1b2
HistocapH88_CP069103	1339440	1349467	HistocapHISSP1014_2	824302	834426	color=b3b1b2
HistocapH88_CP069103	7501063	7510996	HistocapHISSP1014_2	4780473	4790336	color=b3b1b2
HistocapH88_CP069103	1808921	1818747	HistocapHISSP1014_2	1118544	1128361	color=b3b1b2
HistocapH88_CP069103	4717654	4727434	HistocapHISSP1014_2	3202356	3212076	color=b3b1b2
HistocapH88_CP069103	3029230	3038835	HistocapHISSP1014_2	2268270	2277798	color=b3b1b2
HistocapH88_CP069103	1608510	1618098	HistocapHISSP1014_2	1044269	1053910	color=b3b1b2
HistocapH88_CP069103	8539321	8548753	HistocapHISSP1014_2	5721166	5730609	color=b3b1b2
HistocapH88_CP069103	2900541	2909905	HistocapHISSP1014_2	2140082	2149445	color=b3b1b2
HistocapH88_CP069103	4337498	4346844	HistocapHISSP1014_2	2917378	2926738	color=b3b1b2
HistocapH88_CP069103	2237474	2246808	HistocapHISSP1014_2	1513156	1522597	color=b3b1b2
HistocapH88_CP069103	3146921	3156164	HistocapHISSP1014_2	2377817	2387054	color=b3b1b2
HistocapH88_CP069103	2090513	2099745	HistocapHISSP1014_2	1367646	1376856	color=b3b1b2
HistocapH88_CP069103	3100393	3109623	HistocapHISSP1014_2	2332453	2341738	color=b3b1b2
HistocapH88_CP069103	928360	937577	HistocapHISSP1014_2	474322	483654	color=b3b1b2
HistocapH88_CP069103	2035044	2044217	HistocapHISSP1014_2	1311457	1320640	color=b3b1b2
HistocapH88_CP069103	5166234	5175376	HistocapHISSP1014_2	3596196	3605353	color=b3b1b2
HistocapH88_CP069103	7451176	7460311	HistocapHISSP1014_2	4730080	4739120	color=b3b1b2
HistocapH88_CP069103	7224695	7233784	HistocapHISSP1014_2	4504491	4513535	color=b3b1b2
HistocapH88_CP069103	1028633	1037663	HistocapHISSP1014_2	575889	584986	color=b3b1b2
HistocapH88_CP069103	2690444	2699438	HistocapHISSP1014_2	1970362	1979333	color=b3b1b2
HistocapH88_CP069103	5323558	5332517	HistocapHISSP1014_2	3751827	3760867	color=b3b1b2
HistocapH88_CP069103	8641908	8650855	HistocapHISSP1014_2	5823436	5832371	color=b3b1b2
HistocapH88_CP069103	2221593	2230528	HistocapHISSP1014_2	1496972	1505903	color=b3b1b2
HistocapH88_CP069103	4495136	4504068	HistocapHISSP1014_2	3037411	3046324	color=b3b1b2
HistocapH88_CP069103	8281275	8290192	HistocapHISSP1014_2	5489858	5498796	color=b3b1b2
HistocapH88_CP069103	4072241	4081108	HistocapHISSP1014_2	2833252	2842154	color=b3b1b2
HistocapH88_CP069103	3973645	3982488	HistocapHISSP1014_2	2733247	2742181	color=b3b1b2
HistocapH88_CP069103	7718159	7726986	HistocapHISSP1014_2	4998254	5007195	color=b3b1b2
HistocapH88_CP069103	7640841	7649663	HistocapHISSP1014_2	4920869	4929703	color=b3b1b2
HistocapH88_CP069103	2945422	2954238	HistocapHISSP1014_2	2185641	2194527	color=b3b1b2
HistocapH88_CP069103	1895808	1904604	HistocapHISSP1014_2	1170121	1178944	color=b3b1b2
HistocapH88_CP069103	8194651	8203435	HistocapHISSP1014_2	5394541	5403328	color=b3b1b2
HistocapH88_CP069103	6362841	6371597	HistocapHISSP1014_2	4093943	4102727	color=b3b1b2
HistocapH88_CP069103	674780	683461	HistocapHISSP1014_2	270402	279050	color=b3b1b2
HistocapH88_CP069103	3161026	3169684	HistocapHISSP1014_2	2392110	2400779	color=b3b1b2
HistocapH88_CP069103	2364376	2372988	HistocapHISSP1014_2	1634600	1643294	color=b3b1b2
HistocapH88_CP069103	2188044	2196654	HistocapHISSP1014_2	1463139	1471839	color=b3b1b2
HistocapH88_CP069103	2809854	2818457	HistocapHISSP1014_2	2087368	2095970	color=b3b1b2
HistocapH88_CP069103	5129275	5137876	HistocapHISSP1014_2	3559021	3567580	color=b3b1b2
HistocapH88_CP069103	8224195	8232759	HistocapHISSP1014_2	5432580	5441174	color=b3b1b2
HistocapH88_CP069103	1577553	1586028	HistocapHISSP1014_2	1013429	1021953	color=b3b1b2
HistocapH88_CP069103	2300516	2308937	HistocapHISSP1014_2	1576107	1584654	color=b3b1b2
HistocapH88_CP069103	3138129	3146548	HistocapHISSP1014_2	2369056	2377443	color=b3b1b2
HistocapH88_CP069103	5052844	5061217	HistocapHISSP1014_2	3478105	3486448	color=b3b1b2
HistocapH88_CP069103	5116573	5124907	HistocapHISSP1014_2	3546447	3554777	color=b3b1b2
HistocapH88_CP069103	4391757	4400028	HistocapHISSP1014_2	2944388	2952626	color=b3b1b2
HistocapH88_CP069103	1162838	1170994	HistocapHISSP1014_2	709190	717382	color=b3b1b2
HistocapH88_CP069103	2082456	2090581	HistocapHISSP1014_2	1359388	1367545	color=b3b1b2
HistocapH88_CP069103	3955195	3963272	HistocapHISSP1014_2	2714532	2722677	color=b3b1b2
HistocapH88_CP069103	8095346	8103415	HistocapHISSP1014_2	5293144	5301209	color=b3b1b2
HistocapH88_CP069103	7533566	7541595	HistocapHISSP1014_2	4813345	4821408	color=b3b1b2
HistocapH88_CP069103	2673416	2681427	HistocapHISSP1014_2	1952760	1960929	color=b3b1b2
HistocapH88_CP069103	2178594	2186589	HistocapHISSP1014_2	1453608	1461656	color=b3b1b2
HistocapH88_CP069103	1194631	1202610	HistocapHISSP1014_2	741890	749892	color=b3b1b2
HistocapH88_CP069103	8552913	8560871	HistocapHISSP1014_2	5734917	5742910	color=b3b1b2
HistocapH88_CP069103	7801971	7809887	HistocapHISSP1014_2	5083281	5091211	color=b3b1b2
HistocapH88_CP069103	2607533	2615441	HistocapHISSP1014_2	1883988	1891917	color=b3b1b2
HistocapH88_CP069103	4533093	4540991	HistocapHISSP1014_2	3073919	3081803	color=b3b1b2
HistocapH88_CP069103	6894317	6902195	HistocapHISSP1014_2	4427637	4435617	color=b3b1b2
HistocapH88_CP069103	2570653	2578501	HistocapHISSP1014_2	1846438	1854301	color=b3b1b2
HistocapH88_CP069103	8593293	8601129	HistocapHISSP1014_2	5776599	5784525	color=b3b1b2
HistocapH88_CP069103	2392821	2400654	HistocapHISSP1014_2	1663866	1671824	color=b3b1b2
HistocapH88_CP069103	3543304	3551091	HistocapHISSP1014_2	2578783	2586543	color=b3b1b2
HistocapH88_CP069103	8313364	8321117	HistocapHISSP1014_2	5521131	5528911	color=b3b1b2
HistocapH88_CP069103	6639177	6646920	HistocapHISSP1014_2	4253200	4260939	color=b3b1b2
HistocapH88_CP069103	5429878	5437588	HistocapHISSP1014_2	3825340	3833104	color=b3b1b2
HistocapH88_CP069103	4303039	4310738	HistocapHISSP1014_2	2882073	2889834	color=b3b1b2
HistocapH88_CP069103	3176317	3183990	HistocapHISSP1014_2	2407961	2415677	color=b3b1b2
HistocapH88_CP069103	4055617	4063260	HistocapHISSP1014_2	2818846	2826498	color=b3b1b2
HistocapH88_CP069103	2309445	2317050	HistocapHISSP1014_2	1585386	1593052	color=b3b1b2
HistocapH88_CP069103	5952192	5959793	HistocapHISSP1014_2	4007399	4015007	color=b3b1b2
HistocapH88_CP069103	4317115	4324714	HistocapHISSP1014_2	2896530	2904321	color=b3b1b2
HistocapH88_CP069103	8677677	8685241	HistocapHISSP1014_2	5854596	5862273	color=b3b1b2
HistocapH88_CP069103	2467802	2475347	HistocapHISSP1014_2	1743203	1750717	color=b3b1b2
HistocapH88_CP069103	2629749	2637239	HistocapHISSP1014_2	1908061	1915538	color=b3b1b2
HistocapH88_CP069103	5094734	5102206	HistocapHISSP1014_2	3518724	3526204	color=b3b1b2
HistocapH88_CP069103	3216239	3223661	HistocapHISSP1014_2	2449512	2456972	color=b3b1b2
HistocapH88_CP069103	4881517	4888925	HistocapHISSP1014_2	3361973	3369431	color=b3b1b2
HistocapH88_CP069103	4959130	4966536	HistocapHISSP1014_2	3377640	3384993	color=b3b1b2
HistocapH88_CP069103	1115680	1123081	HistocapHISSP1014_2	663898	671350	color=b3b1b2
HistocapH88_CP069103	2700333	2707696	HistocapHISSP1014_2	1980554	1987876	color=b3b1b2
HistocapH88_CP069103	7476434	7483775	HistocapHISSP1014_2	4754860	4762241	color=b3b1b2
HistocapH88_CP069103	2254608	2261933	HistocapHISSP1014_2	1530844	1538210	color=b3b1b2
HistocapH88_CP069103	6404806	6412117	HistocapHISSP1014_2	4135658	4142978	color=b3b1b2
HistocapH88_CP069103	7604561	7611826	HistocapHISSP1014_2	4884795	4892110	color=b3b1b2
HistocapH88_CP069103	2998455	3005658	HistocapHISSP1014_2	2237872	2245053	color=b3b1b2
HistocapH88_CP069103	6593708	6600904	HistocapHISSP1014_2	4207890	4215098	color=b3b1b2
HistocapH88_CP069103	724053	731242	HistocapHISSP1014_2	319496	326670	color=b3b1b2
HistocapH88_CP069103	6801736	6808917	HistocapHISSP1014_2	4334610	4341837	color=b3b1b2
HistocapH88_CP069103	1064066	1071243	HistocapHISSP1014_2	612566	619781	color=b3b1b2
HistocapH88_CP069103	1187447	1194595	HistocapHISSP1014_2	734648	741789	color=b3b1b2
HistocapH88_CP069103	5866975	5874112	HistocapHISSP1014_2	3969189	3976343	color=b3b1b2
HistocapH88_CP069103	6763702	6770827	HistocapHISSP1014_2	4293365	4300509	color=b3b1b2
HistocapH88_CP069103	5208357	5215475	HistocapHISSP1014_2	3640022	3647258	color=b3b1b2
HistocapH88_CP069103	5549051	5556160	HistocapHISSP1014_2	3917274	3924401	color=b3b1b2
HistocapH88_CP069103	7590744	7597836	HistocapHISSP1014_2	4870863	4877959	color=b3b1b2
HistocapH88_CP069103	2456029	2463113	HistocapHISSP1014_2	1731020	1738214	color=b3b1b2
HistocapH88_CP069103	6611687	6618760	HistocapHISSP1014_2	4226080	4233128	color=b3b1b2
HistocapH88_CP069103	1042943	1050001	HistocapHISSP1014_2	590825	597939	color=b3b1b2
HistocapH88_CP069103	1825822	1832826	HistocapHISSP1014_2	1135584	1142603	color=b3b1b2
HistocapH88_CP069103	6296041	6303045	HistocapHISSP1014_2	4026721	4033715	color=b3b1b2
HistocapH88_CP069103	6627203	6634187	HistocapHISSP1014_2	4241239	4248205	color=b3b1b2
HistocapH88_CP069103	883970	890950	HistocapHISSP1014_2	430422	437445	color=b3b1b2
HistocapH88_CP069103	3982787	3989726	HistocapHISSP1014_2	2742282	2749265	color=b3b1b2
HistocapH88_CP069103	1802014	1808915	HistocapHISSP1014_2	1111534	1118443	color=b3b1b2
HistocapH88_CP069103	8104978	8111869	HistocapHISSP1014_2	5302978	5309914	color=b3b1b2
HistocapH88_CP069103	8561094	8567967	HistocapHISSP1014_2	5743084	5750003	color=b3b1b2
HistocapH88_CP069103	848258	855062	HistocapHISSP1014_2	394781	401639	color=b3b1b2
HistocapH88_CP069103	8211515	8218277	HistocapHISSP1014_2	5422294	5429001	color=b3b1b2
HistocapH88_CP069103	838128	844886	HistocapHISSP1014_2	384212	391011	color=b3b1b2
HistocapH88_CP069103	2317047	2323786	HistocapHISSP1014_2	1593153	1599988	color=b3b1b2
HistocapH88_CP069103	7427858	7434578	HistocapHISSP1014_2	4706079	4712849	color=b3b1b2
HistocapH88_CP069103	7522346	7529047	HistocapHISSP1014_2	4801814	4808523	color=b3b1b2
HistocapH88_CP069103	8349420	8356102	HistocapHISSP1014_2	5557051	5563749	color=b3b1b2
HistocapH88_CP069103	5031171	5037828	HistocapHISSP1014_2	3448854	3455499	color=b3b1b2
HistocapH88_CP069103	2584654	2591301	HistocapHISSP1014_2	1860657	1867304	color=b3b1b2
HistocapH88_CP069103	7597899	7604523	HistocapHISSP1014_2	4878060	4884694	color=b3b1b2
HistocapH88_CP069103	6882695	6889271	HistocapHISSP1014_2	4417284	4423935	color=b3b1b2
HistocapH88_CP069103	8482025	8488577	HistocapHISSP1014_2	5648109	5654685	color=b3b1b2
HistocapH88_CP069103	8019845	8026370	HistocapHISSP1014_2	5217154	5223736	color=b3b1b2
HistocapH88_CP069103	1383281	1389766	HistocapHISSP1014_2	861747	868260	color=b3b1b2
HistocapH88_CP069103	2967745	2974139	HistocapHISSP1014_2	2208547	2215018	color=b3b1b2
HistocapH88_CP069103	7809960	7816350	HistocapHISSP1014_2	5091312	5097710	color=b3b1b2
HistocapH88_CP069103	2248302	2254583	HistocapHISSP1014_2	1524462	1530743	color=b3b1b2
HistocapH88_CP069103	1884345	1890621	HistocapHISSP1014_2	1161884	1168181	color=b3b1b2
HistocapH88_CP069103	8175836	8182098	HistocapHISSP1014_2	5375167	5381322	color=b3b1b2
HistocapH88_CP069103	7649683	7655941	HistocapHISSP1014_2	4929804	4936043	color=b3b1b2
HistocapH88_CP069103	1571259	1577471	HistocapHISSP1014_2	1007110	1013328	color=b3b1b2
HistocapH88_CP069103	3124897	3131069	HistocapHISSP1014_2	2355514	2361717	color=b3b1b2
HistocapH88_CP069103	920954	927115	HistocapHISSP1014_2	466968	473117	color=b3b1b2
HistocapH88_CP069103	5160081	5166234	HistocapHISSP1014_2	3589918	3596099	color=b3b1b2
HistocapH88_CP069103	8568125	8574274	HistocapHISSP1014_2	5750035	5756205	color=b3b1b2
HistocapH88_CP069103	7997777	8003910	HistocapHISSP1014_2	5193595	5199721	color=b3b1b2
HistocapH88_CP069103	855504	861628	HistocapHISSP1014_2	401741	407920	color=b3b1b2
HistocapH88_CP069103	7434562	7440684	HistocapHISSP1014_2	4712950	4719178	color=b3b1b2
HistocapH88_CP069103	4660183	4666301	HistocapHISSP1014_2	3196234	3202365	color=b3b1b2
HistocapH88_CP069103	4374408	4380515	HistocapHISSP1014_2	2926839	2932962	color=b3b1b2
HistocapH88_CP069103	4847556	4853607	HistocapHISSP1014_2	3327442	3333550	color=b3b1b2
HistocapH88_CP069103	7385078	7391125	HistocapHISSP1014_2	4663442	4669469	color=b3b1b2
HistocapH88_CP069103	1109551	1115590	HistocapHISSP1014_2	657743	663776	color=b3b1b2
HistocapH88_CP069103	4324697	4330727	HistocapHISSP1014_2	2904424	2910445	color=b3b1b2
HistocapH88_CP069103	683485	689438	HistocapHISSP1014_2	279169	285113	color=b3b1b2
HistocapH88_CP069103	7284993	7290938	HistocapHISSP1014_2	4564613	4570594	color=b3b1b2
HistocapH88_CP069103	1176647	1182589	HistocapHISSP1014_2	722939	728893	color=b3b1b2
HistocapH88_CP069103	937612	943518	HistocapHISSP1014_2	483755	489716	color=b3b1b2
HistocapH88_CP069103	2822906	2828810	HistocapHISSP1014_2	2100671	2106589	color=b3b1b2
HistocapH88_CP069103	2375038	2380941	HistocapHISSP1014_2	1645819	1651806	color=b3b1b2
HistocapH88_CP069103	1745041	1750929	HistocapHISSP1014_2	1054612	1060490	color=b3b1b2
HistocapH88_CP069103	4504323	4510199	HistocapHISSP1014_2	3046425	3052304	color=b3b1b2
HistocapH88_CP069103	3853794	3859639	HistocapHISSP1014_2	2612236	2618151	color=b3b1b2
HistocapH88_CP069103	2881805	2887649	HistocapHISSP1014_2	2121041	2126934	color=b3b1b2
HistocapH88_CP069103	6303091	6308926	HistocapHISSP1014_2	4033817	4039633	color=b3b1b2
HistocapH88_CP069103	4014836	4020647	HistocapHISSP1014_2	2775023	2780833	color=b3b1b2
HistocapH88_CP069103	2168884	2174660	HistocapHISSP1014_2	3526184	3531952	color=b3b1b2
HistocapH88_CP069103	2020877	2026651	HistocapHISSP1014_2	1296759	1302595	color=b3b1b2
HistocapH88_CP069103	6390850	6396624	HistocapHISSP1014_2	4122101	4127937	color=b3b1b2
HistocapH88_CP069103	6778585	6784333	HistocapHISSP1014_2	4311047	4316775	color=b3b1b2
HistocapH88_CP069103	2481509	2487241	HistocapHISSP1014_2	1756160	1761885	color=b3b1b2
HistocapH88_CP069103	7583524	7589253	HistocapHISSP1014_2	4863200	4869017	color=b3b1b2
HistocapH88_CP069103	8585544	8591270	HistocapHISSP1014_2	5767751	5773464	color=b3b1b2
HistocapH88_CP069103	5560240	5565954	HistocapHISSP1014_2	3928668	3934387	color=b3b1b2
HistocapH88_CP069103	5413493	5419203	HistocapHISSP1014_2	3808605	3814338	color=b3b1b2
HistocapH88_CP069103	4871869	4877547	HistocapHISSP1014_2	3352386	3358037	color=b3b1b2
HistocapH88_CP069103	766344	772013	HistocapHISSP1014_2	361909	367622	color=b3b1b2
HistocapH88_CP069103	1330511	1336121	HistocapHISSP1014_2	815128	820734	color=b3b1b2
HistocapH88_CP069103	7547183	7552793	HistocapHISSP1014_2	4827392	4833026	color=b3b1b2
HistocapH88_CP069103	1406210	1411792	HistocapHISSP1014_2	927551	921954	color=b3b1b2
HistocapH88_CP069103	6314960	6320520	HistocapHISSP1014_2	4045670	4051245	color=b3b1b2
HistocapH88_CP069103	8232768	8238297	HistocapHISSP1014_2	5441275	5446795	color=b3b1b2
HistocapH88_CP069103	8669294	8674797	HistocapHISSP1014_2	5846075	5851584	color=b3b1b2
HistocapH88_CP069103	1947380	1952842	HistocapHISSP1014_2	1222938	1228389	color=b3b1b2
HistocapH88_CP069103	8574272	8579733	HistocapHISSP1014_2	5756278	5761807	color=b3b1b2
HistocapH88_CP069103	7440686	7446099	HistocapHISSP1014_2	4719329	4724739	color=b3b1b2
HistocapH88_CP069103	8325873	8331268	HistocapHISSP1014_2	5533047	5538508	color=b3b1b2
HistocapH88_CP069103	7553286	7558670	HistocapHISSP1014_2	4833129	4838512	color=b3b1b2
HistocapH88_CP069103	5494265	5499621	HistocapHISSP1014_2	3890426	3895789	color=b3b1b2
HistocapH88_CP069103	1171153	1176508	HistocapHISSP1014_2	717483	722838	color=b3b1b2
HistocapH88_CP069103	5438023	5443369	HistocapHISSP1014_2	3833205	3838555	color=b3b1b2
HistocapH88_CP069103	7490127	7495459	HistocapHISSP1014_2	4769100	4774466	color=b3b1b2
HistocapH88_CP069103	8663745	8669058	HistocapHISSP1014_2	5840751	5846042	color=b3b1b2
HistocapH88_CP069103	1362582	1367869	HistocapHISSP1014_2	842777	848138	color=b3b1b2
HistocapH88_CP069103	2026651	2031936	HistocapHISSP1014_2	1302713	1308073	color=b3b1b2
HistocapH88_CP069103	8629705	8634952	HistocapHISSP1014_2	5811821	5817064	color=b3b1b2
HistocapH88_CP069103	1394823	1400047	HistocapHISSP1014_2	939164	933948	color=b3b1b2
HistocapH88_CP069103	3011419	3016610	HistocapHISSP1014_2	2250116	2255420	color=b3b1b2
HistocapH88_CP069103	5861771	5866959	HistocapHISSP1014_2	3963888	3969088	color=b3b1b2
HistocapH88_CP069103	7938702	7943855	HistocapHISSP1014_2	5126924	5132020	color=b3b1b2
HistocapH88_CP069103	5010961	5016099	HistocapHISSP1014_2	3428426	3433563	color=b3b1b2
HistocapH88_CP069103	3859652	3864783	HistocapHISSP1014_2	2618317	2623450	color=b3b1b2
HistocapH88_CP069103	6618781	6623893	HistocapHISSP1014_2	4233277	4238346	color=b3b1b2
HistocapH88_CP069103	7683739	7688841	HistocapHISSP1014_2	4964421	4969554	color=b3b1b2
HistocapH88_CP069103	8126382	8131449	HistocapHISSP1014_2	5324715	5329781	color=b3b1b2
HistocapH88_CP069103	2163829	2168880	HistocapHISSP1014_2	1441174	1446224	color=b3b1b2
HistocapH88_CP069103	5381072	5386102	HistocapHISSP1014_2	3776001	3780981	color=b3b1b2
HistocapH88_CP069103	4510201	4515205	HistocapHISSP1014_2	3052434	3057414	color=b3b1b2
HistocapH88_CP069103	8134063	8139044	HistocapHISSP1014_2	5332687	5337673	color=b3b1b2
HistocapH88_CP069103	8580566	8585547	HistocapHISSP1014_2	5762639	5767650	color=b3b1b2
HistocapH88_CP069103	2954443	2959423	HistocapHISSP1014_2	2194930	2199931	color=b3b1b2
HistocapH88_CP069103	7394869	7399839	HistocapHISSP1014_2	4673009	4678010	color=b3b1b2
HistocapH88_CP069103	2058035	2062968	HistocapHISSP1014_2	1334741	1339678	color=b3b1b2
HistocapH88_CP069103	2990030	2994957	HistocapHISSP1014_2	2230519	2235626	color=b3b1b2
HistocapH88_CP069103	2561164	2566081	HistocapHISSP1014_2	1836678	1841611	color=b3b1b2
HistocapH88_CP069103	7770675	7775576	HistocapHISSP1014_2	5051509	5056409	color=b3b1b2
HistocapH88_CP069103	1500994	1505883	HistocapHISSP1014_2	946352	951246	color=b3b1b2
HistocapH88_CP069103	5195856	5200706	HistocapHISSP1014_2	3626898	3631810	color=b3b1b2
HistocapH88_CP069103	4025856	4030689	HistocapHISSP1014_2	2788762	2793637	color=b3b1b2
HistocapH88_CP069103	5048020	5052820	HistocapHISSP1014_2	3472888	3477702	color=b3b1b2
HistocapH88_CP069103	6497455	6502251	HistocapHISSP1014_2	4197976	4202785	color=b3b1b2
HistocapH88_CP069103	2556378	2561151	HistocapHISSP1014_2	1831763	1836577	color=b3b1b2
HistocapH88_CP069103	6808910	6813683	HistocapHISSP1014_2	4342901	4347658	color=b3b1b2
HistocapH88_CP069103	1389773	1394536	HistocapHISSP1014_2	868363	873115	color=b3b1b2
HistocapH88_CP069103	6836325	6841082	HistocapHISSP1014_2	4370791	4375534	color=b3b1b2
HistocapH88_CP069103	7993021	7997778	HistocapHISSP1014_2	5183973	5188739	color=b3b1b2
HistocapH88_CP069103	4758823	4763571	HistocapHISSP1014_2	3243787	3248507	color=b3b1b2
HistocapH88_CP069103	7354470	7359209	HistocapHISSP1014_2	4634282	4639012	color=b3b1b2
HistocapH88_CP069103	6634353	6639074	HistocapHISSP1014_2	4248355	4253099	color=b3b1b2
HistocapH88_CP069103	1996970	2001677	HistocapHISSP1014_2	1272727	1277478	color=b3b1b2
HistocapH88_CP069103	5419308	5424004	HistocapHISSP1014_2	3814442	3819123	color=b3b1b2
HistocapH88_CP069103	4861917	4866600	HistocapHISSP1014_2	3342034	3346720	color=b3b1b2
HistocapH88_CP069103	7983416	7988074	HistocapHISSP1014_2	5171628	5176286	color=b3b1b2
HistocapH88_CP069103	4546452	4551084	HistocapHISSP1014_2	3087710	3092372	color=b3b1b2
HistocapH88_CP069103	5447829	5452440	HistocapHISSP1014_2	3843040	3847648	color=b3b1b2
HistocapH88_CP069103	1374536	1379112	HistocapHISSP1014_2	855262	859863	color=b3b1b2
HistocapH88_CP069103	912598	917152	HistocapHISSP1014_2	458648	463218	color=b3b1b2
HistocapH88_CP069103	2566082	2570635	HistocapHISSP1014_2	1841751	1846337	color=b3b1b2
HistocapH88_CP069103	6435084	6439628	HistocapHISSP1014_2	4166414	4171011	color=b3b1b2
HistocapH88_CP069103	3171247	3175785	HistocapHISSP1014_2	2402676	2407220	color=b3b1b2
HistocapH88_CP069103	1084619	1089153	HistocapHISSP1014_2	632723	637261	color=b3b1b2
HistocapH88_CP069103	7974908	7979422	HistocapHISSP1014_2	5163080	5167593	color=b3b1b2
HistocapH88_CP069103	1818903	1823414	HistocapHISSP1014_2	1128462	1132915	color=b3b1b2
HistocapH88_CP069103	2664582	2669084	HistocapHISSP1014_2	1943498	1947978	color=b3b1b2
HistocapH88_CP069103	7380552	7385046	HistocapHISSP1014_2	4658799	4663333	color=b3b1b2
HistocapH88_CP069103	8331169	8335660	HistocapHISSP1014_2	5538609	5543081	color=b3b1b2
HistocapH88_CP069103	8067542	8071989	HistocapHISSP1014_2	5265299	5269812	color=b3b1b2
HistocapH88_CP069103	7446117	7450563	HistocapHISSP1014_2	4724843	4729356	color=b3b1b2
HistocapH88_CP069103	2682981	2687420	HistocapHISSP1014_2	1962656	1967120	color=b3b1b2
HistocapH88_CP069103	7529058	7533493	HistocapHISSP1014_2	4808624	4813066	color=b3b1b2
HistocapH88_CP069103	4332359	4336747	HistocapHISSP1014_2	2911958	2916447	color=b3b1b2
HistocapH88_CP069103	5334022	5338353	HistocapHISSP1014_2	3760876	3765218	color=b3b1b2
HistocapH88_CP069103	5185848	5190168	HistocapHISSP1014_2	3616070	3620505	color=b3b1b2
HistocapH88_CP069103	1350103	1354395	HistocapHISSP1014_2	836510	840777	color=b3b1b2
HistocapH88_CP069103	5443373	5447653	HistocapHISSP1014_2	3838659	3842939	color=b3b1b2
HistocapH88_CP069103	2233207	2237464	HistocapHISSP1014_2	1508486	1512748	color=b3b1b2
HistocapH88_CP069103	2016604	2020843	HistocapHISSP1014_2	1292426	1296658	color=b3b1b2
HistocapH88_CP069103	3156762	3160994	HistocapHISSP1014_2	2387776	2392009	color=b3b1b2
HistocapH88_CP069103	8171403	8175624	HistocapHISSP1014_2	5370880	5375066	color=b3b1b2
HistocapH88_CP069103	7766411	7770630	HistocapHISSP1014_2	5047196	5051408	color=b3b1b2
HistocapH88_CP069103	8650869	8655088	HistocapHISSP1014_2	5832472	5836866	color=b3b1b2
HistocapH88_CP069103	7966924	7971135	HistocapHISSP1014_2	5155272	5159426	color=b3b1b2
HistocapH88_CP069103	2578552	2582756	HistocapHISSP1014_2	1854402	1858610	color=b3b1b2
HistocapH88_CP069103	6397049	6401248	HistocapHISSP1014_2	4128038	4132263	color=b3b1b2
HistocapH88_CP069103	2669145	2673337	HistocapHISSP1014_2	1948087	1952242	color=b3b1b2
HistocapH88_CP069103	7276894	7281063	HistocapHISSP1014_2	4556171	4560399	color=b3b1b2
HistocapH88_CP069103	7961880	7966046	HistocapHISSP1014_2	5150190	5154351	color=b3b1b2
HistocapH88_CP069103	8111855	8116020	HistocapHISSP1014_2	5310015	5314222	color=b3b1b2
HistocapH88_CP069103	6931645	6935798	HistocapHISSP1014_2	4461452	4465599	color=b3b1b2
HistocapH88_CP069103	6089419	6093548	HistocapHISSP1014_2	4022107	4026233	color=b3b1b2
HistocapH88_CP069103	8187136	8191265	HistocapHISSP1014_2	5386647	5390791	color=b3b1b2
HistocapH88_CP069103	7957175	7961290	HistocapHISSP1014_2	5145594	5149731	color=b3b1b2
HistocapH88_CP069103	8548812	8552918	HistocapHISSP1014_2	5730710	5734816	color=b3b1b2
HistocapH88_CP069103	7347038	7351138	HistocapHISSP1014_2	4626672	4630728	color=b3b1b2
HistocapH88_CP069103	5061220	5065314	HistocapHISSP1014_2	3486577	3490670	color=b3b1b2
HistocapH88_CP069103	5556151	5560230	HistocapHISSP1014_2	3924502	3928552	color=b3b1b2
HistocapH88_CP069103	6774379	6778458	HistocapHISSP1014_2	4306962	4311035	color=b3b1b2
HistocapH88_CP069103	4063262	4067326	HistocapHISSP1014_2	2826783	2830857	color=b3b1b2
HistocapH88_CP069103	4732439	4736486	HistocapHISSP1014_2	3217456	3221560	color=b3b1b2
HistocapH88_CP069103	8005114	8009159	HistocapHISSP1014_2	5200948	5205048	color=b3b1b2
HistocapH88_CP069103	3964524	3968567	HistocapHISSP1014_2	2723814	2727836	color=b3b1b2
HistocapH88_CP069103	4083467	4087508	HistocapHISSP1014_2	2844704	2848703	color=b3b1b2
HistocapH88_CP069103	8290270	8294309	HistocapHISSP1014_2	5498898	5502938	color=b3b1b2
HistocapH88_CP069103	4021832	4025858	HistocapHISSP1014_2	2782227	2786268	color=b3b1b2
HistocapH88_CP069103	3183983	3188005	HistocapHISSP1014_2	2416889	2420916	color=b3b1b2
HistocapH88_CP069103	1024560	1028564	HistocapHISSP1014_2	571783	575775	color=b3b1b2
HistocapH88_CP069103	6050877	6054861	HistocapHISSP1014_2	4017454	4021435	color=b3b1b2
HistocapH88_CP069103	1368525	1372508	HistocapHISSP1014_2	849026	853005	color=b3b1b2
HistocapH88_CP069103	8203442	8207417	HistocapHISSP1014_2	5414625	5418568	color=b3b1b2
HistocapH88_CP069103	2463128	2467097	HistocapHISSP1014_2	1738315	1742338	color=b3b1b2
HistocapH88_CP069103	3950938	3954907	HistocapHISSP1014_2	2710425	2714381	color=b3b1b2
HistocapH88_CP069103	2063067	2067034	HistocapHISSP1014_2	1339679	1343645	color=b3b1b2
HistocapH88_CP069103	4480632	4484589	HistocapHISSP1014_2	3022674	3026658	color=b3b1b2
HistocapH88_CP069103	3227890	3231822	HistocapHISSP1014_2	2470753	2474693	color=b3b1b2
HistocapH88_CP069103	5107357	5111282	HistocapHISSP1014_2	3537312	3541359	color=b3b1b2
HistocapH88_CP069103	5425957	5429878	HistocapHISSP1014_2	3821302	3825226	color=b3b1b2
HistocapH88_CP069103	708835	712737	HistocapHISSP1014_2	304569	308533	color=b3b1b2
HistocapH88_CP069103	1221662	1225556	HistocapHISSP1014_2	769462	773331	color=b3b1b2
HistocapH88_CP069103	6412084	6415955	HistocapHISSP1014_2	4143079	4146951	color=b3b1b2
HistocapH88_CP069103	4966543	4970346	HistocapHISSP1014_2	3385094	3388901	color=b3b1b2
HistocapH88_CP069103	714243	718035	HistocapHISSP1014_2	309449	313247	color=b3b1b2
HistocapH88_CP069103	2602250	2606036	HistocapHISSP1014_2	1878415	1882213	color=b3b1b2
HistocapH88_CP069103	5319684	5323452	HistocapHISSP1014_2	3748004	3751723	color=b3b1b2
HistocapH88_CP069103	8602242	8606007	HistocapHISSP1014_2	5786044	5789791	color=b3b1b2
HistocapH88_CP069103	1603823	1607532	HistocapHISSP1014_2	1040118	1043842	color=b3b1b2
HistocapH88_CP069103	5452433	5456131	HistocapHISSP1014_2	3847749	3851488	color=b3b1b2
HistocapH88_CP069103	5065316	5068980	HistocapHISSP1014_2	3491721	3495374	color=b3b1b2
HistocapH88_CP069103	3832403	3836046	HistocapHISSP1014_2	2589123	2592746	color=b3b1b2
HistocapH88_CP069103	2490995	2494637	HistocapHISSP1014_2	1766017	1769666	color=b3b1b2
HistocapH88_CP069103	1105871	1109510	HistocapHISSP1014_2	653999	657632	color=b3b1b2
HistocapH88_CP069103	7560389	7564025	HistocapHISSP1014_2	4840374	4844056	color=b3b1b2
HistocapH88_CP069103	8637075	8640707	HistocapHISSP1014_2	5819155	5822787	color=b3b1b2
HistocapH88_CP069103	5202350	5205974	HistocapHISSP1014_2	3633722	3637389	color=b3b1b2
HistocapH88_CP069103	890950	894554	HistocapHISSP1014_2	437553	441159	color=b3b1b2
HistocapH88_CP069103	7979474	7983077	HistocapHISSP1014_2	5167702	5171305	color=b3b1b2
HistocapH88_CP069103	8535658	8539256	HistocapHISSP1014_2	5717318	5721065	color=b3b1b2
HistocapH88_CP069103	4624277	4627871	HistocapHISSP1014_2	3159631	3163248	color=b3b1b2
HistocapH88_CP069103	2818501	2822042	HistocapHISSP1014_2	2096083	2099628	color=b3b1b2
HistocapH88_CP069103	2337346	2340880	HistocapHISSP1014_2	1613476	1617055	color=b3b1b2
HistocapH88_CP069103	6842888	6846415	HistocapHISSP1014_2	4377171	4380668	color=b3b1b2
HistocapH88_CP069103	5948677	5952192	HistocapHISSP1014_2	4003790	4007298	color=b3b1b2
HistocapH88_CP069103	718022	721521	HistocapHISSP1014_2	313352	316914	color=b3b1b2
HistocapH88_CP069103	1780530	1783999	HistocapHISSP1014_2	1090159	1093710	color=b3b1b2
HistocapH88_CP069103	8685778	8689218	HistocapHISSP1014_2	5862281	5865686	color=b3b1b2
HistocapH88_CP069103	2962276	2965704	HistocapHISSP1014_2	2202925	2206347	color=b3b1b2
HistocapH88_CP069103	2835087	2838513	HistocapHISSP1014_2	2113568	2116946	color=b3b1b2
HistocapH88_CP069103	960794	964210	HistocapHISSP1014_2	507303	510695	color=b3b1b2
HistocapH88_CP069103	8518985	8522380	HistocapHISSP1014_2	5701998	5705380	color=b3b1b2
HistocapH88_CP069103	1400043	1403431	HistocapHISSP1014_2	933598	930190	color=b3b1b2
HistocapH88_CP069103	5490898	5494274	HistocapHISSP1014_2	3886868	3890251	color=b3b1b2
HistocapH88_CP069103	8183766	8187136	HistocapHISSP1014_2	5383145	5386529	color=b3b1b2
HistocapH88_CP069103	8207440	8210806	HistocapHISSP1014_2	5418721	5422082	color=b3b1b2
HistocapH88_CP069103	5104027	5107370	HistocapHISSP1014_2	3533852	3537211	color=b3b1b2
HistocapH88_CP069103	5499621	5502964	HistocapHISSP1014_2	3895897	3899245	color=b3b1b2
HistocapH88_CP069103	5945249	5948591	HistocapHISSP1014_2	4000410	4003795	color=b3b1b2
HistocapH88_CP069103	5487525	5490863	HistocapHISSP1014_2	3883466	3886767	color=b3b1b2
HistocapH88_CP069103	5113216	5116549	HistocapHISSP1014_2	3542898	3546346	color=b3b1b2
HistocapH88_CP069103	3038830	3042162	HistocapHISSP1014_2	2277899	2281233	color=b3b1b2
HistocapH88_CP069103	6401474	6404785	HistocapHISSP1014_2	4132256	4135557	color=b3b1b2
HistocapH88_CP069103	943524	946834	HistocapHISSP1014_2	489848	493150	color=b3b1b2
HistocapH88_CP069103	2054738	2058033	HistocapHISSP1014_2	1331358	1334624	color=b3b1b2
HistocapH88_CP069103	7624017	7627289	HistocapHISSP1014_2	4904160	4907470	color=b3b1b2
HistocapH88_CP069103	3097072	3100325	HistocapHISSP1014_2	2328959	2332202	color=b3b1b2
HistocapH88_CP069103	1750929	1754176	HistocapHISSP1014_2	1060663	1063925	color=b3b1b2
HistocapH88_CP069103	6439787	6443021	HistocapHISSP1014_2	4171009	4174246	color=b3b1b2
HistocapH88_CP069103	3188059	3191283	HistocapHISSP1014_2	2421110	2424344	color=b3b1b2
HistocapH88_CP069103	8607671	8610878	HistocapHISSP1014_2	5791941	5795165	color=b3b1b2
HistocapH88_CP069103	5085923	5089124	HistocapHISSP1014_2	3508982	3512207	color=b3b1b2
HistocapH88_CP069103	4866601	4869789	HistocapHISSP1014_2	3346945	3350132	color=b3b1b2
HistocapH88_CP069103	7281825	7285001	HistocapHISSP1014_2	4561021	4564200	color=b3b1b2
HistocapH88_CP069103	6770827	6773983	HistocapHISSP1014_2	4300610	4303767	color=b3b1b2
HistocapH88_CP069103	6310178	6313331	HistocapHISSP1014_2	4040725	4043877	color=b3b1b2
HistocapH88_CP069103	4856230	4859376	HistocapHISSP1014_2	3336361	3339502	color=b3b1b2
HistocapH88_CP069103	4541000	4544130	HistocapHISSP1014_2	3081952	3085084	color=b3b1b2
HistocapH88_CP069103	5191462	5194569	HistocapHISSP1014_2	3622154	3625345	color=b3b1b2
HistocapH88_CP069103	5874113	5877213	HistocapHISSP1014_2	3976539	3979741	color=b3b1b2
HistocapH88_CP069103	5126021	5129117	HistocapHISSP1014_2	3555842	3558920	color=b3b1b2
HistocapH88_CP069103	1202610	1205700	HistocapHISSP1014_2	750235	753312	color=b3b1b2
HistocapH88_CP069103	4011690	4014773	HistocapHISSP1014_2	2771827	2774918	color=b3b1b2
HistocapH88_CP069103	3260942	3264022	HistocapHISSP1014_2	2504851	2508051	color=b3b1b2
HistocapH88_CP069103	5877741	5880803	HistocapHISSP1014_2	3980479	3983560	color=b3b1b2
HistocapH88_CP069103	3007920	3010976	HistocapHISSP1014_2	2246882	2249976	color=b3b1b2
HistocapH88_CP069103	4515205	4518246	HistocapHISSP1014_2	3057515	3060554	color=b3b1b2
HistocapH88_CP069103	2687426	2690442	HistocapHISSP1014_2	1967221	1970240	color=b3b1b2
HistocapH88_CP069103	7487098	7490106	HistocapHISSP1014_2	4765968	4768999	color=b3b1b2
HistocapH88_CP069103	6459707	6462712	HistocapHISSP1014_2	4191139	4194183	color=b3b1b2
HistocapH88_CP069103	3133379	3136380	HistocapHISSP1014_2	2364173	2367177	color=b3b1b2
HistocapH88_CP069103	5858167	5861165	HistocapHISSP1014_2	3960112	3963104	color=b3b1b2
HistocapH88_CP069103	2032075	2035064	HistocapHISSP1014_2	1308298	1311297	color=b3b1b2
HistocapH88_CP069103	917470	920426	HistocapHISSP1014_2	463319	466266	color=b3b1b2
HistocapH88_CP069103	8515955	8518910	HistocapHISSP1014_2	5698884	5701894	color=b3b1b2
HistocapH88_CP069103	4729079	4732029	HistocapHISSP1014_2	3214406	3217356	color=b3b1b2
HistocapH88_CP069103	4878591	4881522	HistocapHISSP1014_2	3358937	3361872	color=b3b1b2
HistocapH88_CP069103	3970715	3973589	HistocapHISSP1014_2	2730250	2733127	color=b3b1b2
HistocapH88_CP069103	845350	848201	HistocapHISSP1014_2	391725	394618	color=b3b1b2
HistocapH88_CP069103	7971166	7974010	HistocapHISSP1014_2	5159539	5162361	color=b3b1b2
HistocapH88_CP069103	4655387	4658207	HistocapHISSP1014_2	3191181	3193995	color=b3b1b2
HistocapH88_CP069103	1904609	1907426	HistocapHISSP1014_2	1179047	1181778	color=b3b1b2
HistocapH88_CP069103	6863114	6865914	HistocapHISSP1014_2	4397603	4400426	color=b3b1b2
HistocapH88_CP069103	7544378	7547177	HistocapHISSP1014_2	4824294	4827135	color=b3b1b2
HistocapH88_CP069103	2959445	2962242	HistocapHISSP1014_2	2200056	2202822	color=b3b1b2
HistocapH88_CP069103	5037834	5040622	HistocapHISSP1014_2	3455647	3458500	color=b3b1b2
HistocapH88_CP069103	2103593	2106380	HistocapHISSP1014_2	1380806	1383614	color=b3b1b2
HistocapH88_CP069103	1495595	1498373	HistocapHISSP1014_2	941159	943922	color=b3b1b2
HistocapH88_CP069103	2175827	2178601	HistocapHISSP1014_2	1447508	1450308	color=b3b1b2
HistocapH88_CP069103	1944641	1947396	HistocapHISSP1014_2	1220064	1222837	color=b3b1b2
HistocapH88_CP069103	4310908	4313658	HistocapHISSP1014_2	2889982	2892802	color=b3b1b2
HistocapH88_CP069103	8151834	8154583	HistocapHISSP1014_2	5350753	5353595	color=b3b1b2
HistocapH88_CP069103	4891121	4893836	HistocapHISSP1014_2	3369548	3372348	color=b3b1b2
HistocapH88_CP069103	731238	733944	HistocapHISSP1014_2	326922	329592	color=b3b1b2
HistocapH88_CP069103	8131470	8134166	HistocapHISSP1014_2	5329888	5332583	color=b3b1b2
HistocapH88_CP069103	7291094	7293751	HistocapHISSP1014_2	4570698	4573365	color=b3b1b2
HistocapH88_CP069103	1037711	1040364	HistocapHISSP1014_2	585090	587804	color=b3b1b2
HistocapH88_CP069103	2217682	2220328	HistocapHISSP1014_2	1492811	1495472	color=b3b1b2
HistocapH88_CP069103	7344365	7347009	HistocapHISSP1014_2	4623684	4626353	color=b3b1b2
HistocapH88_CP069103	705121	707762	HistocapHISSP1014_2	300559	303223	color=b3b1b2
HistocapH88_CP069103	5456231	5458866	HistocapHISSP1014_2	3851589	3854215	color=b3b1b2
HistocapH88_CP069103	6591071	6593706	HistocapHISSP1014_2	4205150	4207757	color=b3b1b2
HistocapH88_CP069103	7087831	7090464	HistocapHISSP1014_2	4468626	4465987	color=b3b1b2
HistocapH88_CP069103	8674853	8677482	HistocapHISSP1014_2	5851685	5854316	color=b3b1b2
HistocapH88_CP069103	5459973	5462584	HistocapHISSP1014_2	3855875	3858501	color=b3b1b2
HistocapH88_CP069103	7541766	7544375	HistocapHISSP1014_2	4821576	4824187	color=b3b1b2
HistocapH88_CP069103	7498483	7501063	HistocapHISSP1014_2	4777789	4780371	color=b3b1b2
HistocapH88_CP069103	1336846	1339422	HistocapHISSP1014_2	821621	824201	color=b3b1b2
HistocapH88_CP069103	5042810	5045369	HistocapHISSP1014_2	3467603	3470159	color=b3b1b2
HistocapH88_CP069103	3809359	3811915	HistocapHISSP1014_2	2586579	2589126	color=b3b1b2
HistocapH88_CP069103	6889267	6891805	HistocapHISSP1014_2	4424189	4426722	color=b3b1b2
HistocapH88_CP069103	4853697	4856226	HistocapHISSP1014_2	3333651	3336162	color=b3b1b2
HistocapH88_CP069103	1184963	1187477	HistocapHISSP1014_2	732064	734539	color=b3b1b2
HistocapH88_CP069103	3223671	3226183	HistocapHISSP1014_2	2457076	2459594	color=b3b1b2
HistocapH88_CP069103	8655185	8657695	HistocapHISSP1014_2	5836872	5839434	color=b3b1b2
HistocapH88_CP069103	5045418	5047922	HistocapHISSP1014_2	3470260	3472787	color=b3b1b2
HistocapH88_CP069103	1307762	1310254	HistocapHISSP1014_2	791950	794441	color=b3b1b2
HistocapH88_CP069103	1403732	1406185	HistocapHISSP1014_2	930089	927652	color=b3b1b2
HistocapH88_CP069103	5341843	5344284	HistocapHISSP1014_2	3769092	3771538	color=b3b1b2
HistocapH88_CP069103	8689558	8691990	HistocapHISSP1014_2	5866972	5869416	color=b3b1b2
HistocapH88_CP069103	3991238	3993668	HistocapHISSP1014_2	2750980	2753426	color=b3b1b2
HistocapH88_CP069103	7359246	7361673	HistocapHISSP1014_2	4639114	4641561	color=b3b1b2
HistocapH88_CP069103	5205928	5208332	HistocapHISSP1014_2	3637503	3639921	color=b3b1b2
HistocapH88_CP069103	2230792	2233178	HistocapHISSP1014_2	1506004	1508381	color=b3b1b2
HistocapH88_CP069103	4859541	4861917	HistocapHISSP1014_2	3339506	3341863	color=b3b1b2
HistocapH88_CP069103	4081148	4083485	HistocapHISSP1014_2	2842257	2844603	color=b3b1b2
HistocapH88_CP069103	721628	723965	HistocapHISSP1014_2	317015	319395	color=b3b1b2
HistocapH88_CP069103	4544127	4546449	HistocapHISSP1014_2	3085185	3087505	color=b3b1b2
HistocapH88_CP069103	4602282	4604598	HistocapHISSP1014_2	3144122	3146438	color=b3b1b2
HistocapH88_CP069103	7351190	7353503	HistocapHISSP1014_2	4630829	4633161	color=b3b1b2
HistocapH88_CP069103	7483797	7486097	HistocapHISSP1014_2	4762443	4764768	color=b3b1b2
HistocapH88_CP069103	4474084	4476379	HistocapHISSP1014_2	3013871	3016232	color=b3b1b2
HistocapH88_CP069103	4736489	4738730	HistocapHISSP1014_2	3221661	3223906	color=b3b1b2
HistocapH88_CP069103	3131090	3133330	HistocapHISSP1014_2	2361818	2364070	color=b3b1b2
HistocapH88_CP069103	702841	705054	HistocapHISSP1014_2	298252	300445	color=b3b1b2
HistocapH88_CP069103	2626634	2628831	HistocapHISSP1014_2	1904291	1906496	color=b3b1b2
HistocapH88_CP069103	3488465	3490661	HistocapHISSP1014_2	2532368	2530172	color=b3b1b2
HistocapH88_CP069103	835804	838000	HistocapHISSP1014_2	382024	384210	color=b3b1b2
HistocapH88_CP069103	2101424	2103607	HistocapHISSP1014_2	1378485	1380702	color=b3b1b2
HistocapH88_CP069103	4067314	4069477	HistocapHISSP1014_2	2830958	2833135	color=b3b1b2
HistocapH88_CP069103	8278576	8280727	HistocapHISSP1014_2	5487598	5489757	color=b3b1b2
HistocapH88_CP069103	3968567	3970713	HistocapHISSP1014_2	2727951	2730137	color=b3b1b2
HistocapH88_CP069103	1293728	1295869	HistocapHISSP1014_2	777676	779815	color=b3b1b2
HistocapH88_CP069103	2994976	2997116	HistocapHISSP1014_2	2235727	2237874	color=b3b1b2
HistocapH88_CP069103	6929517	6931652	HistocapHISSP1014_2	4459229	4461351	color=b3b1b2
HistocapH88_CP069103	8191251	8193382	HistocapHISSP1014_2	5390892	5393021	color=b3b1b2
HistocapH88_CP069103	4476455	4478563	HistocapHISSP1014_2	3016333	3018493	color=b3b1b2
HistocapH88_CP069103	5338387	5340487	HistocapHISSP1014_2	3765335	3767432	color=b3b1b2
HistocapH88_CP069103	5346628	5348714	HistocapHISSP1014_2	3773806	3775896	color=b3b1b2
HistocapH88_CP069103	7399865	7401951	HistocapHISSP1014_2	4678279	4680356	color=b3b1b2
HistocapH88_CP069103	986588	988670	HistocapHISSP1014_2	533203	535283	color=b3b1b2
HistocapH88_CP069103	5215475	5217551	HistocapHISSP1014_2	3647371	3649449	color=b3b1b2
HistocapH88_CP069103	4315052	4317115	HistocapHISSP1014_2	2894296	2896362	color=b3b1b2
HistocapH88_CP069103	7378298	7380336	HistocapHISSP1014_2	4656653	4658692	color=b3b1b2
HistocapH88_CP069103	5959792	5961827	HistocapHISSP1014_2	4015315	4017380	color=b3b1b2
HistocapH88_CP069103	4869791	4871820	HistocapHISSP1014_2	3350253	3352285	color=b3b1b2
HistocapH88_CP069103	1372518	1374534	HistocapHISSP1014_2	853106	855152	color=b3b1b2
HistocapH88_CP069103	4739008	4741024	HistocapHISSP1014_2	3223902	3225926	color=b3b1b2
HistocapH88_CP069103	1836626	1838632	HistocapHISSP1014_2	1146646	1148652	color=b3b1b2
HistocapH88_CP069103	4658207	4660195	HistocapHISSP1014_2	3194109	3196133	color=b3b1b2
HistocapH88_CP069103	4413261	4415244	HistocapHISSP1014_2	2965659	2967646	color=b3b1b2
HistocapH88_CP069103	2543569	2545541	HistocapHISSP1014_2	1818709	1820687	color=b3b1b2
HistocapH88_CP069103	1832855	1834818	HistocapHISSP1014_2	1142704	1144700	color=b3b1b2
HistocapH88_CP069103	5344672	5346579	HistocapHISSP1014_2	3771643	3773636	color=b3b1b2
HistocapH88_CP069103	6502265	6504172	HistocapHISSP1014_2	4202886	4204877	color=b3b1b2
HistocapH88_CP069103	3231885	3233785	HistocapHISSP1014_2	2474794	2476786	color=b3b1b2
HistocapH88_CP069103	1918272	1920162	HistocapHISSP1014_2	1192863	1194792	color=b3b1b2
HistocapH88_CP069103	7270736	7272626	HistocapHISSP1014_2	4550173	4552046	color=b3b1b2
HistocapH88_CP069103	4431727	4433616	HistocapHISSP1014_2	2984317	2986203	color=b3b1b2
HistocapH88_CP069103	8514067	8515952	HistocapHISSP1014_2	5696812	5698692	color=b3b1b2
HistocapH88_CP069103	1182596	1184474	HistocapHISSP1014_2	729132	731001	color=b3b1b2
HistocapH88_CP069103	7564180	7566052	HistocapHISSP1014_2	4844237	4846040	color=b3b1b2
HistocapH88_CP069103	7764539	7766411	HistocapHISSP1014_2	5045160	5047034	color=b3b1b2
HistocapH88_CP069103	7495448	7497302	HistocapHISSP1014_2	4774572	4776471	color=b3b1b2
HistocapH88_CP069103	2582756	2584609	HistocapHISSP1014_2	1858723	1860556	color=b3b1b2
HistocapH88_CP069103	8323500	8325346	HistocapHISSP1014_2	5530571	5532496	color=b3b1b2
HistocapH88_CP069103	2215393	2217230	HistocapHISSP1014_2	1490816	1492681	color=b3b1b2
HistocapH88_CP069103	2487973	2489786	HistocapHISSP1014_2	1762802	1764597	color=b3b1b2
HistocapH88_CP069103	1103862	1105630	HistocapHISSP1014_2	652130	653898	color=b3b1b2
HistocapH88_CP069103	4843853	4845617	HistocapHISSP1014_2	3323490	3325254	color=b3b1b2
HistocapH88_CP069103	7558651	7560393	HistocapHISSP1014_2	4838613	4840343	color=b3b1b2
HistocapH88_CP069103	1834902	1836643	HistocapHISSP1014_2	1144804	1146545	color=b3b1b2
HistocapH88_CP069103	8347669	8349409	HistocapHISSP1014_2	5555204	5556950	color=b3b1b2
HistocapH88_CP069103	2475386	2477117	HistocapHISSP1014_2	1750851	1752605	color=b3b1b2
HistocapH88_CP069103	2830759	2832480	HistocapHISSP1014_2	2108847	2110578	color=b3b1b2
HistocapH88_CP069103	8605967	8607664	HistocapHISSP1014_2	5790016	5791726	color=b3b1b2
HistocapH88_CP069103	7988963	7990658	HistocapHISSP1014_2	5177386	5179118	color=b3b1b2
HistocapH88_CP069103	7391143	7392837	HistocapHISSP1014_2	4669570	4671285	color=b3b1b2
HistocapH88_CP069103	6902485	6904171	HistocapHISSP1014_2	4435615	4437299	color=b3b1b2
HistocapH88_CP069103	7775572	7777229	HistocapHISSP1014_2	5056664	5058343	color=b3b1b2
HistocapH88_CP069103	7681988	7683643	HistocapHISSP1014_2	4962645	4964320	color=b3b1b2
HistocapH88_CP069103	3226181	3227834	HistocapHISSP1014_2	2469043	2470649	color=b3b1b2
HistocapH88_CP069103	6495763	6497416	HistocapHISSP1014_2	4196158	4197839	color=b3b1b2
HistocapH88_CP069103	7762839	7764488	HistocapHISSP1014_2	5043401	5045059	color=b3b1b2
HistocapH88_CP069103	772453	774101	HistocapHISSP1014_2	368245	369904	color=b3b1b2
HistocapH88_CP069103	6784327	6785961	HistocapHISSP1014_2	4316876	4318511	color=b3b1b2
HistocapH88_CP069103	7393221	7394851	HistocapHISSP1014_2	4671279	4672908	color=b3b1b2
HistocapH88_CP069103	3136386	3138012	HistocapHISSP1014_2	2367282	2368943	color=b3b1b2
HistocapH88_CP069103	2478537	2480149	HistocapHISSP1014_2	1752816	1754444	color=b3b1b2
HistocapH88_CP069103	1022923	1024533	HistocapHISSP1014_2	570024	571680	color=b3b1b2
HistocapH88_CP069103	5200731	5202325	HistocapHISSP1014_2	3632013	3633621	color=b3b1b2
HistocapH88_CP069103	1327319	1328909	HistocapHISSP1014_2	811709	813310	color=b3b1b2
HistocapH88_CP069103	1328911	1330496	HistocapHISSP1014_2	813427	815027	color=b3b1b2
HistocapH88_CP069103	4472522	4474087	HistocapHISSP1014_2	3012117	3013698	color=b3b1b2
HistocapH88_CP069103	7589176	7590741	HistocapHISSP1014_2	4869118	4870691	color=b3b1b2
HistocapH88_CP069103	5102222	5103780	HistocapHISSP1014_2	3532053	3533620	color=b3b1b2
HistocapH88_CP069103	8238390	8239948	HistocapHISSP1014_2	5446898	5448458	color=b3b1b2
HistocapH88_CP069103	2099743	2101294	HistocapHISSP1014_2	1376957	1378489	color=b3b1b2
HistocapH88_CP069103	8103438	8104978	HistocapHISSP1014_2	5301310	5302866	color=b3b1b2
HistocapH88_CP069103	6313421	6314951	HistocapHISSP1014_2	4044064	4045566	color=b3b1b2
HistocapH88_CP069103	7321138	7322659	HistocapHISSP1014_2	4601015	4602522	color=b3b1b2
HistocapH88_CP069103	894563	896077	HistocapHISSP1014_2	441261	442774	color=b3b1b2
HistocapH88_CP069103	8182273	8183782	HistocapHISSP1014_2	5381560	5383044	color=b3b1b2
HistocapH88_CP069103	2681465	2682973	HistocapHISSP1014_2	1961049	1962555	color=b3b1b2
HistocapH88_CP069103	3989742	3991237	HistocapHISSP1014_2	2749366	2750862	color=b3b1b2
HistocapH88_CP069103	4896029	4897523	HistocapHISSP1014_2	3374752	3376255	color=b3b1b2
HistocapH88_CP069103	4845970	4847460	HistocapHISSP1014_2	3325853	3327341	color=b3b1b2
HistocapH88_CP069103	2246809	2248296	HistocapHISSP1014_2	1522710	1524207	color=b3b1b2
HistocapH88_CP069103	1089248	1090732	HistocapHISSP1014_2	637364	638814	color=b3b1b2
HistocapH88_CP069103	2606052	2607531	HistocapHISSP1014_2	1882345	1883823	color=b3b1b2
HistocapH88_CP069103	2841513	2842981	HistocapHISSP1014_2	2119145	2120674	color=b3b1b2
HistocapH88_CP069103	6799100	6800568	HistocapHISSP1014_2	4331854	4333321	color=b3b1b2
HistocapH88_CP069103	5856798	5858256	HistocapHISSP1014_2	3958537	3959973	color=b3b1b2
HistocapH88_CP069103	1460080	1461537	HistocapHISSP1014_2	939175	940640	color=b3b1b2
HistocapH88_CP069103	5526576	5528029	HistocapHISSP1014_2	3913682	3915132	color=b3b1b2
HistocapH88_CP069103	2828818	2830257	HistocapHISSP1014_2	2106690	2108129	color=b3b1b2
HistocapH88_CP069103	4741193	4742632	HistocapHISSP1014_2	3225924	3227426	color=b3b1b2
HistocapH88_CP069103	6841103	6842538	HistocapHISSP1014_2	4375635	4377069	color=b3b1b2
HistocapH88_CP069103	7376443	7377873	HistocapHISSP1014_2	4655125	4656552	color=b3b1b2
HistocapH88_CP069103	2372989	2374408	HistocapHISSP1014_2	1643395	1644858	color=b3b1b2
HistocapH88_CP069103	1236642	1238049	HistocapHISSP1014_2	773330	774725	color=b3b1b2
HistocapH88_CP069103	2832569	2833973	HistocapHISSP1014_2	2110763	2112191	color=b3b1b2
HistocapH88_CP069103	4330739	4332132	HistocapHISSP1014_2	2910549	2911958	color=b3b1b2
HistocapH88_CP069103	3890829	3892219	HistocapHISSP1014_2	2649806	2651230	color=b3b1b2
HistocapH88_CP069103	5089883	5091271	HistocapHISSP1014_2	3513281	3514671	color=b3b1b2
HistocapH88_CP069103	1292309	1293694	HistocapHISSP1014_2	776187	777575	color=b3b1b2
HistocapH88_CP069103	1458372	1459753	HistocapHISSP1014_2	875458	874077	color=b3b1b2
HistocapH88_CP069103	1361149	1362526	HistocapHISSP1014_2	841277	842676	color=b3b1b2
HistocapH88_CP069103	1041565	1042928	HistocapHISSP1014_2	589356	590724	color=b3b1b2
HistocapH88_CP069103	8657966	8659311	HistocapHISSP1014_2	5839433	5840751	color=b3b1b2
HistocapH88_CP069103	750580	751918	HistocapHISSP1014_2	346470	347804	color=b3b1b2
HistocapH88_CP069103	7402358	7403684	HistocapHISSP1014_2	4680457	4681781	color=b3b1b2
HistocapH88_CP069103	4518230	4519535	HistocapHISSP1014_2	3060655	3061954	color=b3b1b2
HistocapH88_CP069103	4313688	4314979	HistocapHISSP1014_2	2892911	2894192	color=b3b1b2
HistocapH88_CP069103	4478622	4479912	HistocapHISSP1014_2	3018597	3019889	color=b3b1b2
HistocapH88_CP069103	2186589	2187877	HistocapHISSP1014_2	1461785	1463000	color=b3b1b2
HistocapH88_CP069103	1050886	1052173	HistocapHISSP1014_2	599096	600392	color=b3b1b2
HistocapH88_CP069103	8193384	8194668	HistocapHISSP1014_2	5393140	5394440	color=b3b1b2
HistocapH88_CP069103	5190045	5191324	HistocapHISSP1014_2	3620650	3621923	color=b3b1b2
HistocapH88_CP069103	4601002	4602270	HistocapHISSP1014_2	3142765	3144021	color=b3b1b2
HistocapH88_CP069103	6433718	6434986	HistocapHISSP1014_2	4165062	4166310	color=b3b1b2
HistocapH88_CP069103	5158638	5159901	HistocapHISSP1014_2	3588654	3589918	color=b3b1b2
HistocapH88_CP069103	7990934	7992195	HistocapHISSP1014_2	5181691	5182953	color=b3b1b2
HistocapH88_CP069103	2220330	2221583	HistocapHISSP1014_2	1495614	1496871	color=b3b1b2
HistocapH88_CP069103	8601118	8602363	HistocapHISSP1014_2	5784655	5785898	color=b3b1b2
HistocapH88_CP069103	8260093	8261329	HistocapHISSP1014_2	5468818	5470050	color=b3b1b2
HistocapH88_CP069103	4842498	4843729	HistocapHISSP1014_2	3322165	3323388	color=b3b1b2
HistocapH88_CP069103	5590575	5591804	HistocapHISSP1014_2	3935051	3936292	color=b3b1b2
HistocapH88_CP069103	1823414	1824639	HistocapHISSP1014_2	1133026	1134253	color=b3b1b2
HistocapH88_CP069103	2162427	2163644	HistocapHISSP1014_2	1439959	1441177	color=b3b1b2
HistocapH88_CP069103	6762353	6763568	HistocapHISSP1014_2	4291993	4293226	color=b3b1b2
HistocapH88_CP069103	2489780	2490993	HistocapHISSP1014_2	1764698	1765916	color=b3b1b2
HistocapH88_CP069103	5522120	5523329	HistocapHISSP1014_2	3910349	3911578	color=b3b1b2
HistocapH88_CP069103	7874762	7875970	HistocapHISSP1014_2	5125651	5126859	color=b3b1b2
HistocapH88_CP069103	5093496	5094698	HistocapHISSP1014_2	3517397	3518617	color=b3b1b2
HistocapH88_CP069103	988682	989871	HistocapHISSP1014_2	535389	536574	color=b3b1b2
HistocapH88_CP069103	4020660	4021847	HistocapHISSP1014_2	2780939	2782126	color=b3b1b2
HistocapH88_CP069103	4793173	4794347	HistocapHISSP1014_2	3276819	3277996	color=b3b1b2
HistocapH88_CP069103	1123366	1124513	HistocapHISSP1014_2	671457	672599	color=b3b1b2
HistocapH88_CP069103	8592145	8593292	HistocapHISSP1014_2	5775342	5776502	color=b3b1b2
HistocapH88_CP069103	2401905	2403040	HistocapHISSP1014_2	1675584	1676685	color=b3b1b2
HistocapH88_CP069103	3919656	3920789	HistocapHISSP1014_2	2678618	2679790	color=b3b1b2
HistocapH88_CP069103	1824670	1825801	HistocapHISSP1014_2	1134357	1135483	color=b3b1b2
HistocapH88_CP069103	3170135	3171266	HistocapHISSP1014_2	2401444	2402575	color=b3b1b2
HistocapH88_CP069103	4897525	4898645	HistocapHISSP1014_2	3376367	3377497	color=b3b1b2
HistocapH88_CP069103	8150715	8151832	HistocapHISSP1014_2	5349535	5350652	color=b3b1b2
HistocapH88_CP069103	5458862	5459969	HistocapHISSP1014_2	3854549	3855670	color=b3b1b2
HistocapH88_CP069103	1498423	1499525	HistocapHISSP1014_2	944023	945129	color=b3b1b2
HistocapH88_CP069103	8039188	8040284	HistocapHISSP1014_2	5236767	5237866	color=b3b1b2
HistocapH88_CP069103	6389613	6390707	HistocapHISSP1014_2	4120841	4121959	color=b3b1b2
HistocapH88_CP069103	7064170	7065264	HistocapHISSP1014_2	4458966	4457871	color=b3b1b2
HistocapH88_CP069103	5944156	5945249	HistocapHISSP1014_2	3999058	4000165	color=b3b1b2
HistocapH88_CP069103	4777420	4778508	HistocapHISSP1014_2	835241	836335	color=b3b1b2
HistocapH88_CP069103	7497306	7498392	HistocapHISSP1014_2	4776589	4777688	color=b3b1b2
HistocapH88_CP069103	6800615	6801695	HistocapHISSP1014_2	4333425	4334509	color=b3b1b2
HistocapH88_CP069103	4792077	4793148	HistocapHISSP1014_2	3275610	3276714	color=b3b1b2
HistocapH88_CP069103	5239416	5240468	HistocapHISSP1014_2	3666593	3667645	color=b3b1b2
HistocapH88_CP069103	5091305	5092355	HistocapHISSP1014_2	3514772	3515828	color=b3b1b2
HistocapH88_CP069103	2174774	2175820	HistocapHISSP1014_2	1446325	1447377	color=b3b1b2
HistocapH88_CP069103	4893835	4894880	HistocapHISSP1014_2	3372383	3373445	color=b3b1b2
HistocapH88_CP069103	8421638	8422679	HistocapHISSP1014_2	5585400	5586473	color=b3b1b2
HistocapH88_CP069103	6866071	6867102	HistocapHISSP1014_2	4400428	4401469	color=b3b1b2
HistocapH88_CP069103	8004119	8005144	HistocapHISSP1014_2	5199822	5200847	color=b3b1b2
HistocapH88_CP069103	1499536	1500559	HistocapHISSP1014_2	945249	946287	color=b3b1b2
HistocapH88_CP069103	707816	708828	HistocapHISSP1014_2	303439	304468	color=b3b1b2
