HistocapES286Z_2	4922096	4947333	HistomissSECH83_2	4145834	4170886	color=b3b1b2
HistocapES286Z_2	2762483	2783355	HistomissSECH83_2	2258381	2279271	color=b3b1b2
HistocapES286Z_2	1499433	1519421	HistomissSECH83_2	1210692	1230675	color=b3b1b2
HistocapES286Z_2	5472117	5491653	HistomissSECH83_2	4566913	4586433	color=b3b1b2
HistocapES286Z_2	5109391	5128572	HistomissSECH83_2	4335173	4354350	color=b3b1b2
HistocapES286Z_2	5079871	5097546	HistomissSECH83_2	4304977	4322657	color=b3b1b2
HistocapES286Z_2	2914008	2931649	HistomissSECH83_2	2365672	2383353	color=b3b1b2
HistocapES286Z_2	3301232	3317639	HistomissSECH83_2	2647484	2663927	color=b3b1b2
HistocapES286Z_2	1438938	1454129	HistomissSECH83_2	1144729	1160044	color=b3b1b2
HistocapES286Z_2	1365997	1381106	HistomissSECH83_2	1057574	1072616	color=b3b1b2
HistocapES286Z_2	5491936	5506510	HistomissSECH83_2	4587033	4601711	color=b3b1b2
HistocapES286Z_2	1028086	1042658	HistomissSECH83_2	855490	870024	color=b3b1b2
HistocapES286Z_2	5582954	5596989	HistomissSECH83_2	4673422	4687601	color=b3b1b2
HistocapES286Z_2	888870	902724	HistomissSECH83_2	778731	792699	color=b3b1b2
HistocapES286Z_2	5723057	5736728	HistomissSECH83_2	4857053	4870803	color=b3b1b2
HistocapES286Z_2	2729809	2743456	HistomissSECH83_2	2233014	2246638	color=b3b1b2
HistocapES286Z_2	171503	184976	HistomissSECH83_2	191780	205291	color=b3b1b2
HistocapES286Z_2	5607438	5620872	HistomissSECH83_2	4706538	4720095	color=b3b1b2
HistocapES286Z_2	3184366	3197677	HistomissSECH83_2	2548166	2561463	color=b3b1b2
HistocapES286Z_2	3819790	3832719	HistomissSECH83_2	3134235	3147151	color=b3b1b2
HistocapES286Z_2	2369006	2381918	HistomissSECH83_2	2050066	2062894	color=b3b1b2
HistocapES286Z_2	5900235	5912777	HistomissSECH83_2	5095088	5107596	color=b3b1b2
HistocapES286Z_2	129957	142200	HistomissSECH83_2	146633	158875	color=b3b1b2
HistocapES286Z_2	5545061	5557274	HistomissSECH83_2	4634256	4646313	color=b3b1b2
HistocapES286Z_2	3780754	3792866	HistomissSECH83_2	3096797	3108801	color=b3b1b2
HistocapES286Z_2	4722716	4734302	HistomissSECH83_2	3951007	3962459	color=b3b1b2
HistocapES286Z_2	3686544	3697805	HistomissSECH83_2	3003008	3014336	color=b3b1b2
HistocapES286Z_2	3879995	3891167	HistomissSECH83_2	3201758	3213028	color=b3b1b2
HistocapES286Z_2	3969470	3980603	HistomissSECH83_2	3301098	3312329	color=b3b1b2
HistocapES286Z_2	1605388	1616421	HistomissSECH83_2	1313002	1324083	color=b3b1b2
HistocapES286Z_2	1756776	1767706	HistomissSECH83_2	1474778	1485639	color=b3b1b2
HistocapES286Z_2	3444114	3454885	HistomissSECH83_2	2755995	2766817	color=b3b1b2
HistocapES286Z_2	4711838	4722582	HistomissSECH83_2	3940155	3950988	color=b3b1b2
HistocapES286Z_2	914679	925343	HistomissSECH83_2	806639	817316	color=b3b1b2
HistocapES286Z_2	1470125	1480658	HistomissSECH83_2	1176573	1187013	color=b3b1b2
HistocapES286Z_2	3256703	3267204	HistomissSECH83_2	2598791	2609346	color=b3b1b2
HistocapES286Z_2	5238332	5248830	HistomissSECH83_2	4404933	4415386	color=b3b1b2
HistocapES286Z_2	2707979	2718441	HistomissSECH83_2	2213493	2223996	color=b3b1b2
HistocapES286Z_2	2115390	2125809	HistomissSECH83_2	1779866	1790260	color=b3b1b2
HistocapES286Z_2	3011700	3022047	HistomissSECH83_2	2480012	2490451	color=b3b1b2
HistocapES286Z_2	5803116	5813440	HistomissSECH83_2	4960017	4970280	color=b3b1b2
HistocapES286Z_2	4023401	4033696	HistomissSECH83_2	3366995	3377306	color=b3b1b2
HistocapES286Z_2	773853	784130	HistomissSECH83_2	684115	694395	color=b3b1b2
HistocapES286Z_2	1917630	1927884	HistomissSECH83_2	1612770	1623063	color=b3b1b2
HistocapES286Z_2	2057257	2067476	HistomissSECH83_2	1728538	1738796	color=b3b1b2
HistocapES286Z_2	1594567	1604602	HistomissSECH83_2	1302146	1312139	color=b3b1b2
HistocapES286Z_2	5698781	5708772	HistomissSECH83_2	4798875	4808905	color=b3b1b2
HistocapES286Z_2	1138628	1148587	HistomissSECH83_2	983441	993476	color=b3b1b2
HistocapES286Z_2	3804203	3814062	HistomissSECH83_2	3118482	3128191	color=b3b1b2
HistocapES286Z_2	5059875	5069713	HistomissSECH83_2	4286513	4296314	color=b3b1b2
HistocapES286Z_2	4263829	4273578	HistomissSECH83_2	3574550	3584285	color=b3b1b2
HistocapES286Z_2	233834	243529	HistomissSECH83_2	219281	229017	color=b3b1b2
HistocapES286Z_2	3649054	3658725	HistomissSECH83_2	2976019	2985709	color=b3b1b2
HistocapES286Z_2	4801179	4810798	HistomissSECH83_2	4020939	4030530	color=b3b1b2
HistocapES286Z_2	4494828	4504370	HistomissSECH83_2	3835531	3845171	color=b3b1b2
HistocapES286Z_2	760326	769851	HistomissSECH83_2	669001	678521	color=b3b1b2
HistocapES286Z_2	3474339	3483861	HistomissSECH83_2	2808781	2818311	color=b3b1b2
HistocapES286Z_2	3601967	3611429	HistomissSECH83_2	2937213	2946677	color=b3b1b2
HistocapES286Z_2	1078407	1087814	HistomissSECH83_2	905779	915234	color=b3b1b2
HistocapES286Z_2	1572045	1581349	HistomissSECH83_2	1279866	1289189	color=b3b1b2
HistocapES286Z_2	533684	542963	HistomissSECH83_2	518916	528190	color=b3b1b2
HistocapES286Z_2	3581257	3590356	HistomissSECH83_2	2906022	2915130	color=b3b1b2
HistocapES286Z_2	524606	533682	HistomissSECH83_2	509669	518759	color=b3b1b2
HistocapES286Z_2	699085	708107	HistomissSECH83_2	622181	631238	color=b3b1b2
HistocapES286Z_2	5435715	5444628	HistomissSECH83_2	4527688	4536815	color=b3b1b2
HistocapES286Z_2	5031934	5040838	HistomissSECH83_2	4259887	4268844	color=b3b1b2
HistocapES286Z_2	2865736	2874611	HistomissSECH83_2	2314665	2323526	color=b3b1b2
HistocapES286Z_2	105844	114717	HistomissSECH83_2	121246	130147	color=b3b1b2
HistocapES286Z_2	451306	460178	HistomissSECH83_2	429359	438167	color=b3b1b2
HistocapES286Z_2	5886508	5895363	HistomissSECH83_2	5081008	5089801	color=b3b1b2
HistocapES286Z_2	46846	55691	HistomissSECH83_2	61545	70490	color=b3b1b2
HistocapES286Z_2	838359	847158	HistomissSECH83_2	737817	746617	color=b3b1b2
HistocapES286Z_2	735854	744616	HistomissSECH83_2	651097	659865	color=b3b1b2
HistocapES286Z_2	2083650	2092406	HistomissSECH83_2	1749428	1758197	color=b3b1b2
HistocapES286Z_2	439364	448040	HistomissSECH83_2	417529	426272	color=b3b1b2
HistocapES286Z_2	142707	151325	HistomissSECH83_2	159233	167833	color=b3b1b2
HistocapES286Z_2	3332532	3341089	HistomissSECH83_2	2676578	2685152	color=b3b1b2
HistocapES286Z_2	1940199	1948644	HistomissSECH83_2	1636385	1644949	color=b3b1b2
HistocapES286Z_2	1542662	1551097	HistomissSECH83_2	1248270	1256689	color=b3b1b2
HistocapES286Z_2	2272676	2281093	HistomissSECH83_2	1950667	1959112	color=b3b1b2
HistocapES286Z_2	2014652	2022981	HistomissSECH83_2	1686285	1694704	color=b3b1b2
HistocapES286Z_2	2133461	2141782	HistomissSECH83_2	1799557	1807813	color=b3b1b2
HistocapES286Z_2	4991519	4999836	HistomissSECH83_2	4220100	4228468	color=b3b1b2
HistocapES286Z_2	599922	608236	HistomissSECH83_2	539268	547635	color=b3b1b2
HistocapES286Z_2	3899391	3907700	HistomissSECH83_2	3221023	3229255	color=b3b1b2
HistocapES286Z_2	2359320	2367623	HistomissSECH83_2	2041266	2049601	color=b3b1b2
HistocapES286Z_2	5840218	5848508	HistomissSECH83_2	5008173	5016465	color=b3b1b2
HistocapES286Z_2	2038161	2046440	HistomissSECH83_2	1711730	1720017	color=b3b1b2
HistocapES286Z_2	2896987	2905252	HistomissSECH83_2	2347283	2355562	color=b3b1b2
HistocapES286Z_2	678547	686812	HistomissSECH83_2	600580	608806	color=b3b1b2
HistocapES286Z_2	4868007	4876244	HistomissSECH83_2	4090999	4099127	color=b3b1b2
HistocapES286Z_2	1042849	1051079	HistomissSECH83_2	873692	881969	color=b3b1b2
HistocapES286Z_2	902959	911181	HistomissSECH83_2	792756	800856	color=b3b1b2
HistocapES286Z_2	4841995	4850209	HistomissSECH83_2	4060644	4068968	color=b3b1b2
HistocapES286Z_2	1066017	1074205	HistomissSECH83_2	893173	901320	color=b3b1b2
HistocapES286Z_2	4858148	4866271	HistomissSECH83_2	4081636	4089805	color=b3b1b2
HistocapES286Z_2	2680149	2688250	HistomissSECH83_2	2190883	2198837	color=b3b1b2
HistocapES286Z_2	4075730	4083804	HistomissSECH83_2	3452046	3460090	color=b3b1b2
HistocapES286Z_2	4698454	4706460	HistomissSECH83_2	3926505	3934507	color=b3b1b2
HistocapES286Z_2	1200508	1208501	HistomissSECH83_2	1009453	1017399	color=b3b1b2
HistocapES286Z_2	2962900	2970856	HistomissSECH83_2	2421911	2430053	color=b3b1b2
HistocapES286Z_2	5644406	5652327	HistomissSECH83_2	4742044	4749899	color=b3b1b2
HistocapES286Z_2	1584462	1592381	HistomissSECH83_2	1291953	1299867	color=b3b1b2
HistocapES286Z_2	1632777	1640684	HistomissSECH83_2	1377144	1385053	color=b3b1b2
HistocapES286Z_2	4983513	4991418	HistomissSECH83_2	4212179	4220096	color=b3b1b2
HistocapES286Z_2	1149036	1156940	HistomissSECH83_2	993683	1001621	color=b3b1b2
HistocapES286Z_2	3752714	3760598	HistomissSECH83_2	3066905	3074826	color=b3b1b2
HistocapES286Z_2	1490885	1498750	HistomissSECH83_2	1197836	1205796	color=b3b1b2
HistocapES286Z_2	4372614	4380429	HistomissSECH83_2	3675045	3682910	color=b3b1b2
HistocapES286Z_2	4768871	4776665	HistomissSECH83_2	3991127	3998919	color=b3b1b2
HistocapES286Z_2	2413160	2420940	HistomissSECH83_2	2095842	2103615	color=b3b1b2
HistocapES286Z_2	3245093	3252826	HistomissSECH83_2	2587026	2594856	color=b3b1b2
HistocapES286Z_2	2023104	2030805	HistomissSECH83_2	1694703	1702356	color=b3b1b2
HistocapES286Z_2	288289	295925	HistomissSECH83_2	288708	296392	color=b3b1b2
HistocapES286Z_2	4948605	4956211	HistomissSECH83_2	4173463	4181079	color=b3b1b2
HistocapES286Z_2	1110358	1117941	HistomissSECH83_2	954448	962010	color=b3b1b2
HistocapES286Z_2	1386826	1394115	HistomissSECH83_2	1078190	1085487	color=b3b1b2
HistocapES286Z_2	3539905	3547177	HistomissSECH83_2	2867757	2875289	color=b3b1b2
HistocapES286Z_2	323767	331035	HistomissSECH83_2	325093	332399	color=b3b1b2
HistocapES286Z_2	4008269	4015536	HistomissSECH83_2	3342845	3350110	color=b3b1b2
HistocapES286Z_2	1405374	1412632	HistomissSECH83_2	1098884	1106032	color=b3b1b2
HistocapES286Z_2	2450412	2457602	HistomissSECH83_2	2122450	2129705	color=b3b1b2
HistocapES286Z_2	4904454	4911611	HistomissSECH83_2	4127800	4134903	color=b3b1b2
HistocapES286Z_2	3237801	3244954	HistomissSECH83_2	2579615	2586849	color=b3b1b2
HistocapES286Z_2	5356225	5363365	HistomissSECH83_2	4483321	4490503	color=b3b1b2
HistocapES286Z_2	5411315	5418441	HistomissSECH83_2	4500040	4507159	color=b3b1b2
HistocapES286Z_2	66681	73803	HistomissSECH83_2	89882	97104	color=b3b1b2
HistocapES286Z_2	2126243	2133361	HistomissSECH83_2	1790741	1797768	color=b3b1b2
HistocapES286Z_2	800748	807864	HistomissSECH83_2	707711	714814	color=b3b1b2
HistocapES286Z_2	390080	397180	HistomissSECH83_2	365277	372330	color=b3b1b2
HistocapES286Z_2	4056625	4063673	HistomissSECH83_2	3432908	3439809	color=b3b1b2
HistocapES286Z_2	1454504	1461511	HistomissSECH83_2	1160414	1167567	color=b3b1b2
HistocapES286Z_2	5751816	5758820	HistomissSECH83_2	4901776	4908788	color=b3b1b2
HistocapES286Z_2	5770631	5777621	HistomissSECH83_2	4920809	4927756	color=b3b1b2
HistocapES286Z_2	3042732	3049716	HistomissSECH83_2	38684	31719	color=b3b1b2
HistocapES286Z_2	1461674	1468607	HistomissSECH83_2	1167709	1174689	color=b3b1b2
HistocapES286Z_2	3952810	3959723	HistomissSECH83_2	3283507	3290431	color=b3b1b2
HistocapES286Z_2	1422918	1429819	HistomissSECH83_2	1128468	1135372	color=b3b1b2
HistocapES286Z_2	280526	287375	HistomissSECH83_2	281528	288406	color=b3b1b2
HistocapES286Z_2	1804507	1811255	HistomissSECH83_2	1517083	1523809	color=b3b1b2
HistocapES286Z_2	3795362	3802042	HistomissSECH83_2	3111400	3118181	color=b3b1b2
HistocapES286Z_2	2944493	2951107	HistomissSECH83_2	2396802	2403381	color=b3b1b2
HistocapES286Z_2	4468028	4474591	HistomissSECH83_2	3772672	3779233	color=b3b1b2
HistocapES286Z_2	4255198	4261733	HistomissSECH83_2	3566030	3572563	color=b3b1b2
HistocapES286Z_2	608768	615289	HistomissSECH83_2	548272	554747	color=b3b1b2
HistocapES286Z_2	3865619	3872139	HistomissSECH83_2	3181624	3188162	color=b3b1b2
HistocapES286Z_2	4956889	4963401	HistomissSECH83_2	4181077	4187565	color=b3b1b2
HistocapES286Z_2	5254652	5261146	HistomissSECH83_2	4424895	4431407	color=b3b1b2
HistocapES286Z_2	4388837	4395302	HistomissSECH83_2	3692134	3698536	color=b3b1b2
HistocapES286Z_2	3427775	3434228	HistomissSECH83_2	2739173	2745813	color=b3b1b2
HistocapES286Z_2	670236	676664	HistomissSECH83_2	592043	598389	color=b3b1b2
HistocapES286Z_2	4781979	4788395	HistomissSECH83_2	4004021	4010416	color=b3b1b2
HistocapES286Z_2	5517396	5523766	HistomissSECH83_2	4613519	4619846	color=b3b1b2
HistocapES286Z_2	5637419	5643788	HistomissSECH83_2	4735659	4742044	color=b3b1b2
HistocapES286Z_2	4349038	4355398	HistomissSECH83_2	3646940	3653340	color=b3b1b2
HistocapES286Z_2	2404413	2410765	HistomissSECH83_2	2087062	2093321	color=b3b1b2
HistocapES286Z_2	5043047	5049391	HistomissSECH83_2	4271740	4278089	color=b3b1b2
HistocapES286Z_2	2296670	2303013	HistomissSECH83_2	1970407	1976769	color=b3b1b2
HistocapES286Z_2	4522319	4528662	HistomissSECH83_2	3866365	3872647	color=b3b1b2
HistocapES286Z_2	1529622	1535964	HistomissSECH83_2	1240464	1246773	color=b3b1b2
HistocapES286Z_2	3529968	3536280	HistomissSECH83_2	2860531	2866830	color=b3b1b2
HistocapES286Z_2	2874711	2881020	HistomissSECH83_2	2324290	2330601	color=b3b1b2
HistocapES286Z_2	1745243	1751533	HistomissSECH83_2	1463014	1469425	color=b3b1b2
HistocapES286Z_2	4437727	4443966	HistomissSECH83_2	3741733	3747925	color=b3b1b2
HistocapES286Z_2	4400249	4406484	HistomissSECH83_2	3702184	3708460	color=b3b1b2
HistocapES286Z_2	5146184	5152410	HistomissSECH83_2	4365905	4372190	color=b3b1b2
HistocapES286Z_2	2324172	2330397	HistomissSECH83_2	2001577	2007832	color=b3b1b2
HistocapES286Z_2	2974849	2981061	HistomissSECH83_2	2438866	2445079	color=b3b1b2
HistocapES286Z_2	4788494	4794692	HistomissSECH83_2	4010417	4016676	color=b3b1b2
HistocapES286Z_2	4117334	4123513	HistomissSECH83_2	3468360	3474617	color=b3b1b2
HistocapES286Z_2	1121473	1127644	HistomissSECH83_2	965853	972033	color=b3b1b2
HistocapES286Z_2	4041845	4048015	HistomissSECH83_2	3388665	3394762	color=b3b1b2
HistocapES286Z_2	639705	645856	HistomissSECH83_2	567292	573334	color=b3b1b2
HistocapES286Z_2	1836360	1842507	HistomissSECH83_2	1551775	1558040	color=b3b1b2
HistocapES286Z_2	648575	654715	HistomissSECH83_2	576959	583155	color=b3b1b2
HistocapES286Z_2	2281263	2287399	HistomissSECH83_2	1959328	1965482	color=b3b1b2
HistocapES286Z_2	2176434	2182536	HistomissSECH83_2	1851236	1857318	color=b3b1b2
HistocapES286Z_2	882541	888641	HistomissSECH83_2	772516	778625	color=b3b1b2
HistocapES286Z_2	4885978	4892056	HistomissSECH83_2	4109086	4115261	color=b3b1b2
HistocapES286Z_2	2264889	2270962	HistomissSECH83_2	1936234	1942319	color=b3b1b2
HistocapES286Z_2	487516	493544	HistomissSECH83_2	481297	487396	color=b3b1b2
HistocapES286Z_2	5527969	5533988	HistomissSECH83_2	4624438	4630432	color=b3b1b2
HistocapES286Z_2	3353664	3359682	HistomissSECH83_2	2698436	2704460	color=b3b1b2
HistocapES286Z_2	462217	468216	HistomissSECH83_2	459391	465370	color=b3b1b2
HistocapES286Z_2	5511243	5517231	HistomissSECH83_2	4606576	4612566	color=b3b1b2
HistocapES286Z_2	3489843	3495822	HistomissSECH83_2	2848905	2854872	color=b3b1b2
HistocapES286Z_2	4315144	4321089	HistomissSECH83_2	3621601	3627470	color=b3b1b2
HistocapES286Z_2	1566076	1572010	HistomissSECH83_2	1273759	1279704	color=b3b1b2
HistocapES286Z_2	4817728	4823644	HistomissSECH83_2	4036194	4042118	color=b3b1b2
HistocapES286Z_2	2881079	2886994	HistomissSECH83_2	2330757	2336641	color=b3b1b2
HistocapES286Z_2	5405259	5411174	HistomissSECH83_2	4493988	4499906	color=b3b1b2
HistocapES286Z_2	431479	437383	HistomissSECH83_2	406711	412603	color=b3b1b2
HistocapES286Z_2	270937	276835	HistomissSECH83_2	253487	259395	color=b3b1b2
HistocapES286Z_2	313069	318961	HistomissSECH83_2	314775	320665	color=b3b1b2
HistocapES286Z_2	717501	723371	HistomissSECH83_2	632269	638029	color=b3b1b2
HistocapES286Z_2	3636407	3642257	HistomissSECH83_2	2963962	2969822	color=b3b1b2
HistocapES286Z_2	3136856	3142694	HistomissSECH83_2	2508690	2514519	color=b3b1b2
HistocapES286Z_2	3665698	3671523	HistomissSECH83_2	2991865	2997712	color=b3b1b2
HistocapES286Z_2	4139647	4145460	HistomissSECH83_2	3499064	3504881	color=b3b1b2
HistocapES286Z_2	1786762	1792548	HistomissSECH83_2	1500178	1505939	color=b3b1b2
HistocapES286Z_2	5631589	5637315	HistomissSECH83_2	4729809	4735540	color=b3b1b2
HistocapES286Z_2	5679040	5684732	HistomissSECH83_2	4780255	4785904	color=b3b1b2
HistocapES286Z_2	2332478	2338158	HistomissSECH83_2	2009870	2015520	color=b3b1b2
HistocapES286Z_2	3934130	3939804	HistomissSECH83_2	3260986	3266612	color=b3b1b2
HistocapES286Z_2	3547228	3552891	HistomissSECH83_2	2875484	2881153	color=b3b1b2
HistocapES286Z_2	1519563	1525179	HistomissSECH83_2	1230677	1236156	color=b3b1b2
HistocapES286Z_2	2305258	2310853	HistomissSECH83_2	1978733	1984352	color=b3b1b2
HistocapES286Z_2	261817	267390	HistomissSECH83_2	247716	253290	color=b3b1b2
HistocapES286Z_2	2843761	2849313	HistomissSECH83_2	2291760	2297300	color=b3b1b2
HistocapES286Z_2	5307165	5312693	HistomissSECH83_2	4435404	4440963	color=b3b1b2
HistocapES286Z_2	3891114	3896640	HistomissSECH83_2	3213129	3218692	color=b3b1b2
HistocapES286Z_2	4826189	4831687	HistomissSECH83_2	4044386	4049896	color=b3b1b2
HistocapES286Z_2	4336813	4342309	HistomissSECH83_2	3633978	3639389	color=b3b1b2
HistocapES286Z_2	15063	20536	HistomissSECH83_2	15128	20546	color=b3b1b2
HistocapES286Z_2	3940069	3945542	HistomissSECH83_2	3266608	3272058	color=b3b1b2
HistocapES286Z_2	1846455	1851924	HistomissSECH83_2	1564130	1569610	color=b3b1b2
HistocapES286Z_2	496352	501809	HistomissSECH83_2	491672	497031	color=b3b1b2
HistocapES286Z_2	4287151	4292594	HistomissSECH83_2	3597805	3603252	color=b3b1b2
HistocapES286Z_2	4483220	4488647	HistomissSECH83_2	3807403	3812784	color=b3b1b2
HistocapES286Z_2	4831877	4837296	HistomissSECH83_2	4049947	4055391	color=b3b1b2
HistocapES286Z_2	4504738	4510147	HistomissSECH83_2	3845167	3850593	color=b3b1b2
HistocapES286Z_2	724319	729713	HistomissSECH83_2	639725	645124	color=b3b1b2
HistocapES286Z_2	784254	789636	HistomissSECH83_2	697327	702611	color=b3b1b2
HistocapES286Z_2	1381283	1386661	HistomissSECH83_2	1072616	1077895	color=b3b1b2
HistocapES286Z_2	1104890	1110257	HistomissSECH83_2	949171	954524	color=b3b1b2
HistocapES286Z_2	4181980	4187345	HistomissSECH83_2	3538474	3543800	color=b3b1b2
HistocapES286Z_2	5462653	5468015	HistomissSECH83_2	4555517	4560937	color=b3b1b2
HistocapES286Z_2	1857806	1863159	HistomissSECH83_2	1575377	1580731	color=b3b1b2
HistocapES286Z_2	4515825	4521167	HistomissSECH83_2	3854354	3859732	color=b3b1b2
HistocapES286Z_2	3390254	3395578	HistomissSECH83_2	2727959	2733260	color=b3b1b2
HistocapES286Z_2	1217684	1222991	HistomissSECH83_2	1025742	1031009	color=b3b1b2
HistocapES286Z_2	3908616	3913920	HistomissSECH83_2	3230146	3235427	color=b3b1b2
HistocapES286Z_2	510487	515775	HistomissSECH83_2	504243	509537	color=b3b1b2
HistocapES286Z_2	3022067	3027350	HistomissSECH83_2	2490585	2495836	color=b3b1b2
HistocapES286Z_2	4534243	4539525	HistomissSECH83_2	3878496	3883795	color=b3b1b2
HistocapES286Z_2	4462368	4467629	HistomissSECH83_2	3764125	3769369	color=b3b1b2
HistocapES286Z_2	95339	100600	HistomissSECH83_2	108058	113314	color=b3b1b2
HistocapES286Z_2	1823015	1828268	HistomissSECH83_2	1538005	1543276	color=b3b1b2
HistocapES286Z_2	5162258	5167493	HistomissSECH83_2	4383911	4389132	color=b3b1b2
HistocapES286Z_2	2481430	2486664	HistomissSECH83_2	2154957	2160140	color=b3b1b2
HistocapES286Z_2	502843	508056	HistomissSECH83_2	497031	502194	color=b3b1b2
HistocapES286Z_2	4070338	4075546	HistomissSECH83_2	3446817	3452045	color=b3b1b2
HistocapES286Z_2	5652426	5657634	HistomissSECH83_2	4751108	4756333	color=b3b1b2
HistocapES286Z_2	3996770	4001965	HistomissSECH83_2	3329937	3335127	color=b3b1b2
HistocapES286Z_2	4605521	4610715	HistomissSECH83_2	3360532	3365744	color=b3b1b2
HistocapES286Z_2	2887001	2892182	HistomissSECH83_2	2336800	2342032	color=b3b1b2
HistocapES286Z_2	1912433	1917612	HistomissSECH83_2	1607399	1612616	color=b3b1b2
HistocapES286Z_2	1433776	1438936	HistomissSECH83_2	1139403	1144562	color=b3b1b2
HistocapES286Z_2	5692649	5697801	HistomissSECH83_2	4792709	4797876	color=b3b1b2
HistocapES286Z_2	3416528	3421659	HistomissSECH83_2	2733955	2739072	color=b3b1b2
HistocapES286Z_2	1157096	1162215	HistomissSECH83_2	4956646	4951495	color=b3b1b2
HistocapES286Z_2	3032054	3037132	HistomissSECH83_2	2500719	2505790	color=b3b1b2
HistocapES286Z_2	3343598	3348671	HistomissSECH83_2	2687927	2693029	color=b3b1b2
HistocapES286Z_2	1686937	1692004	HistomissSECH83_2	1399693	1404781	color=b3b1b2
HistocapES286Z_2	1960245	1965311	HistomissSECH83_2	1657896	1662964	color=b3b1b2
HistocapES286Z_2	4893891	4898891	HistomissSECH83_2	4116909	4122069	color=b3b1b2
HistocapES286Z_2	5421611	5426600	HistomissSECH83_2	4513199	4518169	color=b3b1b2
HistocapES286Z_2	5339538	5344526	HistomissSECH83_2	4466519	4471489	color=b3b1b2
HistocapES286Z_2	3566037	3571018	HistomissSECH83_2	2889998	2894872	color=b3b1b2
HistocapES286Z_2	4245172	4250153	HistomissSECH83_2	3556482	3561403	color=b3b1b2
HistocapES286Z_2	3232760	3237707	HistomissSECH83_2	2574557	2579493	color=b3b1b2
HistocapES286Z_2	1965450	1970379	HistomissSECH83_2	1663137	1667955	color=b3b1b2
HistocapES286Z_2	482328	487229	HistomissSECH83_2	476221	481012	color=b3b1b2
HistocapES286Z_2	5687679	5692579	HistomissSECH83_2	4787672	4792547	color=b3b1b2
HistocapES286Z_2	474208	479100	HistomissSECH83_2	466532	471379	color=b3b1b2
HistocapES286Z_2	828453	833326	HistomissSECH83_2	728505	733379	color=b3b1b2
HistocapES286Z_2	158805	163634	HistomissSECH83_2	175386	180287	color=b3b1b2
HistocapES286Z_2	3288735	3293557	HistomissSECH83_2	2633087	2637860	color=b3b1b2
HistocapES286Z_2	4033731	4038553	HistomissSECH83_2	3378338	3383156	color=b3b1b2
HistocapES286Z_2	5049390	5054211	HistomissSECH83_2	4278332	4283170	color=b3b1b2
HistocapES286Z_2	2246767	2251581	HistomissSECH83_2	1920456	1925298	color=b3b1b2
HistocapES286Z_2	4850205	4854988	HistomissSECH83_2	4069155	4073916	color=b3b1b2
HistocapES286Z_2	4051728	4056508	HistomissSECH83_2	3427942	3432752	color=b3b1b2
HistocapES286Z_2	4187349	4192105	HistomissSECH83_2	3543909	3548644	color=b3b1b2
HistocapES286Z_2	3283817	3288565	HistomissSECH83_2	2627224	2631954	color=b3b1b2
HistocapES286Z_2	3142713	3147458	HistomissSECH83_2	2516899	2521602	color=b3b1b2
HistocapES286Z_2	2067819	2072558	HistomissSECH83_2	1739380	1744145	color=b3b1b2
HistocapES286Z_2	3770928	3775646	HistomissSECH83_2	3086416	3091134	color=b3b1b2
HistocapES286Z_2	2147179	2151881	HistomissSECH83_2	1813592	1818316	color=b3b1b2
HistocapES286Z_2	3775812	3780505	HistomissSECH83_2	3092125	3096801	color=b3b1b2
HistocapES286Z_2	2486834	2491520	HistomissSECH83_2	2160393	2165076	color=b3b1b2
HistocapES286Z_2	2860878	2865563	HistomissSECH83_2	2309859	2314561	color=b3b1b2
HistocapES286Z_2	381856	386537	HistomissSECH83_2	357261	361914	color=b3b1b2
HistocapES286Z_2	5794623	5799285	HistomissSECH83_2	4945269	4949934	color=b3b1b2
HistocapES286Z_2	4528763	4533403	HistomissSECH83_2	3872983	3877613	color=b3b1b2
HistocapES286Z_2	2152005	2156642	HistomissSECH83_2	1818320	1823012	color=b3b1b2
HistocapES286Z_2	5069748	5074380	HistomissSECH83_2	4296529	4301052	color=b3b1b2
HistocapES286Z_2	4250331	4254934	HistomissSECH83_2	3561403	3566025	color=b3b1b2
HistocapES286Z_2	941651	946230	HistomissSECH83_2	841324	845885	color=b3b1b2
HistocapES286Z_2	1722264	1726837	HistomissSECH83_2	1437149	1441736	color=b3b1b2
HistocapES286Z_2	1970553	1975081	HistomissSECH83_2	1669487	1674065	color=b3b1b2
HistocapES286Z_2	4963397	4967922	HistomissSECH83_2	4192867	4197331	color=b3b1b2
HistocapES286Z_2	1617954	1622451	HistomissSECH83_2	1325227	1329753	color=b3b1b2
HistocapES286Z_2	3710872	3715350	HistomissSECH83_2	3029596	3034253	color=b3b1b2
HistocapES286Z_2	4166410	4170888	HistomissSECH83_2	3512277	3507845	color=b3b1b2
HistocapES286Z_2	5830470	5834945	HistomissSECH83_2	4997314	5001773	color=b3b1b2
HistocapES286Z_2	808126	812577	HistomissSECH83_2	716047	720497	color=b3b1b2
HistocapES286Z_2	301076	305516	HistomissSECH83_2	300828	305280	color=b3b1b2
HistocapES286Z_2	2700570	2704987	HistomissSECH83_2	2205748	2210193	color=b3b1b2
HistocapES286Z_2	2399165	2403574	HistomissSECH83_2	2082147	2086656	color=b3b1b2
HistocapES286Z_2	5825917	5830314	HistomissSECH83_2	4992778	4997164	color=b3b1b2
HistocapES286Z_2	3552968	3557362	HistomissSECH83_2	2881278	2885713	color=b3b1b2
HistocapES286Z_2	4419629	4424020	HistomissSECH83_2	3733454	3737860	color=b3b1b2
HistocapES286Z_2	5936149	5940501	HistomissSECH83_2	5127425	5131801	color=b3b1b2
HistocapES286Z_2	4308468	4312818	HistomissSECH83_2	3616994	3621419	color=b3b1b2
HistocapES286Z_2	4539704	4544045	HistomissSECH83_2	3883797	3888142	color=b3b1b2
HistocapES286Z_2	2142852	2147177	HistomissSECH83_2	1808912	1813196	color=b3b1b2
HistocapES286Z_2	1726941	1731261	HistomissSECH83_2	1441856	1446198	color=b3b1b2
HistocapES286Z_2	3469435	3473746	HistomissSECH83_2	2800909	2805161	color=b3b1b2
HistocapES286Z_2	5428374	5432653	HistomissSECH83_2	4519860	4524137	color=b3b1b2
HistocapES286Z_2	1781969	1786225	HistomissSECH83_2	1494912	1499199	color=b3b1b2
HistocapES286Z_2	3735880	3740132	HistomissSECH83_2	3051429	3055688	color=b3b1b2
HistocapES286Z_2	1482599	1486848	HistomissSECH83_2	1189162	1193451	color=b3b1b2
HistocapES286Z_2	1853361	1857609	HistomissSECH83_2	1571095	1575380	color=b3b1b2
HistocapES286Z_2	3272494	3276739	HistomissSECH83_2	2614819	2619042	color=b3b1b2
HistocapES286Z_2	694774	698985	HistomissSECH83_2	616933	621137	color=b3b1b2
HistocapES286Z_2	5787251	5791451	HistomissSECH83_2	4937889	4942101	color=b3b1b2
HistocapES286Z_2	1904300	1908489	HistomissSECH83_2	1599219	1603395	color=b3b1b2
HistocapES286Z_2	1055136	1059316	HistomissSECH83_2	886631	890769	color=b3b1b2
HistocapES286Z_2	154425	158599	HistomissSECH83_2	171096	175176	color=b3b1b2
HistocapES286Z_2	419300	423457	HistomissSECH83_2	393361	397532	color=b3b1b2
HistocapES286Z_2	4458191	4462333	HistomissSECH83_2	3759833	3763984	color=b3b1b2
HistocapES286Z_2	5674813	5678954	HistomissSECH83_2	4776011	4780138	color=b3b1b2
HistocapES286Z_2	1898859	1902999	HistomissSECH83_2	1586667	1590917	color=b3b1b2
HistocapES286Z_2	5944	10074	HistomissSECH83_2	1635	5774	color=b3b1b2
HistocapES286Z_2	2756340	2760468	HistomissSECH83_2	2252476	2256615	color=b3b1b2
HistocapES286Z_2	2743877	2747999	HistomissSECH83_2	2246901	2251017	color=b3b1b2
HistocapES286Z_2	929975	934086	HistomissSECH83_2	836922	841020	color=b3b1b2
HistocapES286Z_2	1797316	1801426	HistomissSECH83_2	1510420	1514510	color=b3b1b2
HistocapES286Z_2	4301521	4305623	HistomissSECH83_2	3610648	3614762	color=b3b1b2
HistocapES286Z_2	3629833	3633925	HistomissSECH83_2	2957489	2961660	color=b3b1b2
HistocapES286Z_2	1557912	1562003	HistomissSECH83_2	1265645	1269741	color=b3b1b2
HistocapES286Z_2	4171078	4175169	HistomissSECH83_2	3531374	3535471	color=b3b1b2
HistocapES286Z_2	1396851	1400940	HistomissSECH83_2	1089990	1094106	color=b3b1b2
HistocapES286Z_2	4752523	4756601	HistomissSECH83_2	3981022	3985088	color=b3b1b2
HistocapES286Z_2	2353754	2357826	HistomissSECH83_2	2035481	2039564	color=b3b1b2
HistocapES286Z_2	4837757	4841825	HistomissSECH83_2	4056341	4060409	color=b3b1b2
HistocapES286Z_2	37583	41638	HistomissSECH83_2	53041	57101	color=b3b1b2
HistocapES286Z_2	1486850	1490891	HistomissSECH83_2	1193590	1197626	color=b3b1b2
HistocapES286Z_2	2314542	2318575	HistomissSECH83_2	1988036	1992058	color=b3b1b2
HistocapES286Z_2	5346937	5350957	HistomissSECH83_2	4473741	4477775	color=b3b1b2
HistocapES286Z_2	5523951	5527969	HistomissSECH83_2	4620197	4624267	color=b3b1b2
HistocapES286Z_2	3859954	3863968	HistomissSECH83_2	3175867	3179916	color=b3b1b2
HistocapES286Z_2	2209646	2213655	HistomissSECH83_2	1887934	1891957	color=b3b1b2
HistocapES286Z_2	2196423	2200420	HistomissSECH83_2	1873228	1877227	color=b3b1b2
HistocapES286Z_2	5444811	5448808	HistomissSECH83_2	4536975	4540964	color=b3b1b2
HistocapES286Z_2	4444098	4448077	HistomissSECH83_2	3748124	3752084	color=b3b1b2
HistocapES286Z_2	2477359	2481335	HistomissSECH83_2	2150687	2154649	color=b3b1b2
HistocapES286Z_2	2783752	2787713	HistomissSECH83_2	2279277	2283268	color=b3b1b2
HistocapES286Z_2	3293731	3297684	HistomissSECH83_2	2639224	2643170	color=b3b1b2
HistocapES286Z_2	3179116	3183066	HistomissSECH83_2	2541630	2545572	color=b3b1b2
HistocapES286Z_2	3203032	3206982	HistomissSECH83_2	2568835	2572778	color=b3b1b2
HistocapES286Z_2	5560215	5564152	HistomissSECH83_2	4650120	4654107	color=b3b1b2
HistocapES286Z_2	3365217	3369148	HistomissSECH83_2	2713565	2709687	color=b3b1b2
HistocapES286Z_2	2996524	3000422	HistomissSECH83_2	2459198	2463136	color=b3b1b2
HistocapES286Z_2	1793405	1797296	HistomissSECH83_2	1506436	1510261	color=b3b1b2
HistocapES286Z_2	687867	691757	HistomissSECH83_2	609848	613763	color=b3b1b2
HistocapES286Z_2	4412516	4416377	HistomissSECH83_2	3728826	3732697	color=b3b1b2
HistocapES286Z_2	848263	852107	HistomissSECH83_2	747707	751543	color=b3b1b2
HistocapES286Z_2	3765770	3769613	HistomissSECH83_2	3080756	3084584	color=b3b1b2
HistocapES286Z_2	2956296	2960135	HistomissSECH83_2	2415252	2419133	color=b3b1b2
HistocapES286Z_2	2984430	2988269	HistomissSECH83_2	2447065	2450890	color=b3b1b2
HistocapES286Z_2	5741778	5745612	HistomissSECH83_2	4887712	4891604	color=b3b1b2
HistocapES286Z_2	3926899	3930713	HistomissSECH83_2	3249182	3253002	color=b3b1b2
HistocapES286Z_2	3727142	3730949	HistomissSECH83_2	3047653	3051327	color=b3b1b2
HistocapES286Z_2	2893009	2896813	HistomissSECH83_2	2343366	2347143	color=b3b1b2
HistocapES286Z_2	2092408	2096194	HistomissSECH83_2	1758354	1762160	color=b3b1b2
HistocapES286Z_2	1553923	1557695	HistomissSECH83_2	1259937	1263778	color=b3b1b2
HistocapES286Z_2	4111394	4115161	HistomissSECH83_2	3462147	3465941	color=b3b1b2
HistocapES286Z_2	2343935	2347696	HistomissSECH83_2	2025590	2029356	color=b3b1b2
HistocapES286Z_2	4748679	4752435	HistomissSECH83_2	3977087	3980879	color=b3b1b2
HistocapES286Z_2	4550282	4554036	HistomissSECH83_2	3894947	3898685	color=b3b1b2
HistocapES286Z_2	5623028	5626780	HistomissSECH83_2	4720500	4724247	color=b3b1b2
HistocapES286Z_2	2823621	2827365	HistomissSECH83_2	2286126	2289950	color=b3b1b2
HistocapES286Z_2	4383647	4387372	HistomissSECH83_2	3686394	3690076	color=b3b1b2
HistocapES286Z_2	2439118	2442831	HistomissSECH83_2	2111678	2115384	color=b3b1b2
HistocapES286Z_2	4297868	4301575	HistomissSECH83_2	3606780	3610547	color=b3b1b2
HistocapES286Z_2	2990446	2994148	HistomissSECH83_2	2452823	2456507	color=b3b1b2
HistocapES286Z_2	5005201	5008877	HistomissSECH83_2	4233899	4237576	color=b3b1b2
HistocapES286Z_2	1133992	1137666	HistomissSECH83_2	978912	982556	color=b3b1b2
HistocapES286Z_2	5015703	5019377	HistomissSECH83_2	4246084	4249756	color=b3b1b2
HistocapES286Z_2	1655268	1658940	HistomissSECH83_2	1387975	1391655	color=b3b1b2
HistocapES286Z_2	543064	546733	HistomissSECH83_2	528167	531832	color=b3b1b2
HistocapES286Z_2	5449595	5453239	HistomissSECH83_2	4542190	4545892	color=b3b1b2
HistocapES286Z_2	469618	473252	HistomissSECH83_2	3273883	3277474	color=b3b1b2
HistocapES286Z_2	657789	661395	HistomissSECH83_2	586620	590302	color=b3b1b2
HistocapES286Z_2	1313504	1317105	HistomissSECH83_2	1046379	1049978	color=b3b1b2
HistocapES286Z_2	4365721	4369321	HistomissSECH83_2	3667710	3671295	color=b3b1b2
HistocapES286Z_2	1819335	1822932	HistomissSECH83_2	1533983	1537607	color=b3b1b2
HistocapES286Z_2	1692079	1695673	HistomissSECH83_2	1404762	1408372	color=b3b1b2
HistocapES286Z_2	228664	232251	HistomissSECH83_2	213527	217132	color=b3b1b2
HistocapES286Z_2	3816268	3819844	HistomissSECH83_2	3130549	3134134	color=b3b1b2
HistocapES286Z_2	5764409	5767982	HistomissSECH83_2	4915003	4918518	color=b3b1b2
HistocapES286Z_2	1626860	1630430	HistomissSECH83_2	1334735	1338267	color=b3b1b2
HistocapES286Z_2	1430098	1433666	HistomissSECH83_2	1135658	1139220	color=b3b1b2
HistocapES286Z_2	5468555	5472122	HistomissSECH83_2	4561597	4565180	color=b3b1b2
HistocapES286Z_2	4879856	4883422	HistomissSECH83_2	4102301	4105904	color=b3b1b2
HistocapES286Z_2	4133327	4136888	HistomissSECH83_2	3492721	3496243	color=b3b1b2
HistocapES286Z_2	3984222	3987774	HistomissSECH83_2	3316604	3320167	color=b3b1b2
HistocapES286Z_2	4451715	4455265	HistomissSECH83_2	3755966	3759525	color=b3b1b2
HistocapES286Z_2	55819	59348	HistomissSECH83_2	70879	74393	color=b3b1b2
HistocapES286Z_2	5867471	5870994	HistomissSECH83_2	5056014	5059503	color=b3b1b2
HistocapES286Z_2	4276495	4280008	HistomissSECH83_2	3586944	3590431	color=b3b1b2
HistocapES286Z_2	2390748	2394232	HistomissSECH83_2	2072586	2075977	color=b3b1b2
HistocapES286Z_2	833499	836981	HistomissSECH83_2	733811	737298	color=b3b1b2
HistocapES286Z_2	2457795	2461275	HistomissSECH83_2	2129880	2133390	color=b3b1b2
HistocapES286Z_2	5105576	5109053	HistomissSECH83_2	4330646	4334110	color=b3b1b2
HistocapES286Z_2	3836800	3840273	HistomissSECH83_2	3153383	3156920	color=b3b1b2
HistocapES286Z_2	3914684	3918144	HistomissSECH83_2	3236320	3239754	color=b3b1b2
HistocapES286Z_2	5913009	5916468	HistomissSECH83_2	5108222	5111626	color=b3b1b2
HistocapES286Z_2	3744151	3747601	HistomissSECH83_2	3059672	3063105	color=b3b1b2
HistocapES286Z_2	3980783	3984222	HistomissSECH83_2	3312676	3316143	color=b3b1b2
HistocapES286Z_2	4123863	4127302	HistomissSECH83_2	3483118	3486564	color=b3b1b2
HistocapES286Z_2	4546170	4549606	HistomissSECH83_2	3890909	3894301	color=b3b1b2
HistocapES286Z_2	1718820	1722244	HistomissSECH83_2	1433560	1436989	color=b3b1b2
HistocapES286Z_2	3965963	3969383	HistomissSECH83_2	3297416	3300833	color=b3b1b2
HistocapES286Z_2	2310922	2314335	HistomissSECH83_2	1984357	1987718	color=b3b1b2
HistocapES286Z_2	1100484	1103881	HistomissSECH83_2	943210	946634	color=b3b1b2
HistocapES286Z_2	3921281	3924674	HistomissSECH83_2	3243169	3246436	color=b3b1b2
HistocapES286Z_2	3762279	3765670	HistomissSECH83_2	3077217	3080596	color=b3b1b2
HistocapES286Z_2	3297692	3301081	HistomissSECH83_2	2643338	2646682	color=b3b1b2
HistocapES286Z_2	1828262	1831637	HistomissSECH83_2	1543470	1546821	color=b3b1b2
HistocapES286Z_2	5507838	5511210	HistomissSECH83_2	4603007	4606386	color=b3b1b2
HistocapES286Z_2	3840490	3843858	HistomissSECH83_2	3156924	3160300	color=b3b1b2
HistocapES286Z_2	3852272	3855638	HistomissSECH83_2	3167741	3171119	color=b3b1b2
HistocapES286Z_2	1229130	1232492	HistomissSECH83_2	1037772	1041138	color=b3b1b2
HistocapES286Z_2	3327911	3331268	HistomissSECH83_2	2672405	2675759	color=b3b1b2
HistocapES286Z_2	425869	429214	HistomissSECH83_2	400575	404045	color=b3b1b2
HistocapES286Z_2	3683185	3686527	HistomissSECH83_2	2999491	3002832	color=b3b1b2
HistocapES286Z_2	2074534	2077871	HistomissSECH83_2	1746087	1749425	color=b3b1b2
HistocapES286Z_2	934087	937424	HistomissSECH83_2	768688	765326	color=b3b1b2
HistocapES286Z_2	3833460	3836794	HistomissSECH83_2	3149948	3153198	color=b3b1b2
HistocapES286Z_2	4742004	4745331	HistomissSECH83_2	3970684	3973948	color=b3b1b2
HistocapES286Z_2	378357	381674	HistomissSECH83_2	353016	356415	color=b3b1b2
HistocapES286Z_2	5171090	5174389	HistomissSECH83_2	4389268	4392538	color=b3b1b2
HistocapES286Z_2	1118068	1121362	HistomissSECH83_2	962190	965455	color=b3b1b2
HistocapES286Z_2	2254268	2257562	HistomissSECH83_2	1927933	1931192	color=b3b1b2
HistocapES286Z_2	3027943	3031237	HistomissSECH83_2	2496650	2499890	color=b3b1b2
HistocapES286Z_2	4066943	4070237	HistomissSECH83_2	3443329	3446612	color=b3b1b2
HistocapES286Z_2	4734302	4737564	HistomissSECH83_2	3962623	3965909	color=b3b1b2
HistocapES286Z_2	2350323	2353577	HistomissSECH83_2	2032049	2035304	color=b3b1b2
HistocapES286Z_2	1950701	1953949	HistomissSECH83_2	1647605	1650993	color=b3b1b2
HistocapES286Z_2	1931133	1934371	HistomissSECH83_2	1627427	1630764	color=b3b1b2
HistocapES286Z_2	5576792	5580030	HistomissSECH83_2	4662057	4665326	color=b3b1b2
HistocapES286Z_2	754865	758102	HistomissSECH83_2	663620	666820	color=b3b1b2
HistocapES286Z_2	2213837	2217069	HistomissSECH83_2	1891962	1895190	color=b3b1b2
HistocapES286Z_2	3575489	3578712	HistomissSECH83_2	2900177	2903448	color=b3b1b2
HistocapES286Z_2	3715511	3718734	HistomissSECH83_2	3034922	3038136	color=b3b1b2
HistocapES286Z_2	4342407	4345620	HistomissSECH83_2	3639594	3642806	color=b3b1b2
HistocapES286Z_2	5142864	5146070	HistomissSECH83_2	4362551	4365767	color=b3b1b2
HistocapES286Z_2	3645283	3648488	HistomissSECH83_2	2971871	2975038	color=b3b1b2
HistocapES286Z_2	2951876	2955079	HistomissSECH83_2	2410338	2413612	color=b3b1b2
HistocapES286Z_2	3466121	3469319	HistomissSECH83_2	2797743	2800897	color=b3b1b2
HistocapES286Z_2	4380376	4383573	HistomissSECH83_2	3683012	3686223	color=b3b1b2
HistocapES286Z_2	5940837	5944034	HistomissSECH83_2	5131983	5135157	color=b3b1b2
HistocapES286Z_2	5175376	5178571	HistomissSECH83_2	4394549	4397758	color=b3b1b2
HistocapES286Z_2	1417153	1420336	HistomissSECH83_2	1109917	1113138	color=b3b1b2
HistocapES286Z_2	3197675	3200853	HistomissSECH83_2	2561728	2564883	color=b3b1b2
HistocapES286Z_2	5321751	5324925	HistomissSECH83_2	4445644	4448841	color=b3b1b2
HistocapES286Z_2	4480011	4483177	HistomissSECH83_2	3804249	3807404	color=b3b1b2
HistocapES286Z_2	4129930	4133090	HistomissSECH83_2	3488404	3491620	color=b3b1b2
HistocapES286Z_2	5152579	5155737	HistomissSECH83_2	4375262	4378418	color=b3b1b2
HistocapES286Z_2	244524	247676	HistomissSECH83_2	230086	233204	color=b3b1b2
HistocapES286Z_2	3848955	3852101	HistomissSECH83_2	3163871	3166985	color=b3b1b2
HistocapES286Z_2	5568220	5571359	HistomissSECH83_2	4657943	4661103	color=b3b1b2
HistocapES286Z_2	4280216	4283338	HistomissSECH83_2	3590762	3593945	color=b3b1b2
HistocapES286Z_2	5858079	5861196	HistomissSECH83_2	5036304	5039451	color=b3b1b2
HistocapES286Z_2	2382220	2385335	HistomissSECH83_2	2063237	2066350	color=b3b1b2
HistocapES286Z_2	1842681	1845794	HistomissSECH83_2	1560107	1563277	color=b3b1b2
HistocapES286Z_2	167616	170727	HistomissSECH83_2	187618	190801	color=b3b1b2
HistocapES286Z_2	20636	23746	HistomissSECH83_2	20469	23580	color=b3b1b2
HistocapES286Z_2	769851	772941	HistomissSECH83_2	678863	681942	color=b3b1b2
HistocapES286Z_2	10282	13371	HistomissSECH83_2	5774	8847	color=b3b1b2
HistocapES286Z_2	5317707	5320790	HistomissSECH83_2	4441694	4444814	color=b3b1b2
HistocapES286Z_2	1210992	1214069	HistomissSECH83_2	1019397	1022478	color=b3b1b2
HistocapES286Z_2	5871393	5874450	HistomissSECH83_2	5059839	5062875	color=b3b1b2
HistocapES286Z_2	1128965	1132004	HistomissSECH83_2	973518	976581	color=b3b1b2
HistocapES286Z_2	5010671	5013703	HistomissSECH83_2	4240710	4243749	color=b3b1b2
HistocapES286Z_2	4745564	4748570	HistomissSECH83_2	3973900	3976864	color=b3b1b2
HistocapES286Z_2	3350271	3353275	HistomissSECH83_2	2694825	2697890	color=b3b1b2
HistocapES286Z_2	4512587	4515590	HistomissSECH83_2	3851166	3854224	color=b3b1b2
HistocapES286Z_2	3718757	3721757	HistomissSECH83_2	3038321	3041359	color=b3b1b2
HistocapES286Z_2	332528	335519	HistomissSECH83_2	334196	337197	color=b3b1b2
HistocapES286Z_2	184995	187980	HistomissSECH83_2	205674	208645	color=b3b1b2
HistocapES286Z_2	3526802	3529785	HistomissSECH83_2	2857408	2860364	color=b3b1b2
HistocapES286Z_2	4898891	4901873	HistomissSECH83_2	4122964	4125962	color=b3b1b2
HistocapES286Z_2	3874324	3877300	HistomissSECH83_2	3195176	3198099	color=b3b1b2
HistocapES286Z_2	224353	227319	HistomissSECH83_2	210411	213421	color=b3b1b2
HistocapES286Z_2	4973980	4976944	HistomissSECH83_2	4205282	4208303	color=b3b1b2
HistocapES286Z_2	2206656	2209618	HistomissSECH83_2	1884686	1887628	color=b3b1b2
HistocapES286Z_2	254807	257763	HistomissSECH83_2	240563	243511	color=b3b1b2
HistocapES286Z_2	1770661	1773611	HistomissSECH83_2	1489226	1492169	color=b3b1b2
HistocapES286Z_2	4409021	4411968	HistomissSECH83_2	3725223	3728196	color=b3b1b2
HistocapES286Z_2	691765	694712	HistomissSECH83_2	613946	616934	color=b3b1b2
HistocapES286Z_2	4345720	4348659	HistomissSECH83_2	3643394	3646299	color=b3b1b2
HistocapES286Z_2	5129430	5132369	HistomissSECH83_2	4355178	4358113	color=b3b1b2
HistocapES286Z_2	1696604	1699536	HistomissSECH83_2	1409747	1412682	color=b3b1b2
HistocapES286Z_2	3931139	3934069	HistomissSECH83_2	3256490	3259410	color=b3b1b2
HistocapES286Z_2	1093045	1095967	HistomissSECH83_2	935051	938051	color=b3b1b2
HistocapES286Z_2	3049716	3052638	HistomissSECH83_2	31610	28693	color=b3b1b2
HistocapES286Z_2	4759552	4762467	HistomissSECH83_2	3987920	3990734	color=b3b1b2
HistocapES286Z_2	5791565	5794479	HistomissSECH83_2	4942241	4945158	color=b3b1b2
HistocapES286Z_2	4157996	4160902	HistomissSECH83_2	3514222	3517143	color=b3b1b2
HistocapES286Z_2	5432817	5435721	HistomissSECH83_2	4524575	4527495	color=b3b1b2
HistocapES286Z_2	4706603	4709502	HistomissSECH83_2	3934648	3937638	color=b3b1b2
HistocapES286Z_2	386638	389532	HistomissSECH83_2	361838	364721	color=b3b1b2
HistocapES286Z_2	448239	451127	HistomissSECH83_2	426461	429357	color=b3b1b2
HistocapES286Z_2	4197146	4200030	HistomissSECH83_2	3553308	3556240	color=b3b1b2
HistocapES286Z_2	3993635	3996515	HistomissSECH83_2	3326553	3329458	color=b3b1b2
HistocapES286Z_2	3089260	3092128	HistomissSECH83_2	1584873	1581984	color=b3b1b2
HistocapES286Z_2	2220246	2223109	HistomissSECH83_2	1901571	1904424	color=b3b1b2
HistocapES286Z_2	4292586	4295444	HistomissSECH83_2	3603482	3606343	color=b3b1b2
HistocapES286Z_2	4148811	4151655	HistomissSECH83_2	3357482	3354571	color=b3b1b2
HistocapES286Z_2	2394275	2397113	HistomissSECH83_2	2077129	2079995	color=b3b1b2
HistocapES286Z_2	814794	817626	HistomissSECH83_2	724316	727143	color=b3b1b2
HistocapES286Z_2	5459832	5462658	HistomissSECH83_2	4552490	4555325	color=b3b1b2
HistocapES286Z_2	5928024	5930838	HistomissSECH83_2	5122285	5125157	color=b3b1b2
HistocapES286Z_2	5076961	5079770	HistomissSECH83_2	4301264	4304066	color=b3b1b2
HistocapES286Z_2	2932617	2935411	HistomissSECH83_2	2384155	2386962	color=b3b1b2
HistocapES286Z_2	3281023	3283817	HistomissSECH83_2	2624348	2627069	color=b3b1b2
HistocapES286Z_2	2935675	2938461	HistomissSECH83_2	2390491	2393284	color=b3b1b2
HistocapES286Z_2	5602971	5605757	HistomissSECH83_2	3022670	3019830	color=b3b1b2
HistocapES286Z_2	4980624	4983407	HistomissSECH83_2	4209394	4212177	color=b3b1b2
HistocapES286Z_2	4005494	4008263	HistomissSECH83_2	3339961	3342713	color=b3b1b2
HistocapES286Z_2	5329226	5331992	HistomissSECH83_2	4459252	4461987	color=b3b1b2
HistocapES286Z_2	2287542	2290303	HistomissSECH83_2	1965640	1968408	color=b3b1b2
HistocapES286Z_2	2447646	2450402	HistomissSECH83_2	2119509	2122272	color=b3b1b2
HistocapES286Z_2	5720133	5722887	HistomissSECH83_2	4854293	4857010	color=b3b1b2
HistocapES286Z_2	4145582	4148323	HistomissSECH83_2	3505094	3507806	color=b3b1b2
HistocapES286Z_2	479269	481991	HistomissSECH83_2	472094	474818	color=b3b1b2
HistocapES286Z_2	3154981	3157684	HistomissSECH83_2	2529327	2532078	color=b3b1b2
HistocapES286Z_2	1831773	1834469	HistomissSECH83_2	1547008	1549744	color=b3b1b2
HistocapES286Z_2	409341	412034	HistomissSECH83_2	381407	384095	color=b3b1b2
HistocapES286Z_2	1223822	1226491	HistomissSECH83_2	1032028	1034744	color=b3b1b2
HistocapES286Z_2	2193433	2196080	HistomissSECH83_2	1870302	1872941	color=b3b1b2
HistocapES286Z_2	2722731	2725367	HistomissSECH83_2	2228280	2230925	color=b3b1b2
HistocapES286Z_2	3658825	3661445	HistomissSECH83_2	2987101	2989727	color=b3b1b2
HistocapES286Z_2	1412735	1415352	HistomissSECH83_2	1106034	1108653	color=b3b1b2
HistocapES286Z_2	5670054	5672671	HistomissSECH83_2	4769540	4772161	color=b3b1b2
HistocapES286Z_2	1551314	1553907	HistomissSECH83_2	1256917	1259545	color=b3b1b2
HistocapES286Z_2	2101109	2103701	HistomissSECH83_2	1768543	1771118	color=b3b1b2
HistocapES286Z_2	4797362	4799953	HistomissSECH83_2	4017500	4020099	color=b3b1b2
HistocapES286Z_2	5597087	5599677	HistomissSECH83_2	4688267	4690885	color=b3b1b2
HistocapES286Z_2	3918650	3921237	HistomissSECH83_2	3240429	3242991	color=b3b1b2
HistocapES286Z_2	3990844	3993424	HistomissSECH83_2	3323563	3326135	color=b3b1b2
HistocapES286Z_2	5660912	5663481	HistomissSECH83_2	4760721	4763284	color=b3b1b2
HistocapES286Z_2	3039900	3042465	HistomissSECH83_2	41231	38684	color=b3b1b2
HistocapES286Z_2	4477448	4480007	HistomissSECH83_2	3779953	3782490	color=b3b1b2
HistocapES286Z_2	2033231	2035766	HistomissSECH83_2	1705169	1707702	color=b3b1b2
HistocapES286Z_2	4428616	4431151	HistomissSECH83_2	3738007	3740570	color=b3b1b2
HistocapES286Z_2	2190001	2192535	HistomissSECH83_2	1866819	1869330	color=b3b1b2
HistocapES286Z_2	3321015	3323546	HistomissSECH83_2	2666093	2668633	color=b3b1b2
HistocapES286Z_2	5599927	5602457	HistomissSECH83_2	4700649	4703188	color=b3b1b2
HistocapES286Z_2	2224906	2227433	HistomissSECH83_2	1906198	1908726	color=b3b1b2
HistocapES286Z_2	630862	633388	HistomissSECH83_2	559138	561664	color=b3b1b2
HistocapES286Z_2	5261732	5264238	HistomissSECH83_2	4432247	4434750	color=b3b1b2
HistocapES286Z_2	3276842	3279332	HistomissSECH83_2	2618966	2621483	color=b3b1b2
HistocapES286Z_2	3269909	3272394	HistomissSECH83_2	2612412	2614896	color=b3b1b2
HistocapES286Z_2	2436432	2438916	HistomissSECH83_2	2108469	2110981	color=b3b1b2
HistocapES286Z_2	3376829	3379308	HistomissSECH83_2	2720325	2722791	color=b3b1b2
HistocapES286Z_2	63094	65567	HistomissSECH83_2	83866	86374	color=b3b1b2
HistocapES286Z_2	1051553	1054000	HistomissSECH83_2	882806	885271	color=b3b1b2
HistocapES286Z_2	1683436	1685875	HistomissSECH83_2	1396289	1398730	color=b3b1b2
HistocapES286Z_2	5419032	5421467	HistomissSECH83_2	4510753	4513196	color=b3b1b2
HistocapES286Z_2	2960309	2962742	HistomissSECH83_2	2419469	2421909	color=b3b1b2
HistocapES286Z_2	5353799	5356232	HistomissSECH83_2	4480351	4482762	color=b3b1b2
HistocapES286Z_2	298092	300520	HistomissSECH83_2	298159	300576	color=b3b1b2
HistocapES286Z_2	2938560	2940984	HistomissSECH83_2	2393264	2395672	color=b3b1b2
HistocapES286Z_2	3463641	3466063	HistomissSECH83_2	2795113	2797531	color=b3b1b2
HistocapES286Z_2	3721758	3724169	HistomissSECH83_2	3041629	3044049	color=b3b1b2
HistocapES286Z_2	3844033	3846441	HistomissSECH83_2	3160300	3162694	color=b3b1b2
HistocapES286Z_2	627189	629596	HistomissSECH83_2	556574	558977	color=b3b1b2
HistocapES286Z_2	2156644	2159049	HistomissSECH83_2	1823169	1825566	color=b3b1b2
HistocapES286Z_2	645998	648402	HistomissSECH83_2	574161	576565	color=b3b1b2
HistocapES286Z_2	5747673	5750071	HistomissSECH83_2	4897270	4899668	color=b3b1b2
HistocapES286Z_2	375887	378282	HistomissSECH83_2	350419	352837	color=b3b1b2
HistocapES286Z_2	2718453	2720834	HistomissSECH83_2	2224318	2226688	color=b3b1b2
HistocapES286Z_2	2347867	2350222	HistomissSECH83_2	2029703	2032048	color=b3b1b2
HistocapES286Z_2	2905251	2907581	HistomissSECH83_2	2362666	2365029	color=b3b1b2
HistocapES286Z_2	5658159	5660486	HistomissSECH83_2	4757568	4759917	color=b3b1b2
HistocapES286Z_2	2030906	2033231	HistomissSECH83_2	1702730	1705004	color=b3b1b2
HistocapES286Z_2	2691566	2693889	HistomissSECH83_2	2199615	2201953	color=b3b1b2
HistocapES286Z_2	3486589	3488912	HistomissSECH83_2	2821716	2824007	color=b3b1b2
HistocapES286Z_2	927478	929797	HistomissSECH83_2	820211	822530	color=b3b1b2
HistocapES286Z_2	2853891	2856201	HistomissSECH83_2	2302310	2304598	color=b3b1b2
HistocapES286Z_2	5924783	5927092	HistomissSECH83_2	5118145	5120452	color=b3b1b2
HistocapES286Z_2	2251683	2253983	HistomissSECH83_2	1925298	1927541	color=b3b1b2
HistocapES286Z_2	4914320	4916613	HistomissSECH83_2	4137903	4140235	color=b3b1b2
HistocapES286Z_2	3434849	3437122	HistomissSECH83_2	2745823	2748213	color=b3b1b2
HistocapES286Z_2	1751970	1754240	HistomissSECH83_2	1469557	1471840	color=b3b1b2
HistocapES286Z_2	5782312	5784578	HistomissSECH83_2	4933178	4935420	color=b3b1b2
HistocapES286Z_2	3634092	3636354	HistomissSECH83_2	2961587	2963779	color=b3b1b2
HistocapES286Z_2	1527226	1529483	HistomissSECH83_2	1238204	1240458	color=b3b1b2
HistocapES286Z_2	3254273	3256529	HistomissSECH83_2	2594997	2597288	color=b3b1b2
HistocapES286Z_2	4333368	4335621	HistomissSECH83_2	3630636	3632864	color=b3b1b2
HistocapES286Z_2	733476	735719	HistomissSECH83_2	648883	651095	color=b3b1b2
HistocapES286Z_2	5850068	5852295	HistomissSECH83_2	5017607	5019844	color=b3b1b2
HistocapES286Z_2	2167941	2170159	HistomissSECH83_2	1834856	1837091	color=b3b1b2
HistocapES286Z_2	4709504	4711716	HistomissSECH83_2	3937751	3940007	color=b3b1b2
HistocapES286Z_2	2318873	2321075	HistomissSECH83_2	1992077	1994275	color=b3b1b2
HistocapES286Z_2	60793	62992	HistomissSECH83_2	81027	83245	color=b3b1b2
HistocapES286Z_2	5708964	5711150	HistomissSECH83_2	4817431	4819611	color=b3b1b2
HistocapES286Z_2	2035982	2038159	HistomissSECH83_2	1709384	1711573	color=b3b1b2
HistocapES286Z_2	2046985	2049160	HistomissSECH83_2	1720533	1722744	color=b3b1b2
HistocapES286Z_2	23743	25913	HistomissSECH83_2	23803	25973	color=b3b1b2
HistocapES286Z_2	3458820	3460979	HistomissSECH83_2	2789318	2791505	color=b3b1b2
HistocapES286Z_2	5101128	5103286	HistomissSECH83_2	4326582	4328728	color=b3b1b2
HistocapES286Z_2	1394169	1396317	HistomissSECH83_2	1085742	1087881	color=b3b1b2
HistocapES286Z_2	3004847	3006993	HistomissSECH83_2	2470912	2473048	color=b3b1b2
HistocapES286Z_2	655366	657501	HistomissSECH83_2	583777	585957	color=b3b1b2
HistocapES286Z_2	2410941	2413071	HistomissSECH83_2	2093518	2095639	color=b3b1b2
HistocapES286Z_2	4968167	4970295	HistomissSECH83_2	4197925	4200071	color=b3b1b2
HistocapES286Z_2	3594654	3596754	HistomissSECH83_2	2930726	2932819	color=b3b1b2
HistocapES286Z_2	5779530	5781629	HistomissSECH83_2	4929446	4931541	color=b3b1b2
HistocapES286Z_2	2174159	2176253	HistomissSECH83_2	1846578	1848710	color=b3b1b2
HistocapES286Z_2	5784772	5786854	HistomissSECH83_2	4935521	4937632	color=b3b1b2
HistocapES286Z_2	4179775	4181853	HistomissSECH83_2	3535627	3537687	color=b3b1b2
HistocapES286Z_2	3947291	3949368	HistomissSECH83_2	3278852	3280930	color=b3b1b2
HistocapES286Z_2	3897148	3899218	HistomissSECH83_2	3218702	3220750	color=b3b1b2
HistocapES286Z_2	3740258	3742323	HistomissSECH83_2	3055689	3057747	color=b3b1b2
HistocapES286Z_2	1630612	1632676	HistomissSECH83_2	1338394	1340474	color=b3b1b2
HistocapES286Z_2	2204202	2206264	HistomissSECH83_2	1882157	1884228	color=b3b1b2
HistocapES286Z_2	812742	814800	HistomissSECH83_2	720523	722574	color=b3b1b2
HistocapES286Z_2	5820336	5822389	HistomissSECH83_2	4984423	4986483	color=b3b1b2
HistocapES286Z_2	5897393	5899445	HistomissSECH83_2	5092052	5094102	color=b3b1b2
HistocapES286Z_2	3614096	3616139	HistomissSECH83_2	2949279	2951394	color=b3b1b2
HistocapES286Z_2	3597989	3600017	HistomissSECH83_2	2933754	2935773	color=b3b1b2
HistocapES286Z_2	1737706	1739733	HistomissSECH83_2	1452600	1454656	color=b3b1b2
HistocapES286Z_2	3572305	3574330	HistomissSECH83_2	2896596	2898638	color=b3b1b2
HistocapES286Z_2	5351451	5353471	HistomissSECH83_2	4478301	4480323	color=b3b1b2
HistocapES286Z_2	1024850	1026863	HistomissSECH83_2	848052	850087	color=b3b1b2
HistocapES286Z_2	151562	153574	HistomissSECH83_2	168001	169975	color=b3b1b2
HistocapES286Z_2	1592554	1594565	HistomissSECH83_2	1299963	1301989	color=b3b1b2
HistocapES286Z_2	3855933	3857935	HistomissSECH83_2	3171558	3173575	color=b3b1b2
HistocapES286Z_2	5557407	5559409	HistomissSECH83_2	4647200	4649197	color=b3b1b2
HistocapES286Z_2	306530	308530	HistomissSECH83_2	309648	311723	color=b3b1b2
HistocapES286Z_2	30573	32551	HistomissSECH83_2	44196	46175	color=b3b1b2
HistocapES286Z_2	1582364	1584326	HistomissSECH83_2	1289208	1291172	color=b3b1b2
HistocapES286Z_2	5799990	5801944	HistomissSECH83_2	4957146	4959105	color=b3b1b2
HistocapES286Z_2	437407	439360	HistomissSECH83_2	415431	417370	color=b3b1b2
HistocapES286Z_2	2397106	2399051	HistomissSECH83_2	2080203	2082147	color=b3b1b2
HistocapES286Z_2	2972756	2974700	HistomissSECH83_2	2431627	2433592	color=b3b1b2
HistocapES286Z_2	3425839	3427783	HistomissSECH83_2	4189513	4187562	color=b3b1b2
HistocapES286Z_2	407111	409051	HistomissSECH83_2	379459	381405	color=b3b1b2
HistocapES286Z_2	5761309	5763249	HistomissSECH83_2	4911800	4913728	color=b3b1b2
HistocapES286Z_2	1480660	1482599	HistomissSECH83_2	1187116	1189054	color=b3b1b2
HistocapES286Z_2	4812330	4814268	HistomissSECH83_2	4033826	4035780	color=b3b1b2
HistocapES286Z_2	5332156	5334094	HistomissSECH83_2	4462524	4464465	color=b3b1b2
HistocapES286Z_2	1975075	1977008	HistomissSECH83_2	1674477	1676399	color=b3b1b2
HistocapES286Z_2	3362787	3364719	HistomissSECH83_2	2706203	2708126	color=b3b1b2
HistocapES286Z_2	2160859	2162786	HistomissSECH83_2	1828200	1830129	color=b3b1b2
HistocapES286Z_2	5838300	5840226	HistomissSECH83_2	5006052	5007979	color=b3b1b2
HistocapES286Z_2	44769	46686	HistomissSECH83_2	59297	61206	color=b3b1b2
HistocapES286Z_2	4920009	4921922	HistomissSECH83_2	4143487	4145387	color=b3b1b2
HistocapES286Z_2	278516	280426	HistomissSECH83_2	279042	280956	color=b3b1b2
HistocapES286Z_2	2049373	2051279	HistomissSECH83_2	1723045	1724941	color=b3b1b2
HistocapES286Z_2	5455549	5457448	HistomissSECH83_2	4548082	4550034	color=b3b1b2
HistocapES286Z_2	1169942	1171836	HistomissSECH83_2	1007323	1009246	color=b3b1b2
HistocapES286Z_2	336539	338429	HistomissSECH83_2	339951	341839	color=b3b1b2
HistocapES286Z_2	2994635	2996513	HistomissSECH83_2	2457168	2459038	color=b3b1b2
HistocapES286Z_2	4192386	4194256	HistomissSECH83_2	3548705	3550540	color=b3b1b2
HistocapES286Z_2	2851846	2853701	HistomissSECH83_2	2300372	2302272	color=b3b1b2
HistocapES286Z_2	5852397	5854244	HistomissSECH83_2	5030498	5032348	color=b3b1b2
HistocapES286Z_2	1699653	1701498	HistomissSECH83_2	1412676	1414531	color=b3b1b2
HistocapES286Z_2	3001509	3003353	HistomissSECH83_2	2466883	2468739	color=b3b1b2
HistocapES286Z_2	401196	403037	HistomissSECH83_2	373942	375777	color=b3b1b2
HistocapES286Z_2	5711099	5712940	HistomissSECH83_2	4819720	4821570	color=b3b1b2
HistocapES286Z_2	2421491	2423330	HistomissSECH83_2	2104589	2106377	color=b3b1b2
HistocapES286Z_2	126571	128391	HistomissSECH83_2	143455	145281	color=b3b1b2
HistocapES286Z_2	2472954	2474772	HistomissSECH83_2	2139054	2140869	color=b3b1b2
HistocapES286Z_2	414822	416639	HistomissSECH83_2	389303	391160	color=b3b1b2
HistocapES286Z_2	2072718	2074532	HistomissSECH83_2	1744138	1745930	color=b3b1b2
HistocapES286Z_2	423858	425672	HistomissSECH83_2	398446	400291	color=b3b1b2
HistocapES286Z_2	2290378	2292188	HistomissSECH83_2	1968551	1970377	color=b3b1b2
HistocapES286Z_2	5028295	5030096	HistomissSECH83_2	4255331	4257157	color=b3b1b2
HistocapES286Z_2	1164212	1166005	HistomissSECH83_2	1004396	1006237	color=b3b1b2
HistocapES286Z_2	5457616	5459408	HistomissSECH83_2	4550058	4551856	color=b3b1b2
HistocapES286Z_2	3877280	3879068	HistomissSECH83_2	3198542	3200411	color=b3b1b2
HistocapES286Z_2	2469223	2471007	HistomissSECH83_2	5137594	5139378	color=b3b1b2
HistocapES286Z_2	2330418	2332199	HistomissSECH83_2	2008062	2009868	color=b3b1b2
HistocapES286Z_2	5003188	5004969	HistomissSECH83_2	4231809	4233591	color=b3b1b2
HistocapES286Z_2	1208683	1210463	HistomissSECH83_2	1017399	1019199	color=b3b1b2
HistocapES286Z_2	4544397	4546176	HistomissSECH83_2	3888763	3890551	color=b3b1b2
HistocapES286Z_2	5251596	5253374	HistomissSECH83_2	4422012	4423805	color=b3b1b2
HistocapES286Z_2	4756772	4758546	HistomissSECH83_2	3985113	3986903	color=b3b1b2
HistocapES286Z_2	2471184	2472955	HistomissSECH83_2	5139378	5141150	color=b3b1b2
HistocapES286Z_2	3642425	3644196	HistomissSECH83_2	2970091	2971872	color=b3b1b2
HistocapES286Z_2	101085	102854	HistomissSECH83_2	115009	116736	color=b3b1b2
HistocapES286Z_2	32577	34346	HistomissSECH83_2	46453	48223	color=b3b1b2
HistocapES286Z_2	4261888	4263646	HistomissSECH83_2	3572763	3574549	color=b3b1b2
HistocapES286Z_2	4449919	4451676	HistomissSECH83_2	3754020	3755776	color=b3b1b2
HistocapES286Z_2	1525347	1527085	HistomissSECH83_2	1236271	1238011	color=b3b1b2
HistocapES286Z_2	1091142	1092878	HistomissSECH83_2	927811	929554	color=b3b1b2
HistocapES286Z_2	104046	105776	HistomissSECH83_2	119295	121063	color=b3b1b2
HistocapES286Z_2	2109878	2111595	HistomissSECH83_2	1773213	1774933	color=b3b1b2
HistocapES286Z_2	257865	259576	HistomissSECH83_2	243496	245203	color=b3b1b2
HistocapES286Z_2	2385436	2387138	HistomissSECH83_2	2067128	2068913	color=b3b1b2
HistocapES286Z_2	5030094	5031796	HistomissSECH83_2	4258059	4259746	color=b3b1b2
HistocapES286Z_2	938935	940636	HistomissSECH83_2	770395	768688	color=b3b1b2
HistocapES286Z_2	2259328	2261023	HistomissSECH83_2	1934549	1936170	color=b3b1b2
HistocapES286Z_2	3814162	3815854	HistomissSECH83_2	3128176	3129918	color=b3b1b2
HistocapES286Z_2	429644	431335	HistomissSECH83_2	405006	406708	color=b3b1b2
HistocapES286Z_2	1802656	1804343	HistomissSECH83_2	1515377	1517046	color=b3b1b2
HistocapES286Z_2	5013998	5015682	HistomissSECH83_2	4244221	4245898	color=b3b1b2
HistocapES286Z_2	5160600	5162282	HistomissSECH83_2	132090	133809	color=b3b1b2
HistocapES286Z_2	2164869	2166545	HistomissSECH83_2	1833199	1834845	color=b3b1b2
HistocapES286Z_2	5768089	5769760	HistomissSECH83_2	4918449	4920109	color=b3b1b2
HistocapES286Z_2	4823646	4825302	HistomissSECH83_2	4042242	4043930	color=b3b1b2
HistocapES286Z_2	1227250	1228901	HistomissSECH83_2	1035845	1037472	color=b3b1b2
HistocapES286Z_2	2760704	2762350	HistomissSECH83_2	2256659	2258304	color=b3b1b2
HistocapES286Z_2	3279285	3280917	HistomissSECH83_2	2621591	2623218	color=b3b1b2
HistocapES286Z_2	5895596	5897225	HistomissSECH83_2	5090190	5091828	color=b3b1b2
HistocapES286Z_2	2185512	2187136	HistomissSECH83_2	1861235	1862859	color=b3b1b2
HistocapES286Z_2	1927892	1929515	HistomissSECH83_2	1623231	1624813	color=b3b1b2
HistocapES286Z_2	5054212	5055833	HistomissSECH83_2	4283341	4284976	color=b3b1b2
HistocapES286Z_2	5685902	5687519	HistomissSECH83_2	4786056	4787665	color=b3b1b2
HistocapES286Z_2	1625099	1626708	HistomissSECH83_2	1332382	1334008	color=b3b1b2
HistocapES286Z_2	3081711	3083318	HistomissSECH83_2	4508773	4510379	color=b3b1b2
HistocapES286Z_2	247946	249552	HistomissSECH83_2	233469	235112	color=b3b1b2
HistocapES286Z_2	676840	678446	HistomissSECH83_2	598578	600183	color=b3b1b2
HistocapES286Z_2	3578813	3580417	HistomissSECH83_2	2903707	2905333	color=b3b1b2
HistocapES286Z_2	4689796	4691400	HistomissSECH83_2	3918207	3919808	color=b3b1b2
HistocapES286Z_2	1813090	1814683	HistomissSECH83_2	1524387	1525983	color=b3b1b2
HistocapES286Z_2	1653399	1654990	HistomissSECH83_2	1386157	1387818	color=b3b1b2
HistocapES286Z_2	5326269	5327857	HistomissSECH83_2	4454790	4456393	color=b3b1b2
HistocapES286Z_2	2321196	2322783	HistomissSECH83_2	1994513	1996129	color=b3b1b2
HistocapES286Z_2	3742309	3743893	HistomissSECH83_2	3057799	3059416	color=b3b1b2
HistocapES286Z_2	3177355	3178938	HistomissSECH83_2	2539722	2541290	color=b3b1b2
HistocapES286Z_2	3231010	3232593	HistomissSECH83_2	2572929	2574504	color=b3b1b2
HistocapES286Z_2	4448145	4449728	HistomissSECH83_2	3752239	3753822	color=b3b1b2
HistocapES286Z_2	5881824	5883406	HistomissSECH83_2	5075051	5076706	color=b3b1b2
HistocapES286Z_2	1420411	1421988	HistomissSECH83_2	1113276	1114885	color=b3b1b2
HistocapES286Z_2	4917666	4919240	HistomissSECH83_2	4141134	4142717	color=b3b1b2
HistocapES286Z_2	1716789	1718360	HistomissSECH83_2	1428631	1430211	color=b3b1b2
HistocapES286Z_2	5132419	5133982	HistomissSECH83_2	4358271	4359836	color=b3b1b2
HistocapES286Z_2	5156143	5157703	HistomissSECH83_2	4378838	4380398	color=b3b1b2
HistocapES286Z_2	2342209	2343767	HistomissSECH83_2	2023676	2025225	color=b3b1b2
HistocapES286Z_2	4370945	4372496	HistomissSECH83_2	3673443	3675045	color=b3b1b2
HistocapES286Z_2	1401040	1402590	HistomissSECH83_2	1094106	1095668	color=b3b1b2
HistocapES286Z_2	2971035	2972585	HistomissSECH83_2	2430055	2431606	color=b3b1b2
HistocapES286Z_2	1403717	1405266	HistomissSECH83_2	1097239	1098788	color=b3b1b2
HistocapES286Z_2	3359683	3361217	HistomissSECH83_2	2704661	2706212	color=b3b1b2
HistocapES286Z_2	5134159	5135691	HistomissSECH83_2	4360082	4361600	color=b3b1b2
HistocapES286Z_2	5249959	5251490	HistomissSECH83_2	4420491	4422012	color=b3b1b2
HistocapES286Z_2	2159329	2160859	HistomissSECH83_2	1826525	1828042	color=b3b1b2
HistocapES286Z_2	2171856	2173386	HistomissSECH83_2	1838790	1840319	color=b3b1b2
HistocapES286Z_2	4892229	4893747	HistomissSECH83_2	4115319	4116843	color=b3b1b2
HistocapES286Z_2	5865958	5867475	HistomissSECH83_2	5053587	5055082	color=b3b1b2
HistocapES286Z_2	2099357	2100872	HistomissSECH83_2	1766844	1768371	color=b3b1b2
HistocapES286Z_2	13417	14927	HistomissSECH83_2	13426	14944	color=b3b1b2
HistocapES286Z_2	4003885	4005392	HistomissSECH83_2	3338024	3339539	color=b3b1b2
HistocapES286Z_2	5884665	5886171	HistomissSECH83_2	5079172	5080638	color=b3b1b2
HistocapES286Z_2	5737682	5739184	HistomissSECH83_2	4879302	4880800	color=b3b1b2
HistocapES286Z_2	2052123	2053622	HistomissSECH83_2	1725801	1727284	color=b3b1b2
HistocapES286Z_2	3925401	3926892	HistomissSECH83_2	3247511	3249003	color=b3b1b2
HistocapES286Z_2	3945643	3947134	HistomissSECH83_2	3277477	3278923	color=b3b1b2
HistocapES286Z_2	4603868	4605351	HistomissSECH83_2	3358667	3360149	color=b3b1b2
HistocapES286Z_2	4999937	5001414	HistomissSECH83_2	4228470	4229948	color=b3b1b2
HistocapES286Z_2	5750246	5751711	HistomissSECH83_2	4900348	4901791	color=b3b1b2
HistocapES286Z_2	1707757	1709219	HistomissSECH83_2	1418243	1419718	color=b3b1b2
HistocapES286Z_2	120774	122229	HistomissSECH83_2	139474	140975	color=b3b1b2
HistocapES286Z_2	4369491	4370943	HistomissSECH83_2	3671752	3673286	color=b3b1b2
HistocapES286Z_2	4696991	4698440	HistomissSECH83_2	3924792	3926233	color=b3b1b2
HistocapES286Z_2	5453960	5455403	HistomissSECH83_2	4546615	4548080	color=b3b1b2
HistocapES286Z_2	3616381	3617819	HistomissSECH83_2	2952007	2953500	color=b3b1b2
HistocapES286Z_2	912943	914381	HistomissSECH83_2	805149	806583	color=b3b1b2
HistocapES286Z_2	5923176	5924611	HistomissSECH83_2	5115617	5117070	color=b3b1b2
HistocapES286Z_2	494921	496352	HistomissSECH83_2	490077	491517	color=b3b1b2
HistocapES286Z_2	1740963	1742393	HistomissSECH83_2	1455835	1457291	color=b3b1b2
HistocapES286Z_2	4810912	4812334	HistomissSECH83_2	4030528	4031967	color=b3b1b2
HistocapES286Z_2	3421605	3423010	HistomissSECH83_2	4192715	4191349	color=b3b1b2
HistocapES286Z_2	2842259	2843662	HistomissSECH83_2	2290112	2291526	color=b3b1b2
HistocapES286Z_2	2988893	2990295	HistomissSECH83_2	2451278	2452674	color=b3b1b2
HistocapES286Z_2	799187	800589	HistomissSECH83_2	706225	707627	color=b3b1b2
HistocapES286Z_2	3374566	3375966	HistomissSECH83_2	2718468	2719876	color=b3b1b2
HistocapES286Z_2	2754454	2755826	HistomissSECH83_2	2251015	2252397	color=b3b1b2
HistocapES286Z_2	1814884	1816234	HistomissSECH83_2	1526036	1527390	color=b3b1b2
HistocapES286Z_2	3760931	3762279	HistomissSECH83_2	3075701	3077046	color=b3b1b2
HistocapES286Z_2	2859534	2860878	HistomissSECH83_2	2308373	2309750	color=b3b1b2
HistocapES286Z_2	3792812	3794156	HistomissSECH83_2	3108902	3110243	color=b3b1b2
HistocapES286Z_2	1851923	1853260	HistomissSECH83_2	1569748	1571096	color=b3b1b2
HistocapES286Z_2	881026	882356	HistomissSECH83_2	763669	765003	color=b3b1b2
HistocapES286Z_2	4136989	4138312	HistomissSECH83_2	3497773	3499099	color=b3b1b2
HistocapES286Z_2	4050229	4051549	HistomissSECH83_2	3426639	3427940	color=b3b1b2
HistocapES286Z_2	1468708	1470025	HistomissSECH83_2	1175265	1176577	color=b3b1b2
HistocapES286Z_2	4002469	4003786	HistomissSECH83_2	3336292	3337602	color=b3b1b2
HistocapES286Z_2	2227607	2228916	HistomissSECH83_2	1908857	1910176	color=b3b1b2
HistocapES286Z_2	1701482	1702779	HistomissSECH83_2	1414721	1416004	color=b3b1b2
HistocapES286Z_2	5740315	5741610	HistomissSECH83_2	4884722	4886017	color=b3b1b2
HistocapES286Z_2	3348878	3350170	HistomissSECH83_2	2693065	2694335	color=b3b1b2
HistocapES286Z_2	3698666	3699956	HistomissSECH83_2	3014993	3016283	color=b3b1b2
HistocapES286Z_2	3612714	3613999	HistomissSECH83_2	2947758	2949049	color=b3b1b2
HistocapES286Z_2	5668748	5670032	HistomissSECH83_2	4768059	4769370	color=b3b1b2
HistocapES286Z_2	2856977	2858243	HistomissSECH83_2	2305626	2306886	color=b3b1b2
HistocapES286Z_2	3484613	3485878	HistomissSECH83_2	2820023	2821309	color=b3b1b2
HistocapES286Z_2	5745805	5747068	HistomissSECH83_2	4891809	4893026	color=b3b1b2
HistocapES286Z_2	3134594	3135850	HistomissSECH83_2	2506238	2507477	color=b3b1b2
HistocapES286Z_2	937595	938848	HistomissSECH83_2	771847	770588	color=b3b1b2
HistocapES286Z_2	1075175	1076426	HistomissSECH83_2	904513	905780	color=b3b1b2
HistocapES286Z_2	3384425	3385676	HistomissSECH83_2	2725096	2726378	color=b3b1b2
HistocapES286Z_2	4284879	4286130	HistomissSECH83_2	3595054	3596304	color=b3b1b2
HistocapES286Z_2	4397200	4398447	HistomissSECH83_2	3700853	3702109	color=b3b1b2
HistocapES286Z_2	4065528	4066763	HistomissSECH83_2	3441637	3442855	color=b3b1b2
HistocapES286Z_2	1616556	1617786	HistomissSECH83_2	1324084	1325293	color=b3b1b2
HistocapES286Z_2	403078	404304	HistomissSECH83_2	376336	377549	color=b3b1b2
HistocapES286Z_2	4490099	4491321	HistomissSECH83_2	3813697	3814956	color=b3b1b2
HistocapES286Z_2	2705937	2707146	HistomissSECH83_2	2211152	2212369	color=b3b1b2
HistocapES286Z_2	5001984	5003188	HistomissSECH83_2	4230485	4231698	color=b3b1b2
HistocapES286Z_2	5813617	5814820	HistomissSECH83_2	4970842	4972040	color=b3b1b2
HistocapES286Z_2	5876958	5878161	HistomissSECH83_2	5071187	5072390	color=b3b1b2
HistocapES286Z_2	4883650	4884850	HistomissSECH83_2	4106133	4107339	color=b3b1b2
HistocapES286Z_2	4138298	4139474	HistomissSECH83_2	3497476	3496267	color=b3b1b2
HistocapES286Z_2	28498	29665	HistomissSECH83_2	42134	43305	color=b3b1b2
HistocapES286Z_2	296566	297731	HistomissSECH83_2	296923	298129	color=b3b1b2
HistocapES286Z_2	2388960	2390120	HistomissSECH83_2	2070852	2072012	color=b3b1b2
HistocapES286Z_2	4740693	4741853	HistomissSECH83_2	3969352	3970517	color=b3b1b2
HistocapES286Z_2	2787869	2789027	HistomissSECH83_2	2283653	2284813	color=b3b1b2
HistocapES286Z_2	3267347	3268505	HistomissSECH83_2	2609376	2610526	color=b3b1b2
HistocapES286Z_2	5921646	5922801	HistomissSECH83_2	5114438	5115597	color=b3b1b2
HistocapES286Z_2	4332135	4333286	HistomissSECH83_2	3629328	3630437	color=b3b1b2
HistocapES286Z_2	1863357	1864506	HistomissSECH83_2	1580679	1581835	color=b3b1b2
HistocapES286Z_2	1959100	1960245	HistomissSECH83_2	1656613	1657783	color=b3b1b2
HistocapES286Z_2	1910888	1912029	HistomissSECH83_2	1605899	1607070	color=b3b1b2
HistocapES286Z_2	4491560	4492699	HistomissSECH83_2	3832362	3833517	color=b3b1b2
HistocapES286Z_2	493789	494926	HistomissSECH83_2	487829	488977	color=b3b1b2
HistocapES286Z_2	3873087	3874223	HistomissSECH83_2	3194038	3195175	color=b3b1b2
HistocapES286Z_2	2163125	2164259	HistomissSECH83_2	1831593	1832746	color=b3b1b2
HistocapES286Z_2	2096855	2097987	HistomissSECH83_2	1763361	1764473	color=b3b1b2
HistocapES286Z_2	1938716	1939846	HistomissSECH83_2	1635110	1636239	color=b3b1b2
HistocapES286Z_2	3441435	3442564	HistomissSECH83_2	2752816	2753945	color=b3b1b2
HistocapES286Z_2	3268668	3269795	HistomissSECH83_2	2611322	2612412	color=b3b1b2
HistocapES286Z_2	4387533	4388660	HistomissSECH83_2	3690877	3692005	color=b3b1b2
HistocapES286Z_2	3571189	3572312	HistomissSECH83_2	2896456	2895333	color=b3b1b2
HistocapES286Z_2	4283502	4284612	HistomissSECH83_2	3593924	3595059	color=b3b1b2
HistocapES286Z_2	4152646	4153751	HistomissSECH83_2	3354530	3353432	color=b3b1b2
HistocapES286Z_2	5854257	5855362	HistomissSECH83_2	5032536	5033645	color=b3b1b2
HistocapES286Z_2	3385783	3386884	HistomissSECH83_2	2726380	2727488	color=b3b1b2
HistocapES286Z_2	508285	509379	HistomissSECH83_2	502386	503506	color=b3b1b2
HistocapES286Z_2	3590839	3591931	HistomissSECH83_2	2926544	2927668	color=b3b1b2
HistocapES286Z_2	5848820	5849909	HistomissSECH83_2	5016502	5017591	color=b3b1b2
HistocapES286Z_2	4970396	4971481	HistomissSECH83_2	4200793	4201882	color=b3b1b2
HistocapES286Z_2	5875139	5876218	HistomissSECH83_2	5063373	5064443	color=b3b1b2
HistocapES286Z_2	661510	662587	HistomissSECH83_2	590505	591568	color=b3b1b2
HistocapES286Z_2	1713437	1714510	HistomissSECH83_2	1426651	1427741	color=b3b1b2
HistocapES286Z_2	1710472	1711534	HistomissSECH83_2	1421892	1422959	color=b3b1b2
HistocapES286Z_2	2387310	2388371	HistomissSECH83_2	2068981	2070043	color=b3b1b2
HistocapES286Z_2	5627522	5628583	HistomissSECH83_2	4724196	4725257	color=b3b1b2
HistocapES286Z_2	2187305	2188365	HistomissSECH83_2	1863027	1864087	color=b3b1b2
HistocapES286Z_2	2170686	2171744	HistomissSECH83_2	1837732	1838790	color=b3b1b2
HistocapES286Z_2	2721575	2722631	HistomissSECH83_2	2227219	2228280	color=b3b1b2
HistocapES286Z_2	3557966	3559021	HistomissSECH83_2	2885869	2886954	color=b3b1b2
HistocapES286Z_2	1909633	1910685	HistomissSECH83_2	1604314	1605384	color=b3b1b2
HistocapES286Z_2	5404111	5405158	HistomissSECH83_2	4493001	4494066	color=b3b1b2
HistocapES286Z_2	4161098	4162139	HistomissSECH83_2	3517408	3518467	color=b3b1b2
HistocapES286Z_2	4521274	4522314	HistomissSECH83_2	3860564	3861621	color=b3b1b2
HistocapES286Z_2	3423184	3424221	HistomissSECH83_2	4191106	4190044	color=b3b1b2
HistocapES286Z_2	1054006	1055034	HistomissSECH83_2	886464	885449	color=b3b1b2
HistocapES286Z_2	4436552	4437580	HistomissSECH83_2	3740611	3741706	color=b3b1b2
HistocapES286Z_2	5758817	5759844	HistomissSECH83_2	4908945	4909974	color=b3b1b2
HistocapES286Z_2	5535783	5536809	HistomissSECH83_2	4632425	4633436	color=b3b1b2
HistocapES286Z_2	2789001	2790026	HistomissSECH83_2	2284915	2285968	color=b3b1b2
HistocapES286Z_2	5253474	5254497	HistomissSECH83_2	4423805	4424830	color=b3b1b2
HistocapES286Z_2	5328030	5329053	HistomissSECH83_2	4457820	4458843	color=b3b1b2
HistocapES286Z_2	2955180	2956195	HistomissSECH83_2	2414227	2415251	color=b3b1b2
HistocapES286Z_2	4739513	4740521	HistomissSECH83_2	3968132	3969149	color=b3b1b2
HistocapES286Z_2	3847935	3848942	HistomissSECH83_2	3162715	3163754	color=b3b1b2
HistocapES286Z_2	1348136	1349141	HistomissSECH83_2	1051534	1052533	color=b3b1b2
