HistoohiSECH95_6	1462397	1472321	HistomissSECH102_6	1652491	1662395	color=b3b1b2
HistoohiSECH95_6	586414	595129	HistomissSECH102_6	714432	723142	color=b3b1b2
HistoohiSECH95_6	3845997	3854183	HistomissSECH102_6	4690597	4698783	color=b3b1b2
HistoohiSECH95_6	3208188	3214641	HistomissSECH102_6	3942820	3949285	color=b3b1b2
HistoohiSECH95_6	644681	651052	HistomissSECH102_6	772143	778453	color=b3b1b2
HistoohiSECH95_6	2349733	2356014	HistomissSECH102_6	2871490	2877765	color=b3b1b2
HistoohiSECH95_6	1323791	1329907	HistomissSECH102_6	1481151	1487261	color=b3b1b2
HistoohiSECH95_6	3440612	3446720	HistomissSECH102_6	4234486	4240524	color=b3b1b2
HistoohiSECH95_6	2616323	2622234	HistomissSECH102_6	3316391	3322263	color=b3b1b2
HistoohiSECH95_6	2794288	2799788	HistomissSECH102_6	3495127	3500636	color=b3b1b2
HistoohiSECH95_6	426715	432176	HistomissSECH102_6	506421	511818	color=b3b1b2
HistoohiSECH95_6	1726225	1731497	HistomissSECH102_6	1933108	1938412	color=b3b1b2
HistoohiSECH95_6	1851787	1857024	HistomissSECH102_6	2101008	2106211	color=b3b1b2
HistoohiSECH95_6	333702	338592	HistomissSECH102_6	377066	381924	color=b3b1b2
HistoohiSECH95_6	1420760	1425505	HistomissSECH102_6	1561645	1566334	color=b3b1b2
HistoohiSECH95_6	997935	1002540	HistomissSECH102_6	1156805	1161524	color=b3b1b2
HistoohiSECH95_6	1525757	1530285	HistomissSECH102_6	1715581	1720020	color=b3b1b2
HistoohiSECH95_6	1475085	1479514	HistomissSECH102_6	1665078	1669468	color=b3b1b2
HistoohiSECH95_6	748420	752819	HistomissSECH102_6	922383	926821	color=b3b1b2
HistoohiSECH95_6	3182642	3187030	HistomissSECH102_6	3917035	3921406	color=b3b1b2
HistoohiSECH95_6	2690292	2694659	HistomissSECH102_6	3388844	3393226	color=b3b1b2
HistoohiSECH95_6	550641	554995	HistomissSECH102_6	686270	690615	color=b3b1b2
HistoohiSECH95_6	3821960	3826207	HistomissSECH102_6	4664568	4668820	color=b3b1b2
HistoohiSECH95_6	1677488	1681692	HistomissSECH102_6	1887082	1891265	color=b3b1b2
HistoohiSECH95_6	1508455	1512618	HistomissSECH102_6	1697807	1701885	color=b3b1b2
HistoohiSECH95_6	2751335	2755463	HistomissSECH102_6	3449969	3454086	color=b3b1b2
HistoohiSECH95_6	2883504	2887621	HistomissSECH102_6	3645836	3649948	color=b3b1b2
HistoohiSECH95_6	472047	476118	HistomissSECH102_6	609911	614022	color=b3b1b2
HistoohiSECH95_6	3482631	3486667	HistomissSECH102_6	4279554	4283586	color=b3b1b2
HistoohiSECH95_6	2810564	2814595	HistomissSECH102_6	3511948	3515949	color=b3b1b2
HistoohiSECH95_6	3006625	3010637	HistomissSECH102_6	3744325	3748332	color=b3b1b2
HistoohiSECH95_6	3933437	3937442	HistomissSECH102_6	4818109	4822016	color=b3b1b2
HistoohiSECH95_6	1546769	1550762	HistomissSECH102_6	1735301	1739311	color=b3b1b2
HistoohiSECH95_6	3745209	3749130	HistomissSECH102_6	4586263	4590198	color=b3b1b2
HistoohiSECH95_6	702816	706730	HistomissSECH102_6	834399	838315	color=b3b1b2
HistoohiSECH95_6	3884808	3888707	HistomissSECH102_6	4728983	4732881	color=b3b1b2
HistoohiSECH95_6	994145	997989	HistomissSECH102_6	1152878	1156704	color=b3b1b2
HistoohiSECH95_6	931974	935797	HistomissSECH102_6	1089980	1093801	color=b3b1b2
HistoohiSECH95_6	2747396	2751211	HistomissSECH102_6	3446048	3449865	color=b3b1b2
HistoohiSECH95_6	2741807	2745613	HistomissSECH102_6	3439826	3443646	color=b3b1b2
HistoohiSECH95_6	171369	175166	HistomissSECH102_6	170093	173908	color=b3b1b2
HistoohiSECH95_6	2229334	2233104	HistomissSECH102_6	2691442	2695212	color=b3b1b2
HistoohiSECH95_6	1481474	1485232	HistomissSECH102_6	1671441	1675198	color=b3b1b2
HistoohiSECH95_6	4130894	4134649	HistomissSECH102_6	5048274	5052017	color=b3b1b2
HistoohiSECH95_6	2268564	2272309	HistomissSECH102_6	2731699	2735486	color=b3b1b2
HistoohiSECH95_6	1999679	2003422	HistomissSECH102_6	2366384	2370098	color=b3b1b2
HistoohiSECH95_6	1614526	1618256	HistomissSECH102_6	1834501	1838204	color=b3b1b2
HistoohiSECH95_6	1873513	1877194	HistomissSECH102_6	2124003	2127683	color=b3b1b2
HistoohiSECH95_6	2282759	2286437	HistomissSECH102_6	2744530	2748248	color=b3b1b2
HistoohiSECH95_6	206997	210673	HistomissSECH102_6	205585	209247	color=b3b1b2
HistoohiSECH95_6	2868686	2872362	HistomissSECH102_6	3629608	3633280	color=b3b1b2
HistoohiSECH95_6	1076947	1080607	HistomissSECH102_6	1232946	1236587	color=b3b1b2
HistoohiSECH95_6	2828043	2831702	HistomissSECH102_6	3588574	3592196	color=b3b1b2
HistoohiSECH95_6	676825	680483	HistomissSECH102_6	807603	811228	color=b3b1b2
HistoohiSECH95_6	3941096	3944748	HistomissSECH102_6	4835447	4839106	color=b3b1b2
HistoohiSECH95_6	415582	419230	HistomissSECH102_6	476991	480656	color=b3b1b2
HistoohiSECH95_6	1112194	1115838	HistomissSECH102_6	1320280	1323930	color=b3b1b2
HistoohiSECH95_6	2222974	2226595	HistomissSECH102_6	2684026	2687651	color=b3b1b2
HistoohiSECH95_6	3740470	3744058	HistomissSECH102_6	4581785	4585293	color=b3b1b2
HistoohiSECH95_6	3066775	3070350	HistomissSECH102_6	3796795	3800314	color=b3b1b2
HistoohiSECH95_6	1103965	1107531	HistomissSECH102_6	1311765	1315312	color=b3b1b2
HistoohiSECH95_6	1275858	1279421	HistomissSECH102_6	1432936	1436514	color=b3b1b2
HistoohiSECH95_6	3599064	3602623	HistomissSECH102_6	4393862	4397411	color=b3b1b2
HistoohiSECH95_6	1966715	1970266	HistomissSECH102_6	2331563	2335110	color=b3b1b2
HistoohiSECH95_6	2520929	2524476	HistomissSECH102_6	3162281	3165838	color=b3b1b2
HistoohiSECH95_6	3120715	3124254	HistomissSECH102_6	3855191	3858755	color=b3b1b2
HistoohiSECH95_6	2772133	2775667	HistomissSECH102_6	3472201	3475708	color=b3b1b2
HistoohiSECH95_6	1915397	1918917	HistomissSECH102_6	2282322	2285863	color=b3b1b2
HistoohiSECH95_6	2423399	2426915	HistomissSECH102_6	3063004	3066496	color=b3b1b2
HistoohiSECH95_6	1155913	1159400	HistomissSECH102_6	1365218	1368719	color=b3b1b2
HistoohiSECH95_6	1021628	1025103	HistomissSECH102_6	1178877	1182352	color=b3b1b2
HistoohiSECH95_6	3535151	3538613	HistomissSECH102_6	4331954	4335416	color=b3b1b2
HistoohiSECH95_6	718117	721565	HistomissSECH102_6	849735	853190	color=b3b1b2
HistoohiSECH95_6	282088	285508	HistomissSECH102_6	288793	292209	color=b3b1b2
HistoohiSECH95_6	94258	97677	HistomissSECH102_6	95840	99267	color=b3b1b2
HistoohiSECH95_6	1868931	1872345	HistomissSECH102_6	2119748	2123173	color=b3b1b2
HistoohiSECH95_6	3047316	3050729	HistomissSECH102_6	3780295	3783696	color=b3b1b2
HistoohiSECH95_6	1557366	1560775	HistomissSECH102_6	1744444	1747844	color=b3b1b2
HistoohiSECH95_6	3800812	3804206	HistomissSECH102_6	4640269	4643626	color=b3b1b2
HistoohiSECH95_6	4048216	4051595	HistomissSECH102_6	4969043	4972439	color=b3b1b2
HistoohiSECH95_6	179630	182999	HistomissSECH102_6	177167	180548	color=b3b1b2
HistoohiSECH95_6	2448326	2451695	HistomissSECH102_6	3088778	3092147	color=b3b1b2
HistoohiSECH95_6	2242388	2245750	HistomissSECH102_6	2705349	2708710	color=b3b1b2
HistoohiSECH95_6	905855	909195	HistomissSECH102_6	1063007	1066319	color=b3b1b2
HistoohiSECH95_6	2737848	2741185	HistomissSECH102_6	3435575	3438897	color=b3b1b2
HistoohiSECH95_6	3858536	3861865	HistomissSECH102_6	4703118	4706436	color=b3b1b2
HistoohiSECH95_6	2946284	2949575	HistomissSECH102_6	3699599	3702841	color=b3b1b2
HistoohiSECH95_6	2136461	2139748	HistomissSECH102_6	2588600	2591857	color=b3b1b2
HistoohiSECH95_6	3499311	3502589	HistomissSECH102_6	4297096	4300377	color=b3b1b2
HistoohiSECH95_6	4179320	4182563	HistomissSECH102_6	5093511	5096754	color=b3b1b2
HistoohiSECH95_6	3093013	3096253	HistomissSECH102_6	3823653	3826907	color=b3b1b2
HistoohiSECH95_6	3995433	3998668	HistomissSECH102_6	4873624	4876773	color=b3b1b2
HistoohiSECH95_6	2768233	2771461	HistomissSECH102_6	3467994	3471219	color=b3b1b2
HistoohiSECH95_6	3525480	3528691	HistomissSECH102_6	4323644	4326834	color=b3b1b2
HistoohiSECH95_6	1795567	1798777	HistomissSECH102_6	2019019	2022217	color=b3b1b2
HistoohiSECH95_6	1576203	1579410	HistomissSECH102_6	1763251	1766472	color=b3b1b2
HistoohiSECH95_6	518918	522124	HistomissSECH102_6	657896	660979	color=b3b1b2
HistoohiSECH95_6	925624	928823	HistomissSECH102_6	1083271	1086444	color=b3b1b2
HistoohiSECH95_6	17227	20425	HistomissSECH102_6	7976	11186	color=b3b1b2
HistoohiSECH95_6	3082494	3085672	HistomissSECH102_6	3813431	3816593	color=b3b1b2
HistoohiSECH95_6	1298419	1301594	HistomissSECH102_6	1456039	1459210	color=b3b1b2
HistoohiSECH95_6	183001	186168	HistomissSECH102_6	180705	183915	color=b3b1b2
HistoohiSECH95_6	3291736	3294903	HistomissSECH102_6	4021473	4024595	color=b3b1b2
HistoohiSECH95_6	3387656	3390821	HistomissSECH102_6	4182384	4185544	color=b3b1b2
HistoohiSECH95_6	210711	213840	HistomissSECH102_6	209369	212461	color=b3b1b2
HistoohiSECH95_6	2245750	2248866	HistomissSECH102_6	2708865	2712029	color=b3b1b2
HistoohiSECH95_6	1816026	1819140	HistomissSECH102_6	2039676	2042769	color=b3b1b2
HistoohiSECH95_6	176266	179335	HistomissSECH102_6	174033	177066	color=b3b1b2
HistoohiSECH95_6	457770	460829	HistomissSECH102_6	601853	604913	color=b3b1b2
HistoohiSECH95_6	3109703	3112758	HistomissSECH102_6	3843470	3846586	color=b3b1b2
HistoohiSECH95_6	3383822	3386877	HistomissSECH102_6	4178571	4181553	color=b3b1b2
HistoohiSECH95_6	2035032	2038081	HistomissSECH102_6	2464310	2467349	color=b3b1b2
HistoohiSECH95_6	3074932	3077981	HistomissSECH102_6	3805265	3808301	color=b3b1b2
HistoohiSECH95_6	3944696	3947735	HistomissSECH102_6	4839207	4842245	color=b3b1b2
HistoohiSECH95_6	2309304	2312332	HistomissSECH102_6	2771470	2774430	color=b3b1b2
HistoohiSECH95_6	2634889	2637917	HistomissSECH102_6	3334687	3337690	color=b3b1b2
HistoohiSECH95_6	421167	424194	HistomissSECH102_6	482942	485976	color=b3b1b2
HistoohiSECH95_6	2730525	2733549	HistomissSECH102_6	3424341	3427351	color=b3b1b2
HistoohiSECH95_6	1521340	1524359	HistomissSECH102_6	1711134	1714150	color=b3b1b2
HistoohiSECH95_6	4045192	4048205	HistomissSECH102_6	4965759	4968721	color=b3b1b2
HistoohiSECH95_6	3010591	3013602	HistomissSECH102_6	3748480	3751448	color=b3b1b2
HistoohiSECH95_6	2041978	2044986	HistomissSECH102_6	2471397	2474359	color=b3b1b2
HistoohiSECH95_6	3910139	3913145	HistomissSECH102_6	4742453	4745476	color=b3b1b2
HistoohiSECH95_6	3400306	3403303	HistomissSECH102_6	4193060	4196062	color=b3b1b2
HistoohiSECH95_6	1495846	1498838	HistomissSECH102_6	1686138	1689183	color=b3b1b2
HistoohiSECH95_6	1089736	1092725	HistomissSECH102_6	1244698	1247700	color=b3b1b2
HistoohiSECH95_6	2249788	2252772	HistomissSECH102_6	2712978	2715881	color=b3b1b2
HistoohiSECH95_6	2627249	2630228	HistomissSECH102_6	3327876	3330782	color=b3b1b2
HistoohiSECH95_6	632184	635160	HistomissSECH102_6	759970	762966	color=b3b1b2
HistoohiSECH95_6	2631592	2634562	HistomissSECH102_6	3331612	3334584	color=b3b1b2
HistoohiSECH95_6	191158	194119	HistomissSECH102_6	189241	192202	color=b3b1b2
HistoohiSECH95_6	764969	767928	HistomissSECH102_6	933471	936389	color=b3b1b2
HistoohiSECH95_6	2039024	2041976	HistomissSECH102_6	2468279	2471240	color=b3b1b2
HistoohiSECH95_6	3813234	3816180	HistomissSECH102_6	4655341	4658276	color=b3b1b2
HistoohiSECH95_6	2687139	2690078	HistomissSECH102_6	3385520	3388512	color=b3b1b2
HistoohiSECH95_6	2194635	2197567	HistomissSECH102_6	2654868	2657727	color=b3b1b2
HistoohiSECH95_6	3881931	3884862	HistomissSECH102_6	4725968	4728882	color=b3b1b2
HistoohiSECH95_6	1602772	1605684	HistomissSECH102_6	1822376	1825261	color=b3b1b2
HistoohiSECH95_6	3776838	3779748	HistomissSECH102_6	4617520	4620475	color=b3b1b2
HistoohiSECH95_6	2213126	2216018	HistomissSECH102_6	2673581	2676468	color=b3b1b2
HistoohiSECH95_6	690314	693206	HistomissSECH102_6	821869	824761	color=b3b1b2
HistoohiSECH95_6	1170936	1173827	HistomissSECH102_6	1380907	1383763	color=b3b1b2
HistoohiSECH95_6	3216302	3219186	HistomissSECH102_6	3950584	3953523	color=b3b1b2
HistoohiSECH95_6	258499	261382	HistomissSECH102_6	260822	263691	color=b3b1b2
HistoohiSECH95_6	3879104	3881985	HistomissSECH102_6	4722969	4725867	color=b3b1b2
HistoohiSECH95_6	1269425	1272300	HistomissSECH102_6	1426128	1429079	color=b3b1b2
HistoohiSECH95_6	1811353	1814222	HistomissSECH102_6	2034934	2037790	color=b3b1b2
HistoohiSECH95_6	2785793	2788660	HistomissSECH102_6	3487298	3490119	color=b3b1b2
HistoohiSECH95_6	2182317	2185180	HistomissSECH102_6	2642570	2645455	color=b3b1b2
HistoohiSECH95_6	227120	229976	HistomissSECH102_6	227718	230572	color=b3b1b2
HistoohiSECH95_6	1057050	1059894	HistomissSECH102_6	1211700	1214562	color=b3b1b2
HistoohiSECH95_6	805804	808646	HistomissSECH102_6	974938	977816	color=b3b1b2
HistoohiSECH95_6	4169236	4172072	HistomissSECH102_6	5085682	5088499	color=b3b1b2
HistoohiSECH95_6	2513241	2516075	HistomissSECH102_6	3154782	3157606	color=b3b1b2
HistoohiSECH95_6	3734277	3737102	HistomissSECH102_6	4575189	4577986	color=b3b1b2
HistoohiSECH95_6	311284	314099	HistomissSECH102_6	318967	321753	color=b3b1b2
HistoohiSECH95_6	2017530	2020344	HistomissSECH102_6	2448761	2451583	color=b3b1b2
HistoohiSECH95_6	1741978	1744790	HistomissSECH102_6	1951537	1954349	color=b3b1b2
HistoohiSECH95_6	4161716	4164520	HistomissSECH102_6	5078084	5080889	color=b3b1b2
HistoohiSECH95_6	376931	379726	HistomissSECH102_6	418173	420940	color=b3b1b2
HistoohiSECH95_6	2073378	2076161	HistomissSECH102_6	2525854	2528621	color=b3b1b2
HistoohiSECH95_6	167276	170045	HistomissSECH102_6	165767	168536	color=b3b1b2
HistoohiSECH95_6	2839529	2842297	HistomissSECH102_6	3600395	3603166	color=b3b1b2
HistoohiSECH95_6	2316344	2319105	HistomissSECH102_6	2778817	2781563	color=b3b1b2
HistoohiSECH95_6	3976738	3979490	HistomissSECH102_6	4857925	4860676	color=b3b1b2
HistoohiSECH95_6	1140823	1143570	HistomissSECH102_6	1349011	1351758	color=b3b1b2
HistoohiSECH95_6	822403	825144	HistomissSECH102_6	993677	996419	color=b3b1b2
HistoohiSECH95_6	1535777	1538516	HistomissSECH102_6	1724715	1727408	color=b3b1b2
HistoohiSECH95_6	2260458	2263197	HistomissSECH102_6	2723588	2726328	color=b3b1b2
HistoohiSECH95_6	1403717	1406454	HistomissSECH102_6	1545858	1548595	color=b3b1b2
HistoohiSECH95_6	3167792	3170523	HistomissSECH102_6	3902361	3905059	color=b3b1b2
HistoohiSECH95_6	2455637	2458361	HistomissSECH102_6	3096886	3099580	color=b3b1b2
HistoohiSECH95_6	2145387	2148096	HistomissSECH102_6	2597537	2600228	color=b3b1b2
HistoohiSECH95_6	790192	792898	HistomissSECH102_6	959340	962039	color=b3b1b2
HistoohiSECH95_6	957643	960345	HistomissSECH102_6	1115442	1118151	color=b3b1b2
HistoohiSECH95_6	4195521	4198219	HistomissSECH102_6	5110518	5113193	color=b3b1b2
HistoohiSECH95_6	3115084	3117778	HistomissSECH102_6	3849380	3851984	color=b3b1b2
HistoohiSECH95_6	2561727	2564413	HistomissSECH102_6	3202055	3204735	color=b3b1b2
HistoohiSECH95_6	3625501	3628185	HistomissSECH102_6	4421675	4424359	color=b3b1b2
HistoohiSECH95_6	506836	509516	HistomissSECH102_6	645298	647981	color=b3b1b2
HistoohiSECH95_6	2076163	2078823	HistomissSECH102_6	2528778	2531436	color=b3b1b2
HistoohiSECH95_6	1313724	1316379	HistomissSECH102_6	1471082	1473763	color=b3b1b2
HistoohiSECH95_6	1928056	1930707	HistomissSECH102_6	2295227	2297874	color=b3b1b2
HistoohiSECH95_6	598527	601173	HistomissSECH102_6	727123	729783	color=b3b1b2
HistoohiSECH95_6	2844434	2847074	HistomissSECH102_6	3605805	3608443	color=b3b1b2
HistoohiSECH95_6	128199	130837	HistomissSECH102_6	127439	130074	color=b3b1b2
HistoohiSECH95_6	709536	712173	HistomissSECH102_6	840874	843506	color=b3b1b2
HistoohiSECH95_6	1803706	1806334	HistomissSECH102_6	2026756	2029355	color=b3b1b2
HistoohiSECH95_6	945707	948334	HistomissSECH102_6	1103257	1105850	color=b3b1b2
HistoohiSECH95_6	2404688	2407314	HistomissSECH102_6	2953383	2956057	color=b3b1b2
HistoohiSECH95_6	2898416	2901040	HistomissSECH102_6	3659511	3662145	color=b3b1b2
HistoohiSECH95_6	3266726	3269349	HistomissSECH102_6	3996442	3999057	color=b3b1b2
HistoohiSECH95_6	12406	15026	HistomissSECH102_6	2982	5604	color=b3b1b2
HistoohiSECH95_6	1945762	1948380	HistomissSECH102_6	2310664	2313258	color=b3b1b2
HistoohiSECH95_6	3191267	3193880	HistomissSECH102_6	3925091	3927720	color=b3b1b2
HistoohiSECH95_6	2675601	2678203	HistomissSECH102_6	3373601	3376181	color=b3b1b2
HistoohiSECH95_6	3827157	3829757	HistomissSECH102_6	4669741	4672371	color=b3b1b2
HistoohiSECH95_6	2067861	2070446	HistomissSECH102_6	2521466	2524038	color=b3b1b2
HistoohiSECH95_6	2276150	2278709	HistomissSECH102_6	2738718	2741324	color=b3b1b2
HistoohiSECH95_6	762075	764619	HistomissSECH102_6	930812	933370	color=b3b1b2
HistoohiSECH95_6	37401	39942	HistomissSECH102_6	28459	30986	color=b3b1b2
HistoohiSECH95_6	2950129	2952669	HistomissSECH102_6	3703705	3706246	color=b3b1b2
HistoohiSECH95_6	844082	846622	HistomissSECH102_6	1010302	1012907	color=b3b1b2
HistoohiSECH95_6	4226388	4228927	HistomissSECH102_6	5143460	5146000	color=b3b1b2
HistoohiSECH95_6	3171892	3174430	HistomissSECH102_6	3906902	3909497	color=b3b1b2
HistoohiSECH95_6	1147193	1149725	HistomissSECH102_6	1355763	1358296	color=b3b1b2
HistoohiSECH95_6	2208164	2210695	HistomissSECH102_6	2668114	2670634	color=b3b1b2
HistoohiSECH95_6	3716691	3719221	HistomissSECH102_6	4559312	4561826	color=b3b1b2
HistoohiSECH95_6	2078823	2081341	HistomissSECH102_6	2531586	2534133	color=b3b1b2
HistoohiSECH95_6	1241381	1243898	HistomissSECH102_6	1407712	1410229	color=b3b1b2
HistoohiSECH95_6	151801	154314	HistomissSECH102_6	150907	153396	color=b3b1b2
HistoohiSECH95_6	1310671	1313182	HistomissSECH102_6	1468450	1470960	color=b3b1b2
HistoohiSECH95_6	237356	239866	HistomissSECH102_6	238142	240661	color=b3b1b2
HistoohiSECH95_6	2591454	2593964	HistomissSECH102_6	3293482	3296015	color=b3b1b2
HistoohiSECH95_6	2142528	2145033	HistomissSECH102_6	2594638	2597137	color=b3b1b2
HistoohiSECH95_6	687564	690066	HistomissSECH102_6	819245	821768	color=b3b1b2
HistoohiSECH95_6	3496769	3499266	HistomissSECH102_6	4294479	4296981	color=b3b1b2
HistoohiSECH95_6	494843	497338	HistomissSECH102_6	633760	636290	color=b3b1b2
HistoohiSECH95_6	3843559	3846051	HistomissSECH102_6	4687999	4690496	color=b3b1b2
HistoohiSECH95_6	2290885	2293360	HistomissSECH102_6	2752087	2754509	color=b3b1b2
HistoohiSECH95_6	4051595	4054068	HistomissSECH102_6	4972612	4975102	color=b3b1b2
HistoohiSECH95_6	3449457	3451919	HistomissSECH102_6	4243726	4246191	color=b3b1b2
HistoohiSECH95_6	948703	951157	HistomissSECH102_6	1105951	1108455	color=b3b1b2
HistoohiSECH95_6	1285529	1287981	HistomissSECH102_6	1442608	1445101	color=b3b1b2
HistoohiSECH95_6	1366234	1368683	HistomissSECH102_6	1519420	1521861	color=b3b1b2
HistoohiSECH95_6	1189350	1191797	HistomissSECH102_6	1398987	1401464	color=b3b1b2
HistoohiSECH95_6	1912519	1914963	HistomissSECH102_6	2279834	2282221	color=b3b1b2
HistoohiSECH95_6	3580260	3582698	HistomissSECH102_6	4376800	4379238	color=b3b1b2
HistoohiSECH95_6	2362497	2364932	HistomissSECH102_6	2884200	2886666	color=b3b1b2
HistoohiSECH95_6	2356688	2359119	HistomissSECH102_6	2878441	2880891	color=b3b1b2
HistoohiSECH95_6	525282	527709	HistomissSECH102_6	663308	665638	color=b3b1b2
HistoohiSECH95_6	323870	326292	HistomissSECH102_6	367183	369605	color=b3b1b2
HistoohiSECH95_6	3328956	3331377	HistomissSECH102_6	4060102	4062500	color=b3b1b2
HistoohiSECH95_6	3810215	3812636	HistomissSECH102_6	4650782	4653200	color=b3b1b2
HistoohiSECH95_6	1573258	1575672	HistomissSECH102_6	1760503	1762896	color=b3b1b2
HistoohiSECH95_6	3371101	3373512	HistomissSECH102_6	4164615	4167027	color=b3b1b2
HistoohiSECH95_6	3080139	3082548	HistomissSECH102_6	3810920	3813330	color=b3b1b2
HistoohiSECH95_6	848779	851182	HistomissSECH102_6	1014604	1016957	color=b3b1b2
HistoohiSECH95_6	1472682	1475083	HistomissSECH102_6	1662496	1664921	color=b3b1b2
HistoohiSECH95_6	568453	570846	HistomissSECH102_6	704945	707384	color=b3b1b2
HistoohiSECH95_6	1352316	1354700	HistomissSECH102_6	1506174	1508558	color=b3b1b2
HistoohiSECH95_6	1159784	1162165	HistomissSECH102_6	1368820	1371180	color=b3b1b2
HistoohiSECH95_6	2953059	2955432	HistomissSECH102_6	3706347	3708725	color=b3b1b2
HistoohiSECH95_6	2021630	2023999	HistomissSECH102_6	2452699	2455069	color=b3b1b2
HistoohiSECH95_6	3397791	3400157	HistomissSECH102_6	4190606	4192952	color=b3b1b2
HistoohiSECH95_6	3768145	3770510	HistomissSECH102_6	4608881	4611265	color=b3b1b2
HistoohiSECH95_6	3234122	3236485	HistomissSECH102_6	3965678	3968047	color=b3b1b2
HistoohiSECH95_6	4092445	4094805	HistomissSECH102_6	5010567	5012922	color=b3b1b2
HistoohiSECH95_6	3273018	3275375	HistomissSECH102_6	4002884	4005247	color=b3b1b2
HistoohiSECH95_6	4165923	4168278	HistomissSECH102_6	5082533	5084901	color=b3b1b2
HistoohiSECH95_6	3302620	3304968	HistomissSECH102_6	4032363	4034708	color=b3b1b2
HistoohiSECH95_6	2525762	2528109	HistomissSECH102_6	3166520	3168833	color=b3b1b2
HistoohiSECH95_6	1363887	1366232	HistomissSECH102_6	1516926	1519267	color=b3b1b2
HistoohiSECH95_6	1909343	1911688	HistomissSECH102_6	2276619	2278925	color=b3b1b2
HistoohiSECH95_6	321437	323782	HistomissSECH102_6	364739	367082	color=b3b1b2
HistoohiSECH95_6	1566579	1568921	HistomissSECH102_6	1753125	1755547	color=b3b1b2
HistoohiSECH95_6	2547848	2550184	HistomissSECH102_6	3188268	3190547	color=b3b1b2
HistoohiSECH95_6	1951156	1953490	HistomissSECH102_6	2316477	2318809	color=b3b1b2
HistoohiSECH95_6	3925078	3927410	HistomissSECH102_6	4810187	4812531	color=b3b1b2
HistoohiSECH95_6	3149123	3151452	HistomissSECH102_6	3884685	3887002	color=b3b1b2
HistoohiSECH95_6	2918609	2920937	HistomissSECH102_6	3680371	3682702	color=b3b1b2
HistoohiSECH95_6	768182	770506	HistomissSECH102_6	936722	939080	color=b3b1b2
HistoohiSECH95_6	1487549	1489867	HistomissSECH102_6	1677744	1680046	color=b3b1b2
HistoohiSECH95_6	3508405	3510722	HistomissSECH102_6	4306374	4308689	color=b3b1b2
HistoohiSECH95_6	871264	873577	HistomissSECH102_6	1034380	1036712	color=b3b1b2
HistoohiSECH95_6	3433664	3435969	HistomissSECH102_6	4227612	4229939	color=b3b1b2
HistoohiSECH95_6	3014887	3017191	HistomissSECH102_6	3753043	3755346	color=b3b1b2
HistoohiSECH95_6	2465633	2467936	HistomissSECH102_6	3105622	3107918	color=b3b1b2
HistoohiSECH95_6	2997053	2999349	HistomissSECH102_6	3734218	3736523	color=b3b1b2
HistoohiSECH95_6	3553150	3555445	HistomissSECH102_6	4349357	4351642	color=b3b1b2
HistoohiSECH95_6	1028888	1031179	HistomissSECH102_6	1186499	1188790	color=b3b1b2
HistoohiSECH95_6	3635101	3637392	HistomissSECH102_6	4431302	4433603	color=b3b1b2
HistoohiSECH95_6	52123	54409	HistomissSECH102_6	37062	39376	color=b3b1b2
HistoohiSECH95_6	1941811	1944094	HistomissSECH102_6	2306251	2308532	color=b3b1b2
HistoohiSECH95_6	3135167	3137449	HistomissSECH102_6	3870198	3872480	color=b3b1b2
HistoohiSECH95_6	1902011	1904291	HistomissSECH102_6	2268656	2270938	color=b3b1b2
HistoohiSECH95_6	308751	311029	HistomissSECH102_6	316586	318864	color=b3b1b2
HistoohiSECH95_6	1809077	1811351	HistomissSECH102_6	2032496	2034777	color=b3b1b2
HistoohiSECH95_6	2815408	2817681	HistomissSECH102_6	3517039	3519308	color=b3b1b2
HistoohiSECH95_6	3125522	3127788	HistomissSECH102_6	3860239	3862571	color=b3b1b2
HistoohiSECH95_6	3891956	3894220	HistomissSECH102_6	4735373	4737632	color=b3b1b2
HistoohiSECH95_6	814692	816953	HistomissSECH102_6	985369	987634	color=b3b1b2
HistoohiSECH95_6	2381449	2383709	HistomissSECH102_6	2904731	2907009	color=b3b1b2
HistoohiSECH95_6	2442170	2444428	HistomissSECH102_6	3082503	3084772	color=b3b1b2
HistoohiSECH95_6	1585469	1587725	HistomissSECH102_6	1772100	1774366	color=b3b1b2
HistoohiSECH95_6	3306829	3309082	HistomissSECH102_6	4036841	4039117	color=b3b1b2
HistoohiSECH95_6	895333	897585	HistomissSECH102_6	1055991	1058254	color=b3b1b2
HistoohiSECH95_6	3513359	3515608	HistomissSECH102_6	4311521	4313790	color=b3b1b2
HistoohiSECH95_6	1074752	1076999	HistomissSECH102_6	1230640	1232843	color=b3b1b2
HistoohiSECH95_6	3894246	3896493	HistomissSECH102_6	4737787	4740055	color=b3b1b2
HistoohiSECH95_6	779033	781276	HistomissSECH102_6	947498	949727	color=b3b1b2
HistoohiSECH95_6	612934	615175	HistomissSECH102_6	742314	744555	color=b3b1b2
HistoohiSECH95_6	2400641	2402881	HistomissSECH102_6	2949030	2951269	color=b3b1b2
HistoohiSECH95_6	2684958	2687193	HistomissSECH102_6	3383231	3385419	color=b3b1b2
HistoohiSECH95_6	2962068	2964293	HistomissSECH102_6	3715366	3717603	color=b3b1b2
HistoohiSECH95_6	1663641	1665865	HistomissSECH102_6	1876753	1878944	color=b3b1b2
HistoohiSECH95_6	1283310	1285527	HistomissSECH102_6	1440219	1442451	color=b3b1b2
HistoohiSECH95_6	3725550	3727763	HistomissSECH102_6	4567947	4570165	color=b3b1b2
HistoohiSECH95_6	1316720	1318924	HistomissSECH102_6	1473864	1476060	color=b3b1b2
HistoohiSECH95_6	358896	361098	HistomissSECH102_6	401893	404124	color=b3b1b2
HistoohiSECH95_6	2585586	2587783	HistomissSECH102_6	3289223	3291426	color=b3b1b2
HistoohiSECH95_6	2778379	2780575	HistomissSECH102_6	3478883	3481041	color=b3b1b2
HistoohiSECH95_6	500165	502355	HistomissSECH102_6	638108	640307	color=b3b1b2
HistoohiSECH95_6	3260158	3262347	HistomissSECH102_6	3990440	3992684	color=b3b1b2
HistoohiSECH95_6	3159638	3161824	HistomissSECH102_6	3892458	3894602	color=b3b1b2
HistoohiSECH95_6	1972782	1974967	HistomissSECH102_6	2338055	2340221	color=b3b1b2
HistoohiSECH95_6	4236742	4238927	HistomissSECH102_6	5152979	5155161	color=b3b1b2
HistoohiSECH95_6	2873695	2875878	HistomissSECH102_6	3635078	3637245	color=b3b1b2
HistoohiSECH95_6	317414	319597	HistomissSECH102_6	325848	328064	color=b3b1b2
HistoohiSECH95_6	666839	669017	HistomissSECH102_6	796501	798627	color=b3b1b2
HistoohiSECH95_6	1267245	1269415	HistomissSECH102_6	1423844	1426014	color=b3b1b2
HistoohiSECH95_6	3446722	3448891	HistomissSECH102_6	4240681	4242854	color=b3b1b2
HistoohiSECH95_6	4017738	4019904	HistomissSECH102_6	4943931	4946089	color=b3b1b2
HistoohiSECH95_6	1595025	1597189	HistomissSECH102_6	1781420	1783587	color=b3b1b2
HistoohiSECH95_6	1644449	1646611	HistomissSECH102_6	1859392	1861554	color=b3b1b2
HistoohiSECH95_6	1145031	1147191	HistomissSECH102_6	1353461	1355606	color=b3b1b2
HistoohiSECH95_6	1826885	1829040	HistomissSECH102_6	2051721	2053865	color=b3b1b2
HistoohiSECH95_6	1360722	1362870	HistomissSECH102_6	1513317	1515465	color=b3b1b2
HistoohiSECH95_6	4184853	4186999	HistomissSECH102_6	5099510	5101656	color=b3b1b2
HistoohiSECH95_6	606919	609062	HistomissSECH102_6	735873	737993	color=b3b1b2
HistoohiSECH95_6	561316	563458	HistomissSECH102_6	696931	699090	color=b3b1b2
HistoohiSECH95_6	3300139	3302280	HistomissSECH102_6	4030080	4032218	color=b3b1b2
HistoohiSECH95_6	286803	288940	HistomissSECH102_6	293861	295968	color=b3b1b2
HistoohiSECH95_6	3409393	3411530	HistomissSECH102_6	4203347	4205443	color=b3b1b2
HistoohiSECH95_6	1132275	1134410	HistomissSECH102_6	1340784	1342899	color=b3b1b2
HistoohiSECH95_6	680548	682682	HistomissSECH102_6	811388	813490	color=b3b1b2
HistoohiSECH95_6	3757285	3759418	HistomissSECH102_6	4599446	4601522	color=b3b1b2
HistoohiSECH95_6	3539356	3541485	HistomissSECH102_6	4335526	4337673	color=b3b1b2
HistoohiSECH95_6	1829748	1831866	HistomissSECH102_6	2054914	2057018	color=b3b1b2
HistoohiSECH95_6	2152243	2154361	HistomissSECH102_6	2604207	2606300	color=b3b1b2
HistoohiSECH95_6	2176109	2178225	HistomissSECH102_6	2633080	2635121	color=b3b1b2
HistoohiSECH95_6	1647259	1649368	HistomissSECH102_6	1862120	1864234	color=b3b1b2
HistoohiSECH95_6	3566084	3568193	HistomissSECH102_6	4362877	4364984	color=b3b1b2
HistoohiSECH95_6	3720355	3722459	HistomissSECH102_6	4563176	4565333	color=b3b1b2
HistoohiSECH95_6	1625608	1627711	HistomissSECH102_6	1846284	1848417	color=b3b1b2
HistoohiSECH95_6	2237659	2239762	HistomissSECH102_6	2700039	2702065	color=b3b1b2
HistoohiSECH95_6	3366552	3368653	HistomissSECH102_6	4094461	4096547	color=b3b1b2
HistoohiSECH95_6	451292	453391	HistomissSECH102_6	595192	597289	color=b3b1b2
HistoohiSECH95_6	4081509	4083601	HistomissSECH102_6	4998872	5000944	color=b3b1b2
HistoohiSECH95_6	3420824	3422913	HistomissSECH102_6	4213244	4215362	color=b3b1b2
HistoohiSECH95_6	480402	482490	HistomissSECH102_6	618817	620905	color=b3b1b2
HistoohiSECH95_6	1713982	1716069	HistomissSECH102_6	1920511	1922568	color=b3b1b2
HistoohiSECH95_6	3563082	3565164	HistomissSECH102_6	4359790	4361808	color=b3b1b2
HistoohiSECH95_6	1393070	1395151	HistomissSECH102_6	1538073	1540157	color=b3b1b2
HistoohiSECH95_6	969669	971748	HistomissSECH102_6	1128293	1130307	color=b3b1b2
HistoohiSECH95_6	1198606	1200683	HistomissSECH102_6	1404096	1406187	color=b3b1b2
HistoohiSECH95_6	2893850	2895927	HistomissSECH102_6	3654498	3656580	color=b3b1b2
HistoohiSECH95_6	3117938	3120015	HistomissSECH102_6	3852108	3854188	color=b3b1b2
HistoohiSECH95_6	1439497	1441569	HistomissSECH102_6	1569418	1571508	color=b3b1b2
HistoohiSECH95_6	4224017	4226088	HistomissSECH102_6	5141013	5143085	color=b3b1b2
HistoohiSECH95_6	3856466	3858534	HistomissSECH102_6	4700966	4702961	color=b3b1b2
HistoohiSECH95_6	741634	743702	HistomissSECH102_6	915286	917361	color=b3b1b2
HistoohiSECH95_6	3982002	3984068	HistomissSECH102_6	4863191	4865265	color=b3b1b2
HistoohiSECH95_6	1765158	1767221	HistomissSECH102_6	1976179	1978233	color=b3b1b2
HistoohiSECH95_6	1149909	1151971	HistomissSECH102_6	1358645	1360687	color=b3b1b2
HistoohiSECH95_6	911079	913137	HistomissSECH102_6	1068100	1070148	color=b3b1b2
HistoohiSECH95_6	1684389	1686443	HistomissSECH102_6	1893994	1896002	color=b3b1b2
HistoohiSECH95_6	3791180	3793233	HistomissSECH102_6	4630800	4632848	color=b3b1b2
HistoohiSECH95_6	3951164	3953216	HistomissSECH102_6	4824000	4826054	color=b3b1b2
HistoohiSECH95_6	1444025	1446076	HistomissSECH102_6	1574009	1576071	color=b3b1b2
HistoohiSECH95_6	661711	663754	HistomissSECH102_6	790880	792914	color=b3b1b2
HistoohiSECH95_6	1272302	1274339	HistomissSECH102_6	1429236	1431290	color=b3b1b2
HistoohiSECH95_6	1165841	1167877	HistomissSECH102_6	1375433	1377475	color=b3b1b2
HistoohiSECH95_6	2558121	2560156	HistomissSECH102_6	3198559	3200597	color=b3b1b2
HistoohiSECH95_6	356773	358801	HistomissSECH102_6	399764	401792	color=b3b1b2
HistoohiSECH95_6	231102	233128	HistomissSECH102_6	231839	233882	color=b3b1b2
HistoohiSECH95_6	3738208	3740234	HistomissSECH102_6	4579658	4581684	color=b3b1b2
HistoohiSECH95_6	476118	478144	HistomissSECH102_6	614147	616172	color=b3b1b2
HistoohiSECH95_6	2367170	2369193	HistomissSECH102_6	2889859	2891818	color=b3b1b2
HistoohiSECH95_6	1294562	1296584	HistomissSECH102_6	1452364	1454385	color=b3b1b2
HistoohiSECH95_6	486836	488858	HistomissSECH102_6	625004	626990	color=b3b1b2
HistoohiSECH95_6	3314030	3316041	HistomissSECH102_6	4044459	4046470	color=b3b1b2
HistoohiSECH95_6	4124393	4126397	HistomissSECH102_6	5041231	5043244	color=b3b1b2
HistoohiSECH95_6	713810	715813	HistomissSECH102_6	845540	847521	color=b3b1b2
HistoohiSECH95_6	3138829	3140826	HistomissSECH102_6	3874178	3876190	color=b3b1b2
HistoohiSECH95_6	928769	930764	HistomissSECH102_6	1086545	1088531	color=b3b1b2
HistoohiSECH95_6	2803272	2805264	HistomissSECH102_6	3504501	3506482	color=b3b1b2
HistoohiSECH95_6	3088286	3090276	HistomissSECH102_6	3819468	3821447	color=b3b1b2
HistoohiSECH95_6	1654144	1656133	HistomissSECH102_6	1869307	1871283	color=b3b1b2
HistoohiSECH95_6	3492094	3494080	HistomissSECH102_6	4289581	4291572	color=b3b1b2
HistoohiSECH95_6	2941145	2943127	HistomissSECH102_6	3695671	3697646	color=b3b1b2
HistoohiSECH95_6	2780575	2782555	HistomissSECH102_6	3481196	3483202	color=b3b1b2
HistoohiSECH95_6	3854129	3856105	HistomissSECH102_6	4698884	4700865	color=b3b1b2
HistoohiSECH95_6	2714980	2716940	HistomissSECH102_6	3413405	3415365	color=b3b1b2
HistoohiSECH95_6	1739310	1741268	HistomissSECH102_6	1948521	1950517	color=b3b1b2
HistoohiSECH95_6	781433	783386	HistomissSECH102_6	949722	951715	color=b3b1b2
HistoohiSECH95_6	700246	702198	HistomissSECH102_6	831511	833472	color=b3b1b2
HistoohiSECH95_6	2891688	2893639	HistomissSECH102_6	3652446	3654397	color=b3b1b2
HistoohiSECH95_6	3423873	3425820	HistomissSECH102_6	4216719	4218673	color=b3b1b2
HistoohiSECH95_6	2776431	2778377	HistomissSECH102_6	3476782	3478726	color=b3b1b2
HistoohiSECH95_6	3002258	3004201	HistomissSECH102_6	3739488	3741439	color=b3b1b2
HistoohiSECH95_6	2625307	2627247	HistomissSECH102_6	3325781	3327719	color=b3b1b2
HistoohiSECH95_6	98605	100545	HistomissSECH102_6	100524	102457	color=b3b1b2
HistoohiSECH95_6	1388450	1390385	HistomissSECH102_6	1533077	1535018	color=b3b1b2
HistoohiSECH95_6	3939079	3941009	HistomissSECH102_6	4833384	4835346	color=b3b1b2
HistoohiSECH95_6	2179103	2181029	HistomissSECH102_6	2636287	2638206	color=b3b1b2
HistoohiSECH95_6	832616	834540	HistomissSECH102_6	998679	1000603	color=b3b1b2
HistoohiSECH95_6	1737387	1739308	HistomissSECH102_6	1946441	1948364	color=b3b1b2
HistoohiSECH95_6	2337672	2339591	HistomissSECH102_6	2790329	2792262	color=b3b1b2
HistoohiSECH95_6	2647157	2649075	HistomissSECH102_6	3346348	3348264	color=b3b1b2
HistoohiSECH95_6	1054622	1056538	HistomissSECH102_6	1208926	1210830	color=b3b1b2
HistoohiSECH95_6	3973533	3975445	HistomissSECH102_6	4854727	4856673	color=b3b1b2
HistoohiSECH95_6	673709	675621	HistomissSECH102_6	804277	806190	color=b3b1b2
HistoohiSECH95_6	3487133	3489042	HistomissSECH102_6	4284362	4286281	color=b3b1b2
HistoohiSECH95_6	962590	964498	HistomissSECH102_6	1120580	1122488	color=b3b1b2
HistoohiSECH95_6	698161	700066	HistomissSECH102_6	829659	831520	color=b3b1b2
HistoohiSECH95_6	3623651	3625555	HistomissSECH102_6	4419684	4421574	color=b3b1b2
HistoohiSECH95_6	3837258	3839159	HistomissSECH102_6	4680660	4682557	color=b3b1b2
HistoohiSECH95_6	382764	384663	HistomissSECH102_6	423435	425426	color=b3b1b2
HistoohiSECH95_6	252292	254190	HistomissSECH102_6	256679	258652	color=b3b1b2
HistoohiSECH95_6	3561238	3563136	HistomissSECH102_6	4357776	4359689	color=b3b1b2
HistoohiSECH95_6	3502535	3504431	HistomissSECH102_6	4300478	4302367	color=b3b1b2
HistoohiSECH95_6	3522046	3523941	HistomissSECH102_6	4320042	4321932	color=b3b1b2
HistoohiSECH95_6	1981915	1983807	HistomissSECH102_6	2347324	2349241	color=b3b1b2
HistoohiSECH95_6	1009880	1011771	HistomissSECH102_6	1168490	1170345	color=b3b1b2
HistoohiSECH95_6	1453751	1455640	HistomissSECH102_6	1644838	1646692	color=b3b1b2
HistoohiSECH95_6	3107253	3109141	HistomissSECH102_6	3841339	3843215	color=b3b1b2
HistoohiSECH95_6	2387492	2389378	HistomissSECH102_6	2911003	2912885	color=b3b1b2
HistoohiSECH95_6	3698200	3700086	HistomissSECH102_6	4486078	4487961	color=b3b1b2
HistoohiSECH95_6	326987	328872	HistomissSECH102_6	370557	372416	color=b3b1b2
HistoohiSECH95_6	616864	618745	HistomissSECH102_6	746304	748187	color=b3b1b2
HistoohiSECH95_6	3414196	3416075	HistomissSECH102_6	4207252	4209131	color=b3b1b2
HistoohiSECH95_6	3478895	3480773	HistomissSECH102_6	4275957	4277830	color=b3b1b2
HistoohiSECH95_6	4120356	4122230	HistomissSECH102_6	5036813	5038686	color=b3b1b2
HistoohiSECH95_6	582809	584683	HistomissSECH102_6	711554	713426	color=b3b1b2
HistoohiSECH95_6	2712060	2713933	HistomissSECH102_6	3410053	3411922	color=b3b1b2
HistoohiSECH95_6	3428656	3430529	HistomissSECH102_6	4222004	4223887	color=b3b1b2
HistoohiSECH95_6	3438077	3439950	HistomissSECH102_6	4232506	4234374	color=b3b1b2
HistoohiSECH95_6	913137	915007	HistomissSECH102_6	1070268	1072131	color=b3b1b2
HistoohiSECH95_6	1479460	1481324	HistomissSECH102_6	1669569	1671433	color=b3b1b2
HistoohiSECH95_6	2505021	2506885	HistomissSECH102_6	3142877	3144734	color=b3b1b2
HistoohiSECH95_6	2383711	2385573	HistomissSECH102_6	2907166	2909052	color=b3b1b2
HistoohiSECH95_6	3004203	3006065	HistomissSECH102_6	3741596	3743455	color=b3b1b2
HistoohiSECH95_6	3797302	3799164	HistomissSECH102_6	4636467	4638343	color=b3b1b2
HistoohiSECH95_6	884673	886535	HistomissSECH102_6	1047256	1049129	color=b3b1b2
HistoohiSECH95_6	2402827	2404686	HistomissSECH102_6	2951370	2953226	color=b3b1b2
HistoohiSECH95_6	1948326	1950182	HistomissSECH102_6	2313359	2315215	color=b3b1b2
HistoohiSECH95_6	3476960	3478816	HistomissSECH102_6	4274012	4275856	color=b3b1b2
HistoohiSECH95_6	1168442	1170295	HistomissSECH102_6	1378348	1380204	color=b3b1b2
HistoohiSECH95_6	2669604	2671457	HistomissSECH102_6	3367418	3369270	color=b3b1b2
HistoohiSECH95_6	873776	875629	HistomissSECH102_6	1036813	1038610	color=b3b1b2
HistoohiSECH95_6	3793340	3795187	HistomissSECH102_6	4632851	4634693	color=b3b1b2
HistoohiSECH95_6	361993	363837	HistomissSECH102_6	404948	406868	color=b3b1b2
HistoohiSECH95_6	988293	990137	HistomissSECH102_6	1147396	1149249	color=b3b1b2
HistoohiSECH95_6	352684	354525	HistomissSECH102_6	395443	397283	color=b3b1b2
HistoohiSECH95_6	4219179	4221020	HistomissSECH102_6	5134357	5136184	color=b3b1b2
HistoohiSECH95_6	1623034	1624872	HistomissSECH102_6	1843422	1845247	color=b3b1b2
HistoohiSECH95_6	3025840	3027677	HistomissSECH102_6	3763220	3765102	color=b3b1b2
HistoohiSECH95_6	1837301	1839130	HistomissSECH102_6	2063732	2065579	color=b3b1b2
HistoohiSECH95_6	4107190	4109019	HistomissSECH102_6	5023720	5025525	color=b3b1b2
HistoohiSECH95_6	4207266	4209094	HistomissSECH102_6	5122729	5124557	color=b3b1b2
HistoohiSECH95_6	2172361	2174186	HistomissSECH102_6	2628775	2630600	color=b3b1b2
HistoohiSECH95_6	3361851	3363674	HistomissSECH102_6	4089800	4091574	color=b3b1b2
HistoohiSECH95_6	1681718	1683539	HistomissSECH102_6	1891366	1893199	color=b3b1b2
HistoohiSECH95_6	2705655	2707474	HistomissSECH102_6	3403449	3405266	color=b3b1b2
HistoohiSECH95_6	4213839	4215658	HistomissSECH102_6	5128473	5130212	color=b3b1b2
HistoohiSECH95_6	3760794	3762609	HistomissSECH102_6	4602408	4604251	color=b3b1b2
HistoohiSECH95_6	1517843	1519657	HistomissSECH102_6	1707357	1709153	color=b3b1b2
HistoohiSECH95_6	2314532	2316342	HistomissSECH102_6	2776851	2778676	color=b3b1b2
HistoohiSECH95_6	2993633	2995441	HistomissSECH102_6	3730873	3732698	color=b3b1b2
HistoohiSECH95_6	658924	660731	HistomissSECH102_6	787794	789579	color=b3b1b2
HistoohiSECH95_6	3200570	3202376	HistomissSECH102_6	3934576	3936371	color=b3b1b2
HistoohiSECH95_6	4023212	4025018	HistomissSECH102_6	4949395	4951201	color=b3b1b2
HistoohiSECH95_6	2881227	2883031	HistomissSECH102_6	3643250	3645055	color=b3b1b2
HistoohiSECH95_6	1865762	1867561	HistomissSECH102_6	2115883	2117690	color=b3b1b2
HistoohiSECH95_6	3343775	3345574	HistomissSECH102_6	4075307	4077049	color=b3b1b2
HistoohiSECH95_6	3582700	3584498	HistomissSECH102_6	4379395	4381206	color=b3b1b2
HistoohiSECH95_6	2699980	2701776	HistomissSECH102_6	3397969	3399763	color=b3b1b2
HistoohiSECH95_6	2800482	2802277	HistomissSECH102_6	3501647	3503420	color=b3b1b2
HistoohiSECH95_6	3544297	3546089	HistomissSECH102_6	4340933	4342739	color=b3b1b2
HistoohiSECH95_6	2105642	2107433	HistomissSECH102_6	2557634	2559423	color=b3b1b2
HistoohiSECH95_6	1718571	1720361	HistomissSECH102_6	1924769	1926574	color=b3b1b2
HistoohiSECH95_6	2320872	2322657	HistomissSECH102_6	2783154	2784934	color=b3b1b2
HistoohiSECH95_6	202816	204600	HistomissSECH102_6	201165	202949	color=b3b1b2
HistoohiSECH95_6	669019	670803	HistomissSECH102_6	798784	800614	color=b3b1b2
HistoohiSECH95_6	3700034	3701817	HistomissSECH102_6	4488063	4489834	color=b3b1b2
HistoohiSECH95_6	3652209	3653989	HistomissSECH102_6	4447331	4449132	color=b3b1b2
HistoohiSECH95_6	2847020	2848799	HistomissSECH102_6	3608544	3610320	color=b3b1b2
HistoohiSECH95_6	2134619	2136397	HistomissSECH102_6	2586713	2588499	color=b3b1b2
HistoohiSECH95_6	3128291	3130067	HistomissSECH102_6	3863475	3865257	color=b3b1b2
HistoohiSECH95_6	2760982	2762757	HistomissSECH102_6	3460483	3462251	color=b3b1b2
HistoohiSECH95_6	1958660	1960434	HistomissSECH102_6	2323507	2325281	color=b3b1b2
HistoohiSECH95_6	630237	632011	HistomissSECH102_6	758005	759741	color=b3b1b2
HistoohiSECH95_6	1516072	1517841	HistomissSECH102_6	1705428	1707200	color=b3b1b2
HistoohiSECH95_6	642913	644679	HistomissSECH102_6	770215	771986	color=b3b1b2
HistoohiSECH95_6	1033697	1035462	HistomissSECH102_6	1191324	1193137	color=b3b1b2
HistoohiSECH95_6	3515610	3517369	HistomissSECH102_6	4313947	4315752	color=b3b1b2
HistoohiSECH95_6	1819142	1820899	HistomissSECH102_6	2042926	2044613	color=b3b1b2
HistoohiSECH95_6	514185	515938	HistomissSECH102_6	652797	654511	color=b3b1b2
HistoohiSECH95_6	1512620	1514372	HistomissSECH102_6	1702042	1703795	color=b3b1b2
HistoohiSECH95_6	2849215	2850967	HistomissSECH102_6	3610767	3612459	color=b3b1b2
HistoohiSECH95_6	2545944	2547692	HistomissSECH102_6	3186562	3188322	color=b3b1b2
HistoohiSECH95_6	114259	116003	HistomissSECH102_6	117921	119633	color=b3b1b2
HistoohiSECH95_6	3953218	3954957	HistomissSECH102_6	4826211	4827953	color=b3b1b2
HistoohiSECH95_6	2107379	2109117	HistomissSECH102_6	2559524	2561266	color=b3b1b2
HistoohiSECH95_6	3593621	3595359	HistomissSECH102_6	4387998	4389736	color=b3b1b2
HistoohiSECH95_6	802841	804577	HistomissSECH102_6	972268	974000	color=b3b1b2
HistoohiSECH95_6	2673630	2675365	HistomissSECH102_6	3371604	3373353	color=b3b1b2
HistoohiSECH95_6	665102	666837	HistomissSECH102_6	794604	796344	color=b3b1b2
HistoohiSECH95_6	4216714	4218446	HistomissSECH102_6	5131600	5133311	color=b3b1b2
HistoohiSECH95_6	2834391	2836121	HistomissSECH102_6	3594986	3596705	color=b3b1b2
HistoohiSECH95_6	215219	216948	HistomissSECH102_6	214310	216027	color=b3b1b2
HistoohiSECH95_6	1418382	1420107	HistomissSECH102_6	1556155	1557842	color=b3b1b2
HistoohiSECH95_6	2831704	2833428	HistomissSECH102_6	3592353	3594080	color=b3b1b2
HistoohiSECH95_6	3816407	3818131	HistomissSECH102_6	4658377	4660082	color=b3b1b2
HistoohiSECH95_6	3078414	3080137	HistomissSECH102_6	3809041	3810763	color=b3b1b2
HistoohiSECH95_6	1925902	1927619	HistomissSECH102_6	2293384	2295123	color=b3b1b2
HistoohiSECH95_6	2365510	2367224	HistomissSECH102_6	2888044	2889758	color=b3b1b2
HistoohiSECH95_6	2083568	2085281	HistomissSECH102_6	2536422	2538122	color=b3b1b2
HistoohiSECH95_6	3405791	3407504	HistomissSECH102_6	4199507	4201211	color=b3b1b2
HistoohiSECH95_6	3966948	3968661	HistomissSECH102_6	4848331	4850044	color=b3b1b2
HistoohiSECH95_6	1649366	1651078	HistomissSECH102_6	1864346	1866078	color=b3b1b2
HistoohiSECH95_6	3949506	3951218	HistomissSECH102_6	4822187	4823899	color=b3b1b2
HistoohiSECH95_6	1253646	1255352	HistomissSECH102_6	1413403	1415134	color=b3b1b2
HistoohiSECH95_6	3703287	3704991	HistomissSECH102_6	4490635	4492336	color=b3b1b2
HistoohiSECH95_6	1302170	1303872	HistomissSECH102_6	1460096	1461798	color=b3b1b2
HistoohiSECH95_6	955939	957641	HistomissSECH102_6	1113586	1115285	color=b3b1b2
HistoohiSECH95_6	558644	560344	HistomissSECH102_6	694720	696422	color=b3b1b2
HistoohiSECH95_6	103842	105539	HistomissSECH102_6	107128	108825	color=b3b1b2
HistoohiSECH95_6	2130773	2132470	HistomissSECH102_6	2583098	2584795	color=b3b1b2
HistoohiSECH95_6	1934207	1935903	HistomissSECH102_6	2301308	2303005	color=b3b1b2
HistoohiSECH95_6	205299	206995	HistomissSECH102_6	203732	205428	color=b3b1b2
HistoohiSECH95_6	2121080	2122776	HistomissSECH102_6	2574666	2576364	color=b3b1b2
HistoohiSECH95_6	4204573	4206269	HistomissSECH102_6	5120319	5121982	color=b3b1b2
HistoohiSECH95_6	2879586	2881281	HistomissSECH102_6	3641445	3643149	color=b3b1b2
HistoohiSECH95_6	1779174	1780867	HistomissSECH102_6	1991563	1993256	color=b3b1b2
HistoohiSECH95_6	985945	987638	HistomissSECH102_6	1144733	1146431	color=b3b1b2
HistoohiSECH95_6	4156180	4157872	HistomissSECH102_6	5071946	5073615	color=b3b1b2
HistoohiSECH95_6	744080	745772	HistomissSECH102_6	917595	919278	color=b3b1b2
HistoohiSECH95_6	4230416	4232107	HistomissSECH102_6	5147113	5148855	color=b3b1b2
HistoohiSECH95_6	2680490	2682179	HistomissSECH102_6	3378541	3380243	color=b3b1b2
HistoohiSECH95_6	3043224	3044909	HistomissSECH102_6	3776392	3778066	color=b3b1b2
HistoohiSECH95_6	1979027	1980709	HistomissSECH102_6	2344714	2346402	color=b3b1b2
HistoohiSECH95_6	2622236	2623916	HistomissSECH102_6	3322420	3324080	color=b3b1b2
HistoohiSECH95_6	1519660	1521338	HistomissSECH102_6	1709311	1710977	color=b3b1b2
HistoohiSECH95_6	130833	132510	HistomissSECH102_6	131601	133294	color=b3b1b2
HistoohiSECH95_6	1985075	1986751	HistomissSECH102_6	2350191	2351872	color=b3b1b2
HistoohiSECH95_6	1062439	1064114	HistomissSECH102_6	1217477	1219137	color=b3b1b2
HistoohiSECH95_6	2723008	2724682	HistomissSECH102_6	2512435	2514105	color=b3b1b2
HistoohiSECH95_6	1563142	1564811	HistomissSECH102_6	1749717	1751408	color=b3b1b2
HistoohiSECH95_6	3140828	3142497	HistomissSECH102_6	3876338	3878007	color=b3b1b2
HistoohiSECH95_6	2611960	2613627	HistomissSECH102_6	3312136	3313799	color=b3b1b2
HistoohiSECH95_6	4200326	4201992	HistomissSECH102_6	5115468	5117062	color=b3b1b2
HistoohiSECH95_6	1561278	1562939	HistomissSECH102_6	1747945	1749616	color=b3b1b2
HistoohiSECH95_6	1899026	1900687	HistomissSECH102_6	2265300	2266964	color=b3b1b2
HistoohiSECH95_6	4110484	4112145	HistomissSECH102_6	5027289	5028950	color=b3b1b2
HistoohiSECH95_6	897531	899191	HistomissSECH102_6	1058355	1060015	color=b3b1b2
HistoohiSECH95_6	2842297	2843956	HistomissSECH102_6	3603321	3604994	color=b3b1b2
HistoohiSECH95_6	2185545	2187199	HistomissSECH102_6	2645556	2647210	color=b3b1b2
HistoohiSECH95_6	2030415	2032067	HistomissSECH102_6	2459350	2460996	color=b3b1b2
HistoohiSECH95_6	3162445	3164097	HistomissSECH102_6	3895185	3896832	color=b3b1b2
HistoohiSECH95_6	2661792	2663442	HistomissSECH102_6	3360228	3361882	color=b3b1b2
HistoohiSECH95_6	2493380	2495028	HistomissSECH102_6	3132291	3133944	color=b3b1b2
HistoohiSECH95_6	2372391	2374038	HistomissSECH102_6	2895184	2896830	color=b3b1b2
HistoohiSECH95_6	3472250	3473894	HistomissSECH102_6	4266555	4268143	color=b3b1b2
HistoohiSECH95_6	2861811	2863452	HistomissSECH102_6	3622521	3624156	color=b3b1b2
HistoohiSECH95_6	3375200	3376840	HistomissSECH102_6	4168965	4170588	color=b3b1b2
HistoohiSECH95_6	707018	708657	HistomissSECH102_6	838416	840054	color=b3b1b2
HistoohiSECH95_6	4126343	4127980	HistomissSECH102_6	5043345	5044964	color=b3b1b2
HistoohiSECH95_6	730691	732327	HistomissSECH102_6	862674	864310	color=b3b1b2
HistoohiSECH95_6	1081761	1083394	HistomissSECH102_6	1236734	1238359	color=b3b1b2
HistoohiSECH95_6	2235562	2237194	HistomissSECH102_6	2697600	2699268	color=b3b1b2
HistoohiSECH95_6	262906	264537	HistomissSECH102_6	265534	267128	color=b3b1b2
HistoohiSECH95_6	4193888	4195519	HistomissSECH102_6	5108745	5110361	color=b3b1b2
HistoohiSECH95_6	1119094	1120722	HistomissSECH102_6	1326907	1328547	color=b3b1b2
HistoohiSECH95_6	2163587	2165214	HistomissSECH102_6	2615794	2617407	color=b3b1b2
HistoohiSECH95_6	3059652	3061279	HistomissSECH102_6	3790973	3792590	color=b3b1b2
HistoohiSECH95_6	3143124	3144750	HistomissSECH102_6	3878953	3880569	color=b3b1b2
HistoohiSECH95_6	3203985	3205607	HistomissSECH102_6	3938542	3940167	color=b3b1b2
HistoohiSECH95_6	1053001	1054622	HistomissSECH102_6	1207161	1208813	color=b3b1b2
HistoohiSECH95_6	55344	56964	HistomissSECH102_6	40735	42379	color=b3b1b2
HistoohiSECH95_6	3236488	3238107	HistomissSECH102_6	3968205	3969829	color=b3b1b2
HistoohiSECH95_6	3416335	3417952	HistomissSECH102_6	4209232	4210845	color=b3b1b2
HistoohiSECH95_6	529118	530734	HistomissSECH102_6	667320	668927	color=b3b1b2
HistoohiSECH95_6	1924283	1925898	HistomissSECH102_6	2291610	2293225	color=b3b1b2
HistoohiSECH95_6	3928964	3930578	HistomissSECH102_6	4814077	4815688	color=b3b1b2
HistoohiSECH95_6	489355	490966	HistomissSECH102_6	627725	629336	color=b3b1b2
HistoohiSECH95_6	294621	296231	HistomissSECH102_6	300995	302597	color=b3b1b2
HistoohiSECH95_6	4183241	4184851	HistomissSECH102_6	5097743	5099353	color=b3b1b2
HistoohiSECH95_6	2537514	2539118	HistomissSECH102_6	3177868	3179461	color=b3b1b2
HistoohiSECH95_6	186768	188369	HistomissSECH102_6	184646	186220	color=b3b1b2
HistoohiSECH95_6	2210697	2212297	HistomissSECH102_6	2670791	2672446	color=b3b1b2
HistoohiSECH95_6	2452921	2454521	HistomissSECH102_6	3093834	3095423	color=b3b1b2
HistoohiSECH95_6	3475416	3477014	HistomissSECH102_6	4272321	4273911	color=b3b1b2
HistoohiSECH95_6	4042692	4044289	HistomissSECH102_6	4962949	4964546	color=b3b1b2
HistoohiSECH95_6	218640	220236	HistomissSECH102_6	218139	219723	color=b3b1b2
HistoohiSECH95_6	3495003	3496599	HistomissSECH102_6	4292781	4294378	color=b3b1b2
HistoohiSECH95_6	3188853	3190448	HistomissSECH102_6	3922540	3924141	color=b3b1b2
HistoohiSECH95_6	3715152	3716745	HistomissSECH102_6	4557618	4559211	color=b3b1b2
HistoohiSECH95_6	530736	532329	HistomissSECH102_6	669084	670692	color=b3b1b2
HistoohiSECH95_6	3250505	3252097	HistomissSECH102_6	3982550	3984121	color=b3b1b2
HistoohiSECH95_6	3648405	3649995	HistomissSECH102_6	4443370	4444966	color=b3b1b2
HistoohiSECH95_6	120926	122515	HistomissSECH102_6	123159	124695	color=b3b1b2
HistoohiSECH95_6	3247847	3249433	HistomissSECH102_6	3979429	3981027	color=b3b1b2
HistoohiSECH95_6	4160129	4161714	HistomissSECH102_6	5076331	5077927	color=b3b1b2
HistoohiSECH95_6	81740	83325	HistomissSECH102_6	53086	54673	color=b3b1b2
HistoohiSECH95_6	88422	90004	HistomissSECH102_6	91207	92794	color=b3b1b2
HistoohiSECH95_6	1280070	1281647	HistomissSECH102_6	1437248	1438831	color=b3b1b2
HistoohiSECH95_6	3620975	3622552	HistomissSECH102_6	4416665	4418242	color=b3b1b2
HistoohiSECH95_6	3276753	3278329	HistomissSECH102_6	4006845	4008436	color=b3b1b2
HistoohiSECH95_6	3795640	3797216	HistomissSECH102_6	4634794	4636366	color=b3b1b2
HistoohiSECH95_6	1755666	1757239	HistomissSECH102_6	1967163	1968759	color=b3b1b2
HistoohiSECH95_6	3559663	3561236	HistomissSECH102_6	4356041	4357619	color=b3b1b2
HistoohiSECH95_6	682684	684257	HistomissSECH102_6	813611	815185	color=b3b1b2
HistoohiSECH95_6	4054162	4055734	HistomissSECH102_6	4975203	4976767	color=b3b1b2
HistoohiSECH95_6	2092828	2094399	HistomissSECH102_6	2544303	2545843	color=b3b1b2
HistoohiSECH95_6	2511025	2512595	HistomissSECH102_6	3152321	3153894	color=b3b1b2
HistoohiSECH95_6	2958123	2959693	HistomissSECH102_6	3711191	3712818	color=b3b1b2
HistoohiSECH95_6	1143516	1145085	HistomissSECH102_6	1351859	1353360	color=b3b1b2
HistoohiSECH95_6	1458363	1459932	HistomissSECH102_6	1648944	1650498	color=b3b1b2
HistoohiSECH95_6	3381250	3382818	HistomissSECH102_6	4175490	4177066	color=b3b1b2
HistoohiSECH95_6	4060013	4061581	HistomissSECH102_6	4981700	4983245	color=b3b1b2
HistoohiSECH95_6	878563	880128	HistomissSECH102_6	1041512	1043019	color=b3b1b2
HistoohiSECH95_6	3773998	3775560	HistomissSECH102_6	4614589	4616155	color=b3b1b2
HistoohiSECH95_6	1426636	1428196	HistomissSECH102_6	1567775	1569309	color=b3b1b2
HistoohiSECH95_6	3504443	3506003	HistomissSECH102_6	4302471	4304031	color=b3b1b2
HistoohiSECH95_6	2850980	2852539	HistomissSECH102_6	3612567	3614132	color=b3b1b2
HistoohiSECH95_6	2598990	2600547	HistomissSECH102_6	3300495	3302060	color=b3b1b2
HistoohiSECH95_6	319543	321100	HistomissSECH102_6	328165	329753	color=b3b1b2
HistoohiSECH95_6	656042	657598	HistomissSECH102_6	784482	786038	color=b3b1b2
HistoohiSECH95_6	861598	863154	HistomissSECH102_6	1027293	1028905	color=b3b1b2
HistoohiSECH95_6	1640232	1641787	HistomissSECH102_6	1854668	1856211	color=b3b1b2
HistoohiSECH95_6	2446769	2448324	HistomissSECH102_6	3087072	3088621	color=b3b1b2
HistoohiSECH95_6	1287985	1289538	HistomissSECH102_6	1445258	1446796	color=b3b1b2
HistoohiSECH95_6	1904897	1906450	HistomissSECH102_6	2271675	2273219	color=b3b1b2
HistoohiSECH95_6	1659247	1660799	HistomissSECH102_6	1874206	1875768	color=b3b1b2
HistoohiSECH95_6	1962589	1964141	HistomissSECH102_6	2327512	2329064	color=b3b1b2
HistoohiSECH95_6	235801	237353	HistomissSECH102_6	236471	238022	color=b3b1b2
HistoohiSECH95_6	2664399	2665951	HistomissSECH102_6	3363118	3364637	color=b3b1b2
HistoohiSECH95_6	876895	878445	HistomissSECH102_6	1039845	1041394	color=b3b1b2
HistoohiSECH95_6	990634	992184	HistomissSECH102_6	1150065	1151622	color=b3b1b2
HistoohiSECH95_6	64631	66178	HistomissSECH102_6	51429	52921	color=b3b1b2
HistoohiSECH95_6	2379745	2381290	HistomissSECH102_6	2903147	2904628	color=b3b1b2
HistoohiSECH95_6	2094404	2095948	HistomissSECH102_6	2546003	2547545	color=b3b1b2
HistoohiSECH95_6	3298595	3300137	HistomissSECH102_6	4028391	4029923	color=b3b1b2
HistoohiSECH95_6	3158095	3159636	HistomissSECH102_6	3890768	3892301	color=b3b1b2
HistoohiSECH95_6	3674437	3675977	HistomissSECH102_6	4467372	4468914	color=b3b1b2
HistoohiSECH95_6	1304581	1306118	HistomissSECH102_6	1462301	1463826	color=b3b1b2
HistoohiSECH95_6	1768010	1769547	HistomissSECH102_6	1979103	1980678	color=b3b1b2
HistoohiSECH95_6	2707841	2709377	HistomissSECH102_6	3405367	3406907	color=b3b1b2
HistoohiSECH95_6	1861049	1862584	HistomissSECH102_6	2111122	2112668	color=b3b1b2
HistoohiSECH95_6	1957125	1958658	HistomissSECH102_6	2321839	2323350	color=b3b1b2
HistoohiSECH95_6	3176901	3178433	HistomissSECH102_6	3912536	3914074	color=b3b1b2
HistoohiSECH95_6	1354898	1356429	HistomissSECH102_6	1508751	1510282	color=b3b1b2
HistoohiSECH95_6	2916555	2918086	HistomissSECH102_6	3678739	3680270	color=b3b1b2
HistoohiSECH95_6	2903440	2904966	HistomissSECH102_6	3664878	3666451	color=b3b1b2
HistoohiSECH95_6	746945	748471	HistomissSECH102_6	920756	922279	color=b3b1b2
HistoohiSECH95_6	2086118	2087643	HistomissSECH102_6	2538930	2540441	color=b3b1b2
HistoohiSECH95_6	2823299	2824824	HistomissSECH102_6	3523207	3524732	color=b3b1b2
HistoohiSECH95_6	340215	341739	HistomissSECH102_6	383165	384702	color=b3b1b2
HistoohiSECH95_6	1955408	1956931	HistomissSECH102_6	2320058	2321579	color=b3b1b2
HistoohiSECH95_6	1139299	1140821	HistomissSECH102_6	1347327	1348854	color=b3b1b2
HistoohiSECH95_6	603929	605451	HistomissSECH102_6	733019	734546	color=b3b1b2
HistoohiSECH95_6	1975180	1976701	HistomissSECH102_6	2340322	2341839	color=b3b1b2
HistoohiSECH95_6	1151917	1153436	HistomissSECH102_6	1360788	1362307	color=b3b1b2
HistoohiSECH95_6	1162653	1164171	HistomissSECH102_6	1371979	1373487	color=b3b1b2
HistoohiSECH95_6	261384	262902	HistomissSECH102_6	263848	265378	color=b3b1b2
HistoohiSECH95_6	133493	135010	HistomissSECH102_6	134322	135852	color=b3b1b2
HistoohiSECH95_6	1485392	1486909	HistomissSECH102_6	1675320	1676830	color=b3b1b2
HistoohiSECH95_6	3130073	3131589	HistomissSECH102_6	3865395	3866910	color=b3b1b2
HistoohiSECH95_6	3347629	3349142	HistomissSECH102_6	4079517	4081028	color=b3b1b2
HistoohiSECH95_6	3676473	3677983	HistomissSECH102_6	4469015	4470526	color=b3b1b2
HistoohiSECH95_6	3336177	3337682	HistomissSECH102_6	4067456	4068955	color=b3b1b2
HistoohiSECH95_6	3571553	3573058	HistomissSECH102_6	4368865	4370381	color=b3b1b2
HistoohiSECH95_6	1350860	1352364	HistomissSECH102_6	1504586	1506073	color=b3b1b2
HistoohiSECH95_6	2729020	2730523	HistomissSECH102_6	3422681	3424184	color=b3b1b2
HistoohiSECH95_6	2623861	2625361	HistomissSECH102_6	3324181	3325680	color=b3b1b2
HistoohiSECH95_6	3542795	3544295	HistomissSECH102_6	4339277	4340776	color=b3b1b2
HistoohiSECH95_6	2158697	2160195	HistomissSECH102_6	2611043	2612539	color=b3b1b2
HistoohiSECH95_6	199166	200662	HistomissSECH102_6	196447	197942	color=b3b1b2
HistoohiSECH95_6	3889435	3890931	HistomissSECH102_6	4733696	4735188	color=b3b1b2
HistoohiSECH95_6	1771203	1772698	HistomissSECH102_6	1982437	1983932	color=b3b1b2
HistoohiSECH95_6	3808106	3809601	HistomissSECH102_6	4648374	4649858	color=b3b1b2
HistoohiSECH95_6	615371	616862	HistomissSECH102_6	744656	746147	color=b3b1b2
HistoohiSECH95_6	1259411	1260901	HistomissSECH102_6	1419480	1420983	color=b3b1b2
HistoohiSECH95_6	2155437	2156927	HistomissSECH102_6	2607401	2608893	color=b3b1b2
HistoohiSECH95_6	3708620	3710110	HistomissSECH102_6	4551819	4553309	color=b3b1b2
HistoohiSECH95_6	1369146	1370635	HistomissSECH102_6	1522271	1523768	color=b3b1b2
HistoohiSECH95_6	3470640	3472129	HistomissSECH102_6	4264946	4266454	color=b3b1b2
HistoohiSECH95_6	3587481	3588967	HistomissSECH102_6	4384810	4386299	color=b3b1b2
HistoohiSECH95_6	3789284	3790767	HistomissSECH102_6	4629129	4630612	color=b3b1b2
HistoohiSECH95_6	1399731	1401212	HistomissSECH102_6	1544278	1545757	color=b3b1b2
HistoohiSECH95_6	3403707	3405188	HistomissSECH102_6	4197105	4198585	color=b3b1b2
HistoohiSECH95_6	917730	919208	HistomissSECH102_6	1075232	1076731	color=b3b1b2
HistoohiSECH95_6	788121	789597	HistomissSECH102_6	957041	958509	color=b3b1b2
HistoohiSECH95_6	3279373	3280848	HistomissSECH102_6	4009902	4011374	color=b3b1b2
HistoohiSECH95_6	3071996	3073469	HistomissSECH102_6	3802425	3803899	color=b3b1b2
HistoohiSECH95_6	1652727	1654198	HistomissSECH102_6	1867735	1869206	color=b3b1b2
HistoohiSECH95_6	3481158	3482629	HistomissSECH102_6	4277931	4279397	color=b3b1b2
HistoohiSECH95_6	3840401	3841870	HistomissSECH102_6	4684043	4685512	color=b3b1b2
HistoohiSECH95_6	1544192	1545660	HistomissSECH102_6	1732440	1733908	color=b3b1b2
HistoohiSECH95_6	2419158	2420624	HistomissSECH102_6	3058740	3060205	color=b3b1b2
HistoohiSECH95_6	2032013	2033476	HistomissSECH102_6	2461097	2462557	color=b3b1b2
HistoohiSECH95_6	2574123	2575586	HistomissSECH102_6	3211597	3213060	color=b3b1b2
HistoohiSECH95_6	3606743	3608206	HistomissSECH102_6	4401194	4402657	color=b3b1b2
HistoohiSECH95_6	2734903	2736365	HistomissSECH102_6	3428643	3430105	color=b3b1b2
HistoohiSECH95_6	4109021	4110482	HistomissSECH102_6	5025682	5027132	color=b3b1b2
HistoohiSECH95_6	315968	317426	HistomissSECH102_6	324279	325747	color=b3b1b2
HistoohiSECH95_6	3569768	3571226	HistomissSECH102_6	4366966	4368407	color=b3b1b2
HistoohiSECH95_6	364941	366399	HistomissSECH102_6	408251	409702	color=b3b1b2
HistoohiSECH95_6	1695215	1696672	HistomissSECH102_6	1903763	1905219	color=b3b1b2
HistoohiSECH95_6	2005133	2006590	HistomissSECH102_6	2371804	2373270	color=b3b1b2
HistoohiSECH95_6	2610501	2611958	HistomissSECH102_6	3310515	3311979	color=b3b1b2
HistoohiSECH95_6	1879796	1881251	HistomissSECH102_6	2130664	2132118	color=b3b1b2
HistoohiSECH95_6	3616480	3617935	HistomissSECH102_6	4411650	4413107	color=b3b1b2
HistoohiSECH95_6	654509	655964	HistomissSECH102_6	782703	784158	color=b3b1b2
HistoohiSECH95_6	2087589	2089041	HistomissSECH102_6	2540542	2542004	color=b3b1b2
HistoohiSECH95_6	974670	976122	HistomissSECH102_6	1133228	1134678	color=b3b1b2
HistoohiSECH95_6	241342	242791	HistomissSECH102_6	242015	243537	color=b3b1b2
HistoohiSECH95_6	2597596	2599044	HistomissSECH102_6	3298945	3300394	color=b3b1b2
HistoohiSECH95_6	3971809	3973253	HistomissSECH102_6	4853183	4854626	color=b3b1b2
HistoohiSECH95_6	142721	144162	HistomissSECH102_6	141711	143154	color=b3b1b2
HistoohiSECH95_6	2461907	2463347	HistomissSECH102_6	3101820	3103284	color=b3b1b2
HistoohiSECH95_6	2554836	2556275	HistomissSECH102_6	3194818	3196286	color=b3b1b2
HistoohiSECH95_6	1032305	1033742	HistomissSECH102_6	1189769	1191214	color=b3b1b2
HistoohiSECH95_6	1989317	1990750	HistomissSECH102_6	2354223	2355665	color=b3b1b2
HistoohiSECH95_6	1514333	1515765	HistomissSECH102_6	1703896	1705327	color=b3b1b2
HistoohiSECH95_6	839741	841173	HistomissSECH102_6	1005568	1007000	color=b3b1b2
HistoohiSECH95_6	3799436	3800866	HistomissSECH102_6	4638719	4640168	color=b3b1b2
HistoohiSECH95_6	3608208	3609637	HistomissSECH102_6	4402814	4404247	color=b3b1b2
HistoohiSECH95_6	3754886	3756314	HistomissSECH102_6	4596686	4598109	color=b3b1b2
HistoohiSECH95_6	2393401	2394827	HistomissSECH102_6	2915128	2916555	color=b3b1b2
HistoohiSECH95_6	1638751	1640175	HistomissSECH102_6	1853104	1854527	color=b3b1b2
HistoohiSECH95_6	108046	109469	HistomissSECH102_6	111577	113000	color=b3b1b2
HistoohiSECH95_6	3436653	3438075	HistomissSECH102_6	4230934	4232349	color=b3b1b2
HistoohiSECH95_6	4233880	4235301	HistomissSECH102_6	5150253	5151674	color=b3b1b2
HistoohiSECH95_6	1060832	1062252	HistomissSECH102_6	1215579	1216997	color=b3b1b2
HistoohiSECH95_6	3378254	3379672	HistomissSECH102_6	4172451	4173876	color=b3b1b2
HistoohiSECH95_6	2298022	2299439	HistomissSECH102_6	2757960	2759323	color=b3b1b2
HistoohiSECH95_6	1691842	1693258	HistomissSECH102_6	1900016	1901454	color=b3b1b2
HistoohiSECH95_6	225143	226559	HistomissSECH102_6	223633	225039	color=b3b1b2
HistoohiSECH95_6	1843282	1844697	HistomissSECH102_6	2091995	2093403	color=b3b1b2
HistoohiSECH95_6	785026	786441	HistomissSECH102_6	953608	955016	color=b3b1b2
HistoohiSECH95_6	3311225	3312639	HistomissSECH102_6	4041510	4042966	color=b3b1b2
HistoohiSECH95_6	1197249	1198660	HistomissSECH102_6	1402578	1403995	color=b3b1b2
HistoohiSECH95_6	3346215	3347626	HistomissSECH102_6	4077938	4079395	color=b3b1b2
HistoohiSECH95_6	4122317	4123724	HistomissSECH102_6	5038944	5040336	color=b3b1b2
HistoohiSECH95_6	527711	529117	HistomissSECH102_6	665755	667165	color=b3b1b2
HistoohiSECH95_6	2374620	2376025	HistomissSECH102_6	2897691	2899094	color=b3b1b2
HistoohiSECH95_6	2410910	2412313	HistomissSECH102_6	2965070	2966500	color=b3b1b2
HistoohiSECH95_6	3379618	3381018	HistomissSECH102_6	4173977	4175375	color=b3b1b2
HistoohiSECH95_6	796353	797753	HistomissSECH102_6	965468	966877	color=b3b1b2
HistoohiSECH95_6	2672235	2673630	HistomissSECH102_6	3370054	3371449	color=b3b1b2
HistoohiSECH95_6	4063103	4064494	HistomissSECH102_6	4984671	4986020	color=b3b1b2
HistoohiSECH95_6	2667288	2668678	HistomissSECH102_6	3365859	3367252	color=b3b1b2
HistoohiSECH95_6	4164466	4165856	HistomissSECH102_6	5080990	5082363	color=b3b1b2
HistoohiSECH95_6	2988231	2989619	HistomissSECH102_6	3726012	3727446	color=b3b1b2
HistoohiSECH95_6	3670221	3671607	HistomissSECH102_6	4462608	4463991	color=b3b1b2
HistoohiSECH95_6	1109734	1111117	HistomissSECH102_6	1317975	1319356	color=b3b1b2
HistoohiSECH95_6	1490796	1492178	HistomissSECH102_6	1680935	1682312	color=b3b1b2
HistoohiSECH95_6	1781144	1782526	HistomissSECH102_6	1993360	1994719	color=b3b1b2
HistoohiSECH95_6	1998328	1999710	HistomissSECH102_6	2364903	2366283	color=b3b1b2
HistoohiSECH95_6	3132865	3134247	HistomissSECH102_6	3867812	3869194	color=b3b1b2
HistoohiSECH95_6	2274768	2276148	HistomissSECH102_6	2737181	2738561	color=b3b1b2
HistoohiSECH95_6	216984	218363	HistomissSECH102_6	216128	217506	color=b3b1b2
HistoohiSECH95_6	2763746	2765125	HistomissSECH102_6	3463556	3464931	color=b3b1b2
HistoohiSECH95_6	2252933	2254309	HistomissSECH102_6	2716075	2717450	color=b3b1b2
HistoohiSECH95_6	2233106	2234478	HistomissSECH102_6	2695369	2696738	color=b3b1b2
HistoohiSECH95_6	419795	421167	HistomissSECH102_6	481470	482788	color=b3b1b2
HistoohiSECH95_6	695304	696676	HistomissSECH102_6	827030	828393	color=b3b1b2
HistoohiSECH95_6	163446	164816	HistomissSECH102_6	161341	162711	color=b3b1b2
HistoohiSECH95_6	1689343	1690711	HistomissSECH102_6	1897586	1898954	color=b3b1b2
HistoohiSECH95_6	1759058	1760423	HistomissSECH102_6	1969773	1971132	color=b3b1b2
HistoohiSECH95_6	3394866	3396231	HistomissSECH102_6	4188461	4189822	color=b3b1b2
HistoohiSECH95_6	3297234	3298593	HistomissSECH102_6	4026879	4028234	color=b3b1b2
HistoohiSECH95_6	2060754	2062111	HistomissSECH102_6	2481715	2483054	color=b3b1b2
HistoohiSECH95_6	3086866	3088223	HistomissSECH102_6	3817959	3819288	color=b3b1b2
HistoohiSECH95_6	3991097	3992452	HistomissSECH102_6	4869768	4871098	color=b3b1b2
HistoohiSECH95_6	1318870	1320223	HistomissSECH102_6	1476161	1477518	color=b3b1b2
HistoohiSECH95_6	1775401	1776751	HistomissSECH102_6	1987204	1988545	color=b3b1b2
HistoohiSECH95_6	2539812	2541161	HistomissSECH102_6	3179762	3181072	color=b3b1b2
HistoohiSECH95_6	3096886	3098235	HistomissSECH102_6	3827008	3828342	color=b3b1b2
HistoohiSECH95_6	3407732	3409081	HistomissSECH102_6	4201312	4202656	color=b3b1b2
HistoohiSECH95_6	1501420	1502768	HistomissSECH102_6	1691501	1692876	color=b3b1b2
HistoohiSECH95_6	2162239	2163587	HistomissSECH102_6	2614342	2615690	color=b3b1b2
HistoohiSECH95_6	245617	246965	HistomissSECH102_6	246040	247384	color=b3b1b2
HistoohiSECH95_6	2966808	2968155	HistomissSECH102_6	3720337	3721685	color=b3b1b2
HistoohiSECH95_6	1185784	1187130	HistomissSECH102_6	1394801	1396147	color=b3b1b2
HistoohiSECH95_6	2469414	2470760	HistomissSECH102_6	3109663	3111020	color=b3b1b2
HistoohiSECH95_6	2682125	2683467	HistomissSECH102_6	3380344	3381676	color=b3b1b2
HistoohiSECH95_6	3877762	3879104	HistomissSECH102_6	4721541	4722859	color=b3b1b2
HistoohiSECH95_6	3596166	3597507	HistomissSECH102_6	4390527	4391857	color=b3b1b2
HistoohiSECH95_6	1907405	1908745	HistomissSECH102_6	2274376	2275712	color=b3b1b2
HistoohiSECH95_6	490912	492251	HistomissSECH102_6	629437	630776	color=b3b1b2
HistoohiSECH95_6	651576	652915	HistomissSECH102_6	779290	780621	color=b3b1b2
HistoohiSECH95_6	2256690	2258028	HistomissSECH102_6	2720104	2721441	color=b3b1b2
HistoohiSECH95_6	2989879	2991217	HistomissSECH102_6	3727547	3728875	color=b3b1b2
HistoohiSECH95_6	3091377	3092715	HistomissSECH102_6	3822205	3823552	color=b3b1b2
HistoohiSECH95_6	453658	454996	HistomissSECH102_6	597390	598733	color=b3b1b2
HistoohiSECH95_6	3166456	3167790	HistomissSECH102_6	3900908	3902204	color=b3b1b2
HistoohiSECH95_6	3295954	3297288	HistomissSECH102_6	4025425	4026778	color=b3b1b2
HistoohiSECH95_6	522408	523742	HistomissSECH102_6	661080	662414	color=b3b1b2
HistoohiSECH95_6	2556221	2557554	HistomissSECH102_6	3196387	3197727	color=b3b1b2
HistoohiSECH95_6	2852884	2854217	HistomissSECH102_6	3614240	3615651	color=b3b1b2
HistoohiSECH95_6	733207	734539	HistomissSECH102_6	865630	866964	color=b3b1b2
HistoohiSECH95_6	3863825	3865156	HistomissSECH102_6	4708859	4710225	color=b3b1b2
HistoohiSECH95_6	1117167	1118497	HistomissSECH102_6	1325421	1326748	color=b3b1b2
HistoohiSECH95_6	3531854	3533181	HistomissSECH102_6	4329912	4331195	color=b3b1b2
HistoohiSECH95_6	332376	333702	HistomissSECH102_6	375585	376911	color=b3b1b2
HistoohiSECH95_6	3586066	3587392	HistomissSECH102_6	4383377	4384706	color=b3b1b2
HistoohiSECH95_6	3588969	3590294	HistomissSECH102_6	4386456	4387793	color=b3b1b2
HistoohiSECH95_6	663701	665024	HistomissSECH102_6	793015	794322	color=b3b1b2
HistoohiSECH95_6	1274534	1275856	HistomissSECH102_6	1431455	1432779	color=b3b1b2
HistoohiSECH95_6	2876284	2877606	HistomissSECH102_6	3637925	3639239	color=b3b1b2
HistoohiSECH95_6	347101	348422	HistomissSECH102_6	390415	391737	color=b3b1b2
HistoohiSECH95_6	3873461	3874778	HistomissSECH102_6	4717649	4718933	color=b3b1b2
HistoohiSECH95_6	233462	234778	HistomissSECH102_6	234116	235436	color=b3b1b2
HistoohiSECH95_6	2569886	2571201	HistomissSECH102_6	3207688	3209003	color=b3b1b2
HistoohiSECH95_6	2124798	2126112	HistomissSECH102_6	2578587	2579899	color=b3b1b2
HistoohiSECH95_6	1970268	1971581	HistomissSECH102_6	2335267	2336580	color=b3b1b2
HistoohiSECH95_6	2227032	2228345	HistomissSECH102_6	2688400	2689723	color=b3b1b2
HistoohiSECH95_6	1693842	1695154	HistomissSECH102_6	1902348	1903660	color=b3b1b2
HistoohiSECH95_6	1293249	1294560	HistomissSECH102_6	1450903	1452207	color=b3b1b2
HistoohiSECH95_6	3870360	3871670	HistomissSECH102_6	4714770	4716069	color=b3b1b2
HistoohiSECH95_6	1108477	1109786	HistomissSECH102_6	1316565	1317872	color=b3b1b2
HistoohiSECH95_6	109471	110779	HistomissSECH102_6	113157	114433	color=b3b1b2
HistoohiSECH95_6	774904	776212	HistomissSECH102_6	943715	945007	color=b3b1b2
HistoohiSECH95_6	157253	158559	HistomissSECH102_6	156348	157688	color=b3b1b2
HistoohiSECH95_6	328890	330196	HistomissSECH102_6	372572	373880	color=b3b1b2
HistoohiSECH95_6	1137992	1139297	HistomissSECH102_6	1345851	1347170	color=b3b1b2
HistoohiSECH95_6	2491992	2493295	HistomissSECH102_6	3130887	3132190	color=b3b1b2
HistoohiSECH95_6	2497682	2498985	HistomissSECH102_6	3135633	3136936	color=b3b1b2
HistoohiSECH95_6	3309923	3311223	HistomissSECH102_6	4040055	4041353	color=b3b1b2
HistoohiSECH95_6	2122730	2124029	HistomissSECH102_6	2576473	2577772	color=b3b1b2
HistoohiSECH95_6	2817898	2819196	HistomissSECH102_6	3519409	3520717	color=b3b1b2
HistoohiSECH95_6	2444592	2445889	HistomissSECH102_6	3084873	3086170	color=b3b1b2
HistoohiSECH95_6	1008622	1009918	HistomissSECH102_6	1167066	1168373	color=b3b1b2
HistoohiSECH95_6	1857501	1858794	HistomissSECH102_6	2106987	2108257	color=b3b1b2
HistoohiSECH95_6	672414	673707	HistomissSECH102_6	802846	804120	color=b3b1b2
HistoohiSECH95_6	936510	937803	HistomissSECH102_6	1094822	1096123	color=b3b1b2
HistoohiSECH95_6	3610160	3611452	HistomissSECH102_6	4404386	4405679	color=b3b1b2
HistoohiSECH95_6	4056431	4057723	HistomissSECH102_6	4977706	4979000	color=b3b1b2
HistoohiSECH95_6	1356684	1357975	HistomissSECH102_6	1510383	1511660	color=b3b1b2
HistoohiSECH95_6	2615031	2616321	HistomissSECH102_6	3314935	3316234	color=b3b1b2
HistoohiSECH95_6	2140070	2141359	HistomissSECH102_6	2592175	2593465	color=b3b1b2
HistoohiSECH95_6	3392380	3393669	HistomissSECH102_6	4186735	4188025	color=b3b1b2
HistoohiSECH95_6	1391837	1393124	HistomissSECH102_6	1536674	1537972	color=b3b1b2
HistoohiSECH95_6	2529216	2530503	HistomissSECH102_6	3169864	3171145	color=b3b1b2
HistoohiSECH95_6	1541685	1542970	HistomissSECH102_6	1729578	1730882	color=b3b1b2
HistoohiSECH95_6	610335	611620	HistomissSECH102_6	739738	741036	color=b3b1b2
HistoohiSECH95_6	3013604	3014885	HistomissSECH102_6	3751605	3752886	color=b3b1b2
HistoohiSECH95_6	3286499	3287780	HistomissSECH102_6	4016708	4017924	color=b3b1b2
HistoohiSECH95_6	2063811	2065091	HistomissSECH102_6	2517428	2518708	color=b3b1b2
HistoohiSECH95_6	863889	865169	HistomissSECH102_6	1029006	1030256	color=b3b1b2
HistoohiSECH95_6	2808551	2809830	HistomissSECH102_6	3509786	3511064	color=b3b1b2
HistoohiSECH95_6	1710895	1712173	HistomissSECH102_6	1918133	1919452	color=b3b1b2
HistoohiSECH95_6	3650640	3651918	HistomissSECH102_6	4445910	4447188	color=b3b1b2
HistoohiSECH95_6	979589	980865	HistomissSECH102_6	1138504	1139807	color=b3b1b2
HistoohiSECH95_6	2644228	2645503	HistomissSECH102_6	3343815	3345082	color=b3b1b2
HistoohiSECH95_6	1701423	1702697	HistomissSECH102_6	1908633	1909904	color=b3b1b2
HistoohiSECH95_6	3927688	3928962	HistomissSECH102_6	4812664	4813907	color=b3b1b2
HistoohiSECH95_6	3956016	3957290	HistomissSECH102_6	4828167	4829424	color=b3b1b2
HistoohiSECH95_6	3615205	3616478	HistomissSECH102_6	4410222	4411493	color=b3b1b2
HistoohiSECH95_6	1789656	1790928	HistomissSECH102_6	2012756	2014030	color=b3b1b2
HistoohiSECH95_6	2129499	2130771	HistomissSECH102_6	2581694	2582941	color=b3b1b2
HistoohiSECH95_6	348866	350137	HistomissSECH102_6	392436	393710	color=b3b1b2
HistoohiSECH95_6	1322368	1323638	HistomissSECH102_6	1479776	1481046	color=b3b1b2
HistoohiSECH95_6	2192704	2193971	HistomissSECH102_6	2652627	2653894	color=b3b1b2
HistoohiSECH95_6	966510	967777	HistomissSECH102_6	1124999	1126256	color=b3b1b2
HistoohiSECH95_6	3124301	3125565	HistomissSECH102_6	3858874	3860138	color=b3b1b2
HistoohiSECH95_6	2189732	2190995	HistomissSECH102_6	2650572	2651807	color=b3b1b2
HistoohiSECH95_6	3558402	3559663	HistomissSECH102_6	4354617	4355889	color=b3b1b2
HistoohiSECH95_6	922847	924108	HistomissSECH102_6	1080608	1081869	color=b3b1b2
HistoohiSECH95_6	1753745	1755005	HistomissSECH102_6	1964220	1965450	color=b3b1b2
HistoohiSECH95_6	3628830	3630089	HistomissSECH102_6	4425209	4426468	color=b3b1b2
HistoohiSECH95_6	505575	506834	HistomissSECH102_6	643882	645141	color=b3b1b2
HistoohiSECH95_6	2560524	2561781	HistomissSECH102_6	3200698	3201954	color=b3b1b2
HistoohiSECH95_6	2866017	2867274	HistomissSECH102_6	3626881	3628136	color=b3b1b2
HistoohiSECH95_6	83412	84669	HistomissSECH102_6	54774	56049	color=b3b1b2
HistoohiSECH95_6	2637863	2639118	HistomissSECH102_6	3337791	3339122	color=b3b1b2
HistoohiSECH95_6	450092	451346	HistomissSECH102_6	593829	595091	color=b3b1b2
HistoohiSECH95_6	1820845	1822098	HistomissSECH102_6	2044714	2045967	color=b3b1b2
HistoohiSECH95_6	170115	171367	HistomissSECH102_6	168704	169936	color=b3b1b2
HistoohiSECH95_6	1752494	1753745	HistomissSECH102_6	1962861	1964112	color=b3b1b2
HistoohiSECH95_6	3861867	3863118	HistomissSECH102_6	4706593	4707805	color=b3b1b2
HistoohiSECH95_6	3359161	3360411	HistomissSECH102_6	4087323	4088586	color=b3b1b2
HistoohiSECH95_6	3633849	3635099	HistomissSECH102_6	4429895	4431145	color=b3b1b2
HistoohiSECH95_6	304072	305321	HistomissSECH102_6	311838	313104	color=b3b1b2
HistoohiSECH95_6	4091250	4092499	HistomissSECH102_6	5009168	5010466	color=b3b1b2
HistoohiSECH95_6	2157504	2158751	HistomissSECH102_6	2609695	2610942	color=b3b1b2
HistoohiSECH95_6	1154055	1155301	HistomissSECH102_6	1363067	1364309	color=b3b1b2
HistoohiSECH95_6	3658028	3659272	HistomissSECH102_6	4451799	4453045	color=b3b1b2
HistoohiSECH95_6	3283388	3284631	HistomissSECH102_6	4013652	4014878	color=b3b1b2
HistoohiSECH95_6	1822906	1824148	HistomissSECH102_6	2047082	2048305	color=b3b1b2
HistoohiSECH95_6	269866	271107	HistomissSECH102_6	275226	276467	color=b3b1b2
HistoohiSECH95_6	1258225	1259465	HistomissSECH102_6	1418139	1419379	color=b3b1b2
HistoohiSECH95_6	1015636	1016875	HistomissSECH102_6	1174086	1175325	color=b3b1b2
HistoohiSECH95_6	4065375	4066614	HistomissSECH102_6	4987724	4988947	color=b3b1b2
HistoohiSECH95_6	595283	596518	HistomissSECH102_6	723508	724736	color=b3b1b2
HistoohiSECH95_6	3457973	3459207	HistomissSECH102_6	4250881	4252116	color=b3b1b2
HistoohiSECH95_6	1335357	1336589	HistomissSECH102_6	1495457	1496667	color=b3b1b2
HistoohiSECH95_6	2112453	2113685	HistomissSECH102_6	2565185	2566420	color=b3b1b2
HistoohiSECH95_6	2502144	2503375	HistomissSECH102_6	3139533	3140766	color=b3b1b2
HistoohiSECH95_6	2642817	2644048	HistomissSECH102_6	3342533	3343783	color=b3b1b2
HistoohiSECH95_6	41174	42405	HistomissSECH102_6	32517	33736	color=b3b1b2
HistoohiSECH95_6	3339909	3341139	HistomissSECH102_6	4070911	4072141	color=b3b1b2
HistoohiSECH95_6	3350796	3352024	HistomissSECH102_6	4083142	4084370	color=b3b1b2
HistoohiSECH95_6	544037	545265	HistomissSECH102_6	679501	680754	color=b3b1b2
HistoohiSECH95_6	3999756	4000982	HistomissSECH102_6	4876874	4878077	color=b3b1b2
HistoohiSECH95_6	3240482	3241707	HistomissSECH102_6	3972630	3973882	color=b3b1b2
HistoohiSECH95_6	3469410	3470635	HistomissSECH102_6	4263561	4264786	color=b3b1b2
HistoohiSECH95_6	3916305	3917528	HistomissSECH102_6	4801206	4802427	color=b3b1b2
HistoohiSECH95_6	3488988	3490210	HistomissSECH102_6	4286382	4287596	color=b3b1b2
HistoohiSECH95_6	1542970	1544190	HistomissSECH102_6	1731037	1732283	color=b3b1b2
HistoohiSECH95_6	90095	91315	HistomissSECH102_6	92795	94038	color=b3b1b2
HistoohiSECH95_6	1673630	1674849	HistomissSECH102_6	1885005	1886193	color=b3b1b2
HistoohiSECH95_6	1849099	1850318	HistomissSECH102_6	2098174	2099405	color=b3b1b2
HistoohiSECH95_6	3104255	3105473	HistomissSECH102_6	3834742	3835962	color=b3b1b2
HistoohiSECH95_6	1703731	1704948	HistomissSECH102_6	1911270	1912464	color=b3b1b2
HistoohiSECH95_6	545418	546635	HistomissSECH102_6	680857	682045	color=b3b1b2
HistoohiSECH95_6	2544765	2545981	HistomissSECH102_6	3185279	3186444	color=b3b1b2
HistoohiSECH95_6	1413269	1414482	HistomissSECH102_6	1551178	1552392	color=b3b1b2
HistoohiSECH95_6	1807164	1808375	HistomissSECH102_6	2030321	2031505	color=b3b1b2
HistoohiSECH95_6	2887623	2888834	HistomissSECH102_6	3650105	3651316	color=b3b1b2
HistoohiSECH95_6	1130116	1131326	HistomissSECH102_6	1338304	1339513	color=b3b1b2
HistoohiSECH95_6	1839899	1841109	HistomissSECH102_6	2066751	2067976	color=b3b1b2
HistoohiSECH95_6	2718279	2719489	HistomissSECH102_6	3416781	3417994	color=b3b1b2
HistoohiSECH95_6	2414722	2415931	HistomissSECH102_6	2969290	2970521	color=b3b1b2
HistoohiSECH95_6	2805359	2806568	HistomissSECH102_6	3506635	3507821	color=b3b1b2
HistoohiSECH95_6	3842047	3843254	HistomissSECH102_6	4685613	4686836	color=b3b1b2
HistoohiSECH95_6	3511530	3512736	HistomissSECH102_6	4309481	4310687	color=b3b1b2
HistoohiSECH95_6	3227248	3228452	HistomissSECH102_6	3960241	3961445	color=b3b1b2
HistoohiSECH95_6	3712445	3713648	HistomissSECH102_6	4554650	4555852	color=b3b1b2
HistoohiSECH95_6	924113	925316	HistomissSECH102_6	1081972	1083170	color=b3b1b2
HistoohiSECH95_6	1794421	1795622	HistomissSECH102_6	2017712	2018918	color=b3b1b2
HistoohiSECH95_6	2658422	2659623	HistomissSECH102_6	3356536	3357735	color=b3b1b2
HistoohiSECH95_6	2241186	2242386	HistomissSECH102_6	2703991	2705192	color=b3b1b2
HistoohiSECH95_6	2281617	2282815	HistomissSECH102_6	2743238	2744429	color=b3b1b2
HistoohiSECH95_6	618747	619945	HistomissSECH102_6	748344	749531	color=b3b1b2
HistoohiSECH95_6	3312641	3313838	HistomissSECH102_6	4043123	4044324	color=b3b1b2
HistoohiSECH95_6	1176837	1178033	HistomissSECH102_6	1386283	1387419	color=b3b1b2
HistoohiSECH95_6	937805	939000	HistomissSECH102_6	1096280	1097474	color=b3b1b2
HistoohiSECH95_6	3065577	3066770	HistomissSECH102_6	3795491	3796691	color=b3b1b2
HistoohiSECH95_6	3040640	3041832	HistomissSECH102_6	3773853	3775044	color=b3b1b2
HistoohiSECH95_6	2324569	2325758	HistomissSECH102_6	2786197	2787386	color=b3b1b2
HistoohiSECH95_6	1587727	1588915	HistomissSECH102_6	1774523	1775711	color=b3b1b2
HistoohiSECH95_6	1745057	1746245	HistomissSECH102_6	1954450	1955638	color=b3b1b2
HistoohiSECH95_6	3673250	3674435	HistomissSECH102_6	4466041	4467215	color=b3b1b2
HistoohiSECH95_6	4172548	4173732	HistomissSECH102_6	5088600	5089785	color=b3b1b2
HistoohiSECH95_6	2530503	2531686	HistomissSECH102_6	3171291	3172467	color=b3b1b2
HistoohiSECH95_6	548390	549573	HistomissSECH102_6	683869	685059	color=b3b1b2
HistoohiSECH95_6	3965214	3966396	HistomissSECH102_6	4846269	4847469	color=b3b1b2
HistoohiSECH95_6	831489	832670	HistomissSECH102_6	997397	998578	color=b3b1b2
HistoohiSECH95_6	102660	103840	HistomissSECH102_6	105791	106971	color=b3b1b2
HistoohiSECH95_6	2478040	2479220	HistomissSECH102_6	3118087	3119268	color=b3b1b2
HistoohiSECH95_6	4015894	4017074	HistomissSECH102_6	4941619	4942799	color=b3b1b2
HistoohiSECH95_6	795090	796270	HistomissSECH102_6	964198	965346	color=b3b1b2
HistoohiSECH95_6	1072933	1074110	HistomissSECH102_6	1228398	1229588	color=b3b1b2
HistoohiSECH95_6	3070819	3071994	HistomissSECH102_6	3801093	3802268	color=b3b1b2
HistoohiSECH95_6	3618991	3620166	HistomissSECH102_6	4414473	4415648	color=b3b1b2
HistoohiSECH95_6	834905	836079	HistomissSECH102_6	1000708	1001844	color=b3b1b2
HistoohiSECH95_6	1977853	1979025	HistomissSECH102_6	2343397	2344557	color=b3b1b2
HistoohiSECH95_6	1011983	1013153	HistomissSECH102_6	1170449	1171610	color=b3b1b2
HistoohiSECH95_6	535881	537051	HistomissSECH102_6	674618	675782	color=b3b1b2
HistoohiSECH95_6	3687330	3688499	HistomissSECH102_6	4478066	4479235	color=b3b1b2
HistoohiSECH95_6	745774	746943	HistomissSECH102_6	919435	920599	color=b3b1b2
HistoohiSECH95_6	899341	900510	HistomissSECH102_6	1060116	1061285	color=b3b1b2
HistoohiSECH95_6	2717166	2718333	HistomissSECH102_6	3415512	3416680	color=b3b1b2
HistoohiSECH95_6	842822	843989	HistomissSECH102_6	1009044	1010201	color=b3b1b2
HistoohiSECH95_6	1102799	1103965	HistomissSECH102_6	1310444	1311610	color=b3b1b2
HistoohiSECH95_6	106880	108044	HistomissSECH102_6	110250	111420	color=b3b1b2
HistoohiSECH95_6	3617881	3619045	HistomissSECH102_6	4413208	4414372	color=b3b1b2
HistoohiSECH95_6	2070609	2071772	HistomissSECH102_6	2524139	2525304	color=b3b1b2
HistoohiSECH95_6	21760	22923	HistomissSECH102_6	12388	13551	color=b3b1b2
HistoohiSECH95_6	3085757	3086920	HistomissSECH102_6	3816695	3817858	color=b3b1b2
HistoohiSECH95_6	4022047	4023210	HistomissSECH102_6	4948075	4949238	color=b3b1b2
HistoohiSECH95_6	112778	113940	HistomissSECH102_6	116641	117820	color=b3b1b2
HistoohiSECH95_6	460775	461937	HistomissSECH102_6	605014	606176	color=b3b1b2
HistoohiSECH95_6	1736068	1737229	HistomissSECH102_6	1945282	1946438	color=b3b1b2
HistoohiSECH95_6	1931548	1932709	HistomissSECH102_6	2298636	2299778	color=b3b1b2
HistoohiSECH95_6	2858028	2859189	HistomissSECH102_6	3619523	3620673	color=b3b1b2
HistoohiSECH95_6	888820	889981	HistomissSECH102_6	1051364	1052546	color=b3b1b2
HistoohiSECH95_6	1666581	1667741	HistomissSECH102_6	1879727	1880880	color=b3b1b2
HistoohiSECH95_6	1832359	1833519	HistomissSECH102_6	2057775	2058938	color=b3b1b2
HistoohiSECH95_6	2710898	2712058	HistomissSECH102_6	3408733	3409896	color=b3b1b2
HistoohiSECH95_6	724400	725559	HistomissSECH102_6	855628	856803	color=b3b1b2
HistoohiSECH95_6	3980473	3981631	HistomissSECH102_6	4861967	4863089	color=b3b1b2
HistoohiSECH95_6	1539126	1540281	HistomissSECH102_6	1728289	1729431	color=b3b1b2
HistoohiSECH95_6	875577	876732	HistomissSECH102_6	1038713	1039844	color=b3b1b2
HistoohiSECH95_6	3020461	3021612	HistomissSECH102_6	3758850	3759998	color=b3b1b2
HistoohiSECH95_6	1976703	1977853	HistomissSECH102_6	2341996	2343183	color=b3b1b2
HistoohiSECH95_6	4135361	4136511	HistomissSECH102_6	5053037	5054178	color=b3b1b2
HistoohiSECH95_6	2114788	2115937	HistomissSECH102_6	2567527	2568671	color=b3b1b2
HistoohiSECH95_6	355467	356616	HistomissSECH102_6	398550	399639	color=b3b1b2
HistoohiSECH95_6	1085617	1086764	HistomissSECH102_6	1240772	1241911	color=b3b1b2
HistoohiSECH95_6	4087450	4088595	HistomissSECH102_6	5005219	5006370	color=b3b1b2
HistoohiSECH95_6	3042132	3043276	HistomissSECH102_6	3775145	3776289	color=b3b1b2
HistoohiSECH95_6	3207044	3208188	HistomissSECH102_6	3941472	3942641	color=b3b1b2
HistoohiSECH95_6	3597453	3598597	HistomissSECH102_6	4391958	4393118	color=b3b1b2
HistoohiSECH95_6	1124449	1125592	HistomissSECH102_6	1332047	1333184	color=b3b1b2
HistoohiSECH95_6	3622554	3623697	HistomissSECH102_6	4418399	4419577	color=b3b1b2
HistoohiSECH95_6	1370637	1371779	HistomissSECH102_6	1523925	1525068	color=b3b1b2
HistoohiSECH95_6	1702643	1703785	HistomissSECH102_6	1910005	1911169	color=b3b1b2
HistoohiSECH95_6	3710532	3711674	HistomissSECH102_6	4553410	4554549	color=b3b1b2
HistoohiSECH95_6	3490712	3491853	HistomissSECH102_6	4288339	4289480	color=b3b1b2
HistoohiSECH95_6	964500	965641	HistomissSECH102_6	1122645	1123790	color=b3b1b2
HistoohiSECH95_6	3243991	3245129	HistomissSECH102_6	3975535	3976668	color=b3b1b2
HistoohiSECH95_6	3045508	3046642	HistomissSECH102_6	3778167	3779315	color=b3b1b2
HistoohiSECH95_6	4203437	4204571	HistomissSECH102_6	5119028	5120162	color=b3b1b2
HistoohiSECH95_6	3318005	3319138	HistomissSECH102_6	4048912	4050045	color=b3b1b2
HistoohiSECH95_6	273685	274816	HistomissSECH102_6	278532	279667	color=b3b1b2
HistoohiSECH95_6	886701	887832	HistomissSECH102_6	1049231	1050357	color=b3b1b2
HistoohiSECH95_6	1425507	1426636	HistomissSECH102_6	1566491	1567620	color=b3b1b2
HistoohiSECH95_6	571385	572511	HistomissSECH102_6	707541	708663	color=b3b1b2
HistoohiSECH95_6	992348	993474	HistomissSECH102_6	1151651	1152777	color=b3b1b2
HistoohiSECH95_6	2058511	2059634	HistomissSECH102_6	2479622	2480748	color=b3b1b2
HistoohiSECH95_6	3000846	3001969	HistomissSECH102_6	3738212	3739337	color=b3b1b2
HistoohiSECH95_6	3506758	3507881	HistomissSECH102_6	4305134	4306257	color=b3b1b2
HistoohiSECH95_6	4072814	4073933	HistomissSECH102_6	4989855	4990983	color=b3b1b2
HistoohiSECH95_6	2009000	2010118	HistomissSECH102_6	2439472	2440609	color=b3b1b2
HistoohiSECH95_6	2385929	2387046	HistomissSECH102_6	2909166	2910260	color=b3b1b2
HistoohiSECH95_6	2956174	2957290	HistomissSECH102_6	3709558	3710678	color=b3b1b2
HistoohiSECH95_6	1282195	1283308	HistomissSECH102_6	1438942	1440062	color=b3b1b2
HistoohiSECH95_6	3073874	3074986	HistomissSECH102_6	3804055	3805164	color=b3b1b2
HistoohiSECH95_6	4239742	4240854	HistomissSECH102_6	5156286	5157396	color=b3b1b2
HistoohiSECH95_6	3197350	3198461	HistomissSECH102_6	3931641	3932752	color=b3b1b2
HistoohiSECH95_6	493788	494897	HistomissSECH102_6	632556	633659	color=b3b1b2
HistoohiSECH95_6	4215604	4216712	HistomissSECH102_6	5130313	5131443	color=b3b1b2
HistoohiSECH95_6	2930734	2931840	HistomissSECH102_6	3685785	3686895	color=b3b1b2
HistoohiSECH95_6	2117127	2118230	HistomissSECH102_6	2569938	2571058	color=b3b1b2
HistoohiSECH95_6	2575588	2576691	HistomissSECH102_6	3213217	3214313	color=b3b1b2
HistoohiSECH95_6	2877807	2878910	HistomissSECH102_6	3639340	3640459	color=b3b1b2
HistoohiSECH95_6	479353	480456	HistomissSECH102_6	617607	618716	color=b3b1b2
HistoohiSECH95_6	363839	364941	HistomissSECH102_6	407025	408138	color=b3b1b2
HistoohiSECH95_6	3666918	3668020	HistomissSECH102_6	4459631	4460747	color=b3b1b2
HistoohiSECH95_6	366565	367666	HistomissSECH102_6	409803	410901	color=b3b1b2
HistoohiSECH95_6	776212	777313	HistomissSECH102_6	945141	946270	color=b3b1b2
HistoohiSECH95_6	3957994	3959094	HistomissSECH102_6	4829705	4830768	color=b3b1b2
HistoohiSECH95_6	3413007	3414106	HistomissSECH102_6	4206052	4207151	color=b3b1b2
HistoohiSECH95_6	444246	445345	HistomissSECH102_6	525304	526400	color=b3b1b2
HistoohiSECH95_6	57677	58774	HistomissSECH102_6	43402	44499	color=b3b1b2
HistoohiSECH95_6	1064531	1065625	HistomissSECH102_6	1219332	1220424	color=b3b1b2
HistoohiSECH95_6	2293523	2294613	HistomissSECH102_6	2754637	2755731	color=b3b1b2
HistoohiSECH95_6	3224495	3225584	HistomissSECH102_6	3957560	3958653	color=b3b1b2
HistoohiSECH95_6	515940	517029	HistomissSECH102_6	654668	655758	color=b3b1b2
HistoohiSECH95_6	3180356	3181444	HistomissSECH102_6	3915079	3916169	color=b3b1b2
HistoohiSECH95_6	3256180	3257265	HistomissSECH102_6	3987196	3988296	color=b3b1b2
HistoohiSECH95_6	4232849	4233934	HistomissSECH102_6	5149057	5150152	color=b3b1b2
HistoohiSECH95_6	3324453	3325537	HistomissSECH102_6	4055845	4056935	color=b3b1b2
HistoohiSECH95_6	1123420	1124503	HistomissSECH102_6	1330831	1331946	color=b3b1b2
HistoohiSECH95_6	1699726	1700809	HistomissSECH102_6	1907449	1908532	color=b3b1b2
HistoohiSECH95_6	1309617	1310698	HistomissSECH102_6	1467238	1468299	color=b3b1b2
HistoohiSECH95_6	1178588	1179668	HistomissSECH102_6	1388284	1389349	color=b3b1b2
HistoohiSECH95_6	1772644	1773724	HistomissSECH102_6	1984033	1985103	color=b3b1b2
HistoohiSECH95_6	2409880	2410959	HistomissSECH102_6	2963846	2964965	color=b3b1b2
HistoohiSECH95_6	165389	166467	HistomissSECH102_6	163669	164818	color=b3b1b2
HistoohiSECH95_6	1292173	1293249	HistomissSECH102_6	1449658	1450747	color=b3b1b2
HistoohiSECH95_6	1944685	1945760	HistomissSECH102_6	2309433	2310507	color=b3b1b2
HistoohiSECH95_6	292885	293959	HistomissSECH102_6	299889	300996	color=b3b1b2
HistoohiSECH95_6	2025055	2026128	HistomissSECH102_6	2455761	2456820	color=b3b1b2
HistoohiSECH95_6	3332481	3333553	HistomissSECH102_6	4063521	4064592	color=b3b1b2
HistoohiSECH95_6	1696672	1697743	HistomissSECH102_6	1905374	1906445	color=b3b1b2
HistoohiSECH95_6	1986697	1987768	HistomissSECH102_6	2351973	2353049	color=b3b1b2
HistoohiSECH95_6	306990	308061	HistomissSECH102_6	314580	315651	color=b3b1b2
HistoohiSECH95_6	3689373	3690444	HistomissSECH102_6	4480206	4481281	color=b3b1b2
HistoohiSECH95_6	59748	60819	HistomissSECH102_6	45786	46857	color=b3b1b2
HistoohiSECH95_6	982059	983130	HistomissSECH102_6	1141480	1142573	color=b3b1b2
HistoohiSECH95_6	1017103	1018172	HistomissSECH102_6	1175426	1176481	color=b3b1b2
HistoohiSECH95_6	2141308	2142377	HistomissSECH102_6	2593569	2594631	color=b3b1b2
HistoohiSECH95_6	330819	331884	HistomissSECH102_6	374029	375093	color=b3b1b2
HistoohiSECH95_6	637460	638524	HistomissSECH102_6	764357	765386	color=b3b1b2
HistoohiSECH95_6	2206028	2207091	HistomissSECH102_6	2665293	2666381	color=b3b1b2
HistoohiSECH95_6	3684052	3685114	HistomissSECH102_6	4475870	4476932	color=b3b1b2
HistoohiSECH95_6	1834030	1835090	HistomissSECH102_6	2059715	2060730	color=b3b1b2
HistoohiSECH95_6	675626	676685	HistomissSECH102_6	806350	807408	color=b3b1b2
HistoohiSECH95_6	4010192	4011250	HistomissSECH102_6	4885434	4886511	color=b3b1b2
HistoohiSECH95_6	882961	884019	HistomissSECH102_6	1045245	1046293	color=b3b1b2
HistoohiSECH95_6	2640566	2641623	HistomissSECH102_6	3340484	3341547	color=b3b1b2
HistoohiSECH95_6	1122365	1123418	HistomissSECH102_6	1329663	1330674	color=b3b1b2
HistoohiSECH95_6	1187600	1188653	HistomissSECH102_6	1396927	1397980	color=b3b1b2
HistoohiSECH95_6	3205989	3207042	HistomissSECH102_6	3940268	3941315	color=b3b1b2
HistoohiSECH95_6	1919541	1920593	HistomissSECH102_6	2286785	2287831	color=b3b1b2
HistoohiSECH95_6	373501	374553	HistomissSECH102_6	412588	413662	color=b3b1b2
HistoohiSECH95_6	1347705	1348754	HistomissSECH102_6	1501408	1502457	color=b3b1b2
HistoohiSECH95_6	1290240	1291288	HistomissSECH102_6	1447596	1448650	color=b3b1b2
HistoohiSECH95_6	3907813	3908861	HistomissSECH102_6	4740222	4741289	color=b3b1b2
HistoohiSECH95_6	3263974	3265021	HistomissSECH102_6	3993719	3994766	color=b3b1b2
HistoohiSECH95_6	777313	778360	HistomissSECH102_6	946386	947392	color=b3b1b2
HistoohiSECH95_6	1761198	1762243	HistomissSECH102_6	1972243	1973296	color=b3b1b2
HistoohiSECH95_6	3113474	3114519	HistomissSECH102_6	3847612	3848669	color=b3b1b2
HistoohiSECH95_6	3549377	3550421	HistomissSECH102_6	4345316	4346348	color=b3b1b2
HistoohiSECH95_6	4014756	4015800	HistomissSECH102_6	4940472	4941518	color=b3b1b2
HistoohiSECH95_6	2766186	2767229	HistomissSECH102_6	3465624	3466720	color=b3b1b2
HistoohiSECH95_6	3419686	3420728	HistomissSECH102_6	4212094	4213143	color=b3b1b2
HistoohiSECH95_6	2762759	2763800	HistomissSECH102_6	3462408	3463455	color=b3b1b2
HistoohiSECH95_6	4191207	4192248	HistomissSECH102_6	5106068	5107101	color=b3b1b2
HistoohiSECH95_6	412610	413650	HistomissSECH102_6	473727	474778	color=b3b1b2
HistoohiSECH95_6	1620143	1621182	HistomissSECH102_6	1839978	1841011	color=b3b1b2
HistoohiSECH95_6	3724509	3725548	HistomissSECH102_6	4566762	4567790	color=b3b1b2
HistoohiSECH95_6	3924000	3925039	HistomissSECH102_6	4809022	4810075	color=b3b1b2
HistoohiSECH95_6	502397	503436	HistomissSECH102_6	640303	641352	color=b3b1b2
HistoohiSECH95_6	2551300	2552338	HistomissSECH102_6	3191524	3192560	color=b3b1b2
HistoohiSECH95_6	3557	4595	HistomissSECH102_6	1039	2077	color=b3b1b2
HistoohiSECH95_6	3979490	3980527	HistomissSECH102_6	4860830	4861866	color=b3b1b2
HistoohiSECH95_6	470432	471468	HistomissSECH102_6	608744	609810	color=b3b1b2
HistoohiSECH95_6	773712	774748	HistomissSECH102_6	942578	943614	color=b3b1b2
HistoohiSECH95_6	1066232	1067267	HistomissSECH102_6	1221341	1222376	color=b3b1b2
HistoohiSECH95_6	2678511	2679545	HistomissSECH102_6	3376282	3377312	color=b3b1b2
HistoohiSECH95_6	2029098	2030131	HistomissSECH102_6	2458217	2459249	color=b3b1b2
HistoohiSECH95_6	3098679	3099712	HistomissSECH102_6	3829067	3830101	color=b3b1b2
HistoohiSECH95_6	3214643	3215676	HistomissSECH102_6	3949442	3950481	color=b3b1b2
HistoohiSECH95_6	2889814	2890846	HistomissSECH102_6	3651417	3652449	color=b3b1b2
HistoohiSECH95_6	2571203	2572233	HistomissSECH102_6	3209160	3210190	color=b3b1b2
HistoohiSECH95_6	111800	112829	HistomissSECH102_6	115509	116537	color=b3b1b2
HistoohiSECH95_6	1747536	1748564	HistomissSECH102_6	1957399	1958427	color=b3b1b2
HistoohiSECH95_6	4026274	4027302	HistomissSECH102_6	4952292	4953320	color=b3b1b2
HistoohiSECH95_6	961560	962588	HistomissSECH102_6	1119409	1120423	color=b3b1b2
HistoohiSECH95_6	2016339	2017364	HistomissSECH102_6	2447515	2448541	color=b3b1b2
HistoohiSECH95_6	3321138	3322163	HistomissSECH102_6	4052265	4053290	color=b3b1b2
HistoohiSECH95_6	3637648	3638673	HistomissSECH102_6	4435512	4436529	color=b3b1b2
HistoohiSECH95_6	4076034	4077059	HistomissSECH102_6	4992413	4993467	color=b3b1b2
HistoohiSECH95_6	1569489	1570512	HistomissSECH102_6	1756461	1757484	color=b3b1b2
HistoohiSECH95_6	2504053	2505075	HistomissSECH102_6	3141754	3142776	color=b3b1b2
HistoohiSECH95_6	1774434	1775455	HistomissSECH102_6	1986090	1987103	color=b3b1b2
HistoohiSECH95_6	1782472	1783492	HistomissSECH102_6	1994820	1995842	color=b3b1b2
HistoohiSECH95_6	4077061	4078081	HistomissSECH102_6	4993624	4994645	color=b3b1b2
HistoohiSECH95_6	1136554	1137572	HistomissSECH102_6	1344658	1345672	color=b3b1b2
HistoohiSECH95_6	1801015	1802033	HistomissSECH102_6	2023585	2024595	color=b3b1b2
HistoohiSECH95_6	2904966	2905984	HistomissSECH102_6	3666606	3667624	color=b3b1b2
HistoohiSECH95_6	4057725	4058743	HistomissSECH102_6	4979157	4980179	color=b3b1b2
HistoohiSECH95_6	696710	697728	HistomissSECH102_6	828494	829515	color=b3b1b2
HistoohiSECH95_6	1922643	1923658	HistomissSECH102_6	2289709	2290724	color=b3b1b2
HistoohiSECH95_6	3174980	3175995	HistomissSECH102_6	3910340	3911359	color=b3b1b2
HistoohiSECH95_6	3432047	3433061	HistomissSECH102_6	4225771	4226789	color=b3b1b2
HistoohiSECH95_6	86345	87358	HistomissSECH102_6	58037	59054	color=b3b1b2
HistoohiSECH95_6	3223482	3224493	HistomissSECH102_6	3956395	3957403	color=b3b1b2
HistoohiSECH95_6	3338953	3339963	HistomissSECH102_6	4069800	4070810	color=b3b1b2
HistoohiSECH95_6	87466	88476	HistomissSECH102_6	90099	91106	color=b3b1b2
HistoohiSECH95_6	3604683	3605692	HistomissSECH102_6	4399121	4400133	color=b3b1b2
HistoohiSECH95_6	1787006	1788012	HistomissSECH102_6	2009898	2010937	color=b3b1b2
HistoohiSECH95_6	3663260	3664266	HistomissSECH102_6	4457280	4458285	color=b3b1b2
HistoohiSECH95_6	1571420	1572425	HistomissSECH102_6	1758442	1759443	color=b3b1b2
HistoohiSECH95_6	2645505	2646510	HistomissSECH102_6	3345239	3346247	color=b3b1b2
HistoohiSECH95_6	728901	729905	HistomissSECH102_6	860810	861810	color=b3b1b2
HistoohiSECH95_6	3693321	3694324	HistomissSECH102_6	4481455	4482481	color=b3b1b2
HistoohiSECH95_6	851185	852187	HistomissSECH102_6	1017094	1018099	color=b3b1b2
HistoohiSECH95_6	2096172	2097173	HistomissSECH102_6	2547646	2548651	color=b3b1b2
HistoohiSECH95_6	2111450	2112451	HistomissSECH102_6	2564027	2565028	color=b3b1b2
HistoohiSECH95_6	3788281	3789282	HistomissSECH102_6	4627971	4628972	color=b3b1b2
