HistocapH88_CP069103	1403458	1458367	HistoohiSECH98_2	754995	700128	color=b3b1b2
HistocapH88_CP069103	5292288	5332517	HistoohiSECH98_2	3256121	3296598	color=b3b1b2
HistocapH88_CP069103	1948662	1986124	HistoohiSECH98_2	1086869	1124362	color=b3b1b2
HistocapH88_CP069103	4966934	5002560	HistoohiSECH98_2	3003141	3038631	color=b3b1b2
HistocapH88_CP069103	2262959	2298355	HistoohiSECH98_2	1404935	1440415	color=b3b1b2
HistocapH88_CP069103	1745336	1780445	HistoohiSECH98_2	891106	926086	color=b3b1b2
HistocapH88_CP069103	4028322	4063204	HistoohiSECH98_2	2442110	2476975	color=b3b1b2
HistocapH88_CP069103	4364300	4398294	HistoohiSECH98_2	2571538	2605593	color=b3b1b2
HistocapH88_CP069103	7655987	7689216	HistoohiSECH98_2	4365067	4398322	color=b3b1b2
HistocapH88_CP069103	3227521	3260301	HistoohiSECH98_2	2154580	2187605	color=b3b1b2
HistocapH88_CP069103	2133959	2166645	HistoohiSECH98_2	1276085	1308624	color=b3b1b2
HistocapH88_CP069103	4745560	4776873	HistoohiSECH98_2	2846819	2878198	color=b3b1b2
HistocapH88_CP069103	3891369	3920671	HistoohiSECH98_2	2302887	2332347	color=b3b1b2
HistocapH88_CP069103	8112097	8138152	HistoohiSECH98_2	4654001	4680006	color=b3b1b2
HistocapH88_CP069103	3832414	3856997	HistoohiSECH98_2	2244109	2268723	color=b3b1b2
HistocapH88_CP069103	4401131	4424248	HistoohiSECH98_2	2607263	2630404	color=b3b1b2
HistocapH88_CP069103	4083786	4106863	HistoohiSECH98_2	2495703	2518845	color=b3b1b2
HistocapH88_CP069103	1800649	1823532	HistoohiSECH98_2	947104	970087	color=b3b1b2
HistocapH88_CP069103	964185	986738	HistoohiSECH98_2	480125	502761	color=b3b1b2
HistocapH88_CP069103	6368212	6390764	HistoohiSECH98_2	3668119	3690805	color=b3b1b2
HistocapH88_CP069103	4794815	4817064	HistoohiSECH98_2	2893240	2915428	color=b3b1b2
HistocapH88_CP069103	1586390	1608571	HistoohiSECH98_2	858008	880338	color=b3b1b2
HistocapH88_CP069103	2375116	2397156	HistoohiSECH98_2	1447227	1469301	color=b3b1b2
HistocapH88_CP069103	8149575	8171340	HistoohiSECH98_2	4680232	4701982	color=b3b1b2
HistocapH88_CP069103	4525018	4546449	HistoohiSECH98_2	2687395	2708863	color=b3b1b2
HistocapH88_CP069103	3993957	4014779	HistoohiSECH98_2	2407564	2428401	color=b3b1b2
HistocapH88_CP069103	6442998	6463651	HistoohiSECH98_2	3744805	3765531	color=b3b1b2
HistocapH88_CP069103	7236983	7257331	HistoohiSECH98_2	3989785	4010105	color=b3b1b2
HistocapH88_CP069103	1551094	1571127	HistoohiSECH98_2	822841	843032	color=b3b1b2
HistocapH88_CP069103	2195599	2215582	HistoohiSECH98_2	1338537	1358524	color=b3b1b2
HistocapH88_CP069103	2043120	2062969	HistoohiSECH98_2	1183982	1203604	color=b3b1b2
HistocapH88_CP069103	5645285	5664989	HistoohiSECH98_2	3518561	3538320	color=b3b1b2
HistocapH88_CP069103	5438804	5458463	HistoohiSECH98_2	3369930	3389687	color=b3b1b2
HistocapH88_CP069103	8224259	8243502	HistoohiSECH98_2	4749862	4769328	color=b3b1b2
HistocapH88_CP069103	8184716	8203463	HistoohiSECH98_2	4716334	4735066	color=b3b1b2
HistocapH88_CP069103	5166234	5184776	HistoohiSECH98_2	3189750	3208295	color=b3b1b2
HistocapH88_CP069103	659795	678122	HistoohiSECH98_2	238272	256604	color=b3b1b2
HistocapH88_CP069103	4823121	4841041	HistoohiSECH98_2	2917760	2935769	color=b3b1b2
HistocapH88_CP069103	1184845	1202610	HistoohiSECH98_2	626117	643879	color=b3b1b2
HistocapH88_CP069103	7515778	7533493	HistoohiSECH98_2	4238638	4256270	color=b3b1b2
HistocapH88_CP069103	1123371	1141028	HistoohiSECH98_2	563667	581360	color=b3b1b2
HistocapH88_CP069103	7298148	7315797	HistoohiSECH98_2	4081197	4098838	color=b3b1b2
HistocapH88_CP069103	1524223	1541199	HistoohiSECH98_2	794415	811358	color=b3b1b2
HistocapH88_CP069103	2001342	2018246	HistoohiSECH98_2	1140995	1157928	color=b3b1b2
HistocapH88_CP069103	3920728	3937603	HistoohiSECH98_2	2332578	2349322	color=b3b1b2
HistocapH88_CP069103	5549331	5566017	HistoohiSECH98_2	3462798	3479508	color=b3b1b2
HistocapH88_CP069103	2780254	2796704	HistoohiSECH98_2	1798331	1814850	color=b3b1b2
HistocapH88_CP069103	8283978	8300421	HistoohiSECH98_2	4819767	4836153	color=b3b1b2
HistocapH88_CP069103	2401905	2418017	HistoohiSECH98_2	1474708	1490871	color=b3b1b2
HistocapH88_CP069103	931997	948050	HistoohiSECH98_2	449047	465198	color=b3b1b2
HistocapH88_CP069103	1501343	1517223	HistoohiSECH98_2	771186	787017	color=b3b1b2
HistocapH88_CP069103	2989869	3005725	HistoohiSECH98_2	1972119	1988057	color=b3b1b2
HistocapH88_CP069103	1166778	1182586	HistoohiSECH98_2	607764	623522	color=b3b1b2
HistocapH88_CP069103	6413424	6429127	HistoohiSECH98_2	3714939	3730688	color=b3b1b2
HistocapH88_CP069103	1891776	1907426	HistoohiSECH98_2	1027345	1043152	color=b3b1b2
HistocapH88_CP069103	2919523	2935132	HistoohiSECH98_2	1895956	1911599	color=b3b1b2
HistocapH88_CP069103	7574584	7589875	HistoohiSECH98_2	4298557	4313998	color=b3b1b2
HistocapH88_CP069103	3864833	3880103	HistoohiSECH98_2	2276594	2291836	color=b3b1b2
HistocapH88_CP069103	5880843	5896113	HistoohiSECH98_2	3589347	3604599	color=b3b1b2
HistocapH88_CP069103	6600715	6615702	HistoohiSECH98_2	3787222	3802278	color=b3b1b2
HistocapH88_CP069103	2119016	2133903	HistoohiSECH98_2	1260938	1275903	color=b3b1b2
HistocapH88_CP069103	1921905	1936744	HistoohiSECH98_2	1056095	1070872	color=b3b1b2
HistocapH88_CP069103	5021953	5036693	HistoohiSECH98_2	3044737	3059383	color=b3b1b2
HistocapH88_CP069103	912205	926914	HistoohiSECH98_2	428875	443674	color=b3b1b2
HistocapH88_CP069103	5388973	5403668	HistoohiSECH98_2	3319469	3334168	color=b3b1b2
HistocapH88_CP069103	1869448	1883949	HistoohiSECH98_2	1004679	1019161	color=b3b1b2
HistocapH88_CP069103	6846492	6860935	HistoohiSECH98_2	3886876	3901382	color=b3b1b2
HistocapH88_CP069103	7983416	7997747	HistoohiSECH98_2	4544050	4558307	color=b3b1b2
HistocapH88_CP069103	880311	894513	HistoohiSECH98_2	397167	411411	color=b3b1b2
HistocapH88_CP069103	8561035	8575088	HistoohiSECH98_2	5001870	5016124	color=b3b1b2
HistocapH88_CP069103	5862049	5876055	HistoohiSECH98_2	3566052	3580157	color=b3b1b2
HistocapH88_CP069103	7281825	7295704	HistoohiSECH98_2	4064297	4078328	color=b3b1b2
HistocapH88_CP069103	2973248	2987099	HistoohiSECH98_2	1951789	1965640	color=b3b1b2
HistocapH88_CP069103	3940454	3954229	HistoohiSECH98_2	2352493	2366319	color=b3b1b2
HistocapH88_CP069103	1381079	1394817	HistoohiSECH98_2	684465	698285	color=b3b1b2
HistocapH88_CP069103	2500395	2514133	HistoohiSECH98_2	1575038	1588658	color=b3b1b2
HistocapH88_CP069103	7066958	7080650	HistoohiSECH98_2	3989575	3975834	color=b3b1b2
HistocapH88_CP069103	7402358	7415987	HistoohiSECH98_2	4128682	4142341	color=b3b1b2
HistocapH88_CP069103	5477249	5490862	HistoohiSECH98_2	3408824	3422486	color=b3b1b2
HistocapH88_CP069103	2248337	2261933	HistoohiSECH98_2	1391308	1404921	color=b3b1b2
HistocapH88_CP069103	8609794	8623336	HistoohiSECH98_2	5051759	5065267	color=b3b1b2
HistocapH88_CP069103	3096358	3109623	HistoohiSECH98_2	2026305	2039760	color=b3b1b2
HistocapH88_CP069103	1986700	1999957	HistoohiSECH98_2	1126218	1139584	color=b3b1b2
HistocapH88_CP069103	2481426	2494615	HistoohiSECH98_2	1555488	1568690	color=b3b1b2
HistocapH88_CP069103	7259500	7272626	HistoohiSECH98_2	4040385	4053531	color=b3b1b2
HistocapH88_CP069103	3191443	3204544	HistoohiSECH98_2	2117594	2130638	color=b3b1b2
HistocapH88_CP069103	6320521	6333615	HistoohiSECH98_2	3619801	3632841	color=b3b1b2
HistocapH88_CP069103	4634421	4647500	HistoohiSECH98_2	2791038	2804172	color=b3b1b2
HistocapH88_CP069103	2454223	2467184	HistoohiSECH98_2	1528137	1541181	color=b3b1b2
HistocapH88_CP069103	2063100	2076037	HistoohiSECH98_2	1203636	1216648	color=b3b1b2
HistocapH88_CP069103	2427167	2440022	HistoohiSECH98_2	1500462	1513320	color=b3b1b2
HistocapH88_CP069103	2547738	2560520	HistoohiSECH98_2	1613415	1626401	color=b3b1b2
HistocapH88_CP069103	7420591	7433266	HistoohiSECH98_2	4146833	4159368	color=b3b1b2
HistocapH88_CP069103	1071987	1084597	HistoohiSECH98_2	544744	557339	color=b3b1b2
HistocapH88_CP069103	8548372	8560871	HistoohiSECH98_2	4989388	5001870	color=b3b1b2
HistocapH88_CP069103	7503342	7515777	HistoohiSECH98_2	4226105	4238516	color=b3b1b2
HistocapH88_CP069103	7695903	7708196	HistoohiSECH98_2	4405359	4417662	color=b3b1b2
HistocapH88_CP069103	7551752	7564025	HistoohiSECH98_2	4275164	4287562	color=b3b1b2
HistocapH88_CP069103	8083200	8095327	HistoohiSECH98_2	4625200	4637510	color=b3b1b2
HistocapH88_CP069103	739795	751918	HistoohiSECH98_2	317191	329408	color=b3b1b2
HistocapH88_CP069103	4597163	4609283	HistoohiSECH98_2	2759639	2771740	color=b3b1b2
HistocapH88_CP069103	5589829	5601918	HistoohiSECH98_2	3479651	3491760	color=b3b1b2
HistocapH88_CP069103	5008833	5020913	HistoohiSECH98_2	3059371	3071630	color=b3b1b2
HistocapH88_CP069103	4562126	4574201	HistoohiSECH98_2	2724995	2737182	color=b3b1b2
HistocapH88_CP069103	7816697	7828750	HistoohiSECH98_2	4479428	4491500	color=b3b1b2
HistocapH88_CP069103	894575	906485	HistoohiSECH98_2	411604	423560	color=b3b1b2
HistocapH88_CP069103	5419486	5431174	HistoohiSECH98_2	3351263	3362974	color=b3b1b2
HistocapH88_CP069103	8499994	8511558	HistoohiSECH98_2	4934315	4945938	color=b3b1b2
HistocapH88_CP069103	4433356	4444906	HistoohiSECH98_2	2639634	2651040	color=b3b1b2
HistocapH88_CP069103	8300486	8312026	HistoohiSECH98_2	4836470	4848058	color=b3b1b2
HistocapH88_CP069103	2582744	2594280	HistoohiSECH98_2	1633782	1645291	color=b3b1b2
HistocapH88_CP069103	4339729	4351167	HistoohiSECH98_2	2546712	2558080	color=b3b1b2
HistocapH88_CP069103	6351413	6362818	HistoohiSECH98_2	3651010	3662353	color=b3b1b2
HistocapH88_CP069103	8138150	8149540	HistoohiSECH98_2	1730061	1741569	color=b3b1b2
HistocapH88_CP069103	2076091	2087392	HistoohiSECH98_2	1216784	1228128	color=b3b1b2
HistocapH88_CP069103	7778303	7789602	HistoohiSECH98_2	4462265	4473532	color=b3b1b2
HistocapH88_CP069103	990044	1001296	HistoohiSECH98_2	505502	516729	color=b3b1b2
HistocapH88_CP069103	8018637	8029877	HistoohiSECH98_2	4585255	4596572	color=b3b1b2
HistocapH88_CP069103	1367914	1379107	HistoohiSECH98_2	671293	682537	color=b3b1b2
HistocapH88_CP069103	5466077	5477176	HistoohiSECH98_2	3397454	3408586	color=b3b1b2
HistocapH88_CP069103	6429192	6440232	HistoohiSECH98_2	3730831	3741717	color=b3b1b2
HistocapH88_CP069103	5227230	5238216	HistoohiSECH98_2	3244864	3255893	color=b3b1b2
HistocapH88_CP069103	4551209	4562125	HistoohiSECH98_2	2713883	2724866	color=b3b1b2
HistocapH88_CP069103	863619	874418	HistoohiSECH98_2	380180	390975	color=b3b1b2
HistocapH88_CP069103	714616	725402	HistoohiSECH98_2	291482	302260	color=b3b1b2
HistocapH88_CP069103	2524746	2535497	HistoohiSECH98_2	1598957	1609886	color=b3b1b2
HistocapH88_CP069103	6336853	6347535	HistoohiSECH98_2	3636470	3647097	color=b3b1b2
HistocapH88_CP069103	3157383	3168043	HistoohiSECH98_2	2085171	2095812	color=b3b1b2
HistocapH88_CP069103	8452949	8463580	HistoohiSECH98_2	4916136	4926753	color=b3b1b2
HistocapH88_CP069103	7316618	7327245	HistoohiSECH98_2	4099870	4110466	color=b3b1b2
HistocapH88_CP069103	7645348	7655965	HistoohiSECH98_2	4354295	4364946	color=b3b1b2
HistocapH88_CP069103	1790024	1800630	HistoohiSECH98_2	936350	946982	color=b3b1b2
HistocapH88_CP069103	8514777	8525255	HistoohiSECH98_2	4956224	4966814	color=b3b1b2
HistocapH88_CP069103	2944079	2954518	HistoohiSECH98_2	1920392	1930923	color=b3b1b2
HistocapH88_CP069103	2728986	2739424	HistoohiSECH98_2	1782569	1793034	color=b3b1b2
HistocapH88_CP069103	5145394	5155805	HistoohiSECH98_2	3171834	3182344	color=b3b1b2
HistocapH88_CP069103	1048830	1059234	HistoohiSECH98_2	533328	543905	color=b3b1b2
HistocapH88_CP069103	8430685	8441089	HistoohiSECH98_2	4893611	4903993	color=b3b1b2
HistocapH88_CP069103	2514236	2524619	HistoohiSECH98_2	1588662	1598957	color=b3b1b2
HistocapH88_CP069103	3880471	3890791	HistoohiSECH98_2	2292206	2302471	color=b3b1b2
HistocapH88_CP069103	4353781	4364093	HistoohiSECH98_2	2560795	2571120	color=b3b1b2
HistocapH88_CP069103	2823091	2833385	HistoohiSECH98_2	1838387	1848808	color=b3b1b2
HistocapH88_CP069103	1608574	1618785	HistoohiSECH98_2	880447	890700	color=b3b1b2
HistocapH88_CP069103	2594274	2604448	HistoohiSECH98_2	1648576	1658806	color=b3b1b2
HistocapH88_CP069103	2796726	2806866	HistoohiSECH98_2	1815065	1825138	color=b3b1b2
HistocapH88_CP069103	3121236	3131342	HistoohiSECH98_2	2050067	2060167	color=b3b1b2
HistocapH88_CP069103	6590695	6600721	HistoohiSECH98_2	3773198	3783442	color=b3b1b2
HistocapH88_CP069103	4861917	4871854	HistoohiSECH98_2	2977578	2987478	color=b3b1b2
HistocapH88_CP069103	7441254	7451173	HistoohiSECH98_2	4167903	4177894	color=b3b1b2
HistocapH88_CP069103	7327321	7337180	HistoohiSECH98_2	4110482	4120257	color=b3b1b2
HistocapH88_CP069103	8592181	8602009	HistoohiSECH98_2	5033405	5043306	color=b3b1b2
HistocapH88_CP069103	5635205	5645023	HistoohiSECH98_2	3508528	3518224	color=b3b1b2
HistocapH88_CP069103	7537361	7547166	HistoohiSECH98_2	4260643	4270409	color=b3b1b2
HistocapH88_CP069103	7708337	7718116	HistoohiSECH98_2	4417834	4427561	color=b3b1b2
HistocapH88_CP069103	7466693	7476363	HistoohiSECH98_2	4190559	4200186	color=b3b1b2
HistocapH88_CP069103	5513591	5523247	HistoohiSECH98_2	3437360	3447023	color=b3b1b2
HistocapH88_CP069103	951919	961569	HistoohiSECH98_2	467555	477271	color=b3b1b2
HistocapH88_CP069103	6764356	6773983	HistoohiSECH98_2	3862184	3871807	color=b3b1b2
HistocapH88_CP069103	7635629	7645174	HistoohiSECH98_2	4344560	4354092	color=b3b1b2
HistocapH88_CP069103	2909986	2919522	HistoohiSECH98_2	1886210	1895793	color=b3b1b2
HistocapH88_CP069103	5042812	5052288	HistoohiSECH98_2	3077114	3086595	color=b3b1b2
HistocapH88_CP069103	4587797	4597216	HistoohiSECH98_2	2750014	2759538	color=b3b1b2
HistocapH88_CP069103	8525256	8534671	HistoohiSECH98_2	4966952	4976341	color=b3b1b2
HistocapH88_CP069103	6404020	6413421	HistoohiSECH98_2	3704155	3713683	color=b3b1b2
HistocapH88_CP069103	2900546	2909905	HistoohiSECH98_2	1876681	1886033	color=b3b1b2
HistocapH88_CP069103	8009181	8018526	HistoohiSECH98_2	4575946	4585240	color=b3b1b2
HistocapH88_CP069103	5128381	5137711	HistoohiSECH98_2	3154742	3164081	color=b3b1b2
HistocapH88_CP069103	7493725	7503026	HistoohiSECH98_2	4216714	4226110	color=b3b1b2
HistocapH88_CP069103	3072664	3081854	HistoohiSECH98_2	2002159	2011406	color=b3b1b2
HistocapH88_CP069103	3147577	3156763	HistoohiSECH98_2	2075955	2085170	color=b3b1b2
HistocapH88_CP069103	6883465	6892648	HistoohiSECH98_2	3923331	3932473	color=b3b1b2
HistocapH88_CP069103	845401	854566	HistoohiSECH98_2	358830	368127	color=b3b1b2
HistocapH88_CP069103	690460	699587	HistoohiSECH98_2	268285	277379	color=b3b1b2
HistocapH88_CP069103	3062999	3072117	HistoohiSECH98_2	1992711	2001792	color=b3b1b2
HistocapH88_CP069103	8029876	8038879	HistoohiSECH98_2	4600160	4609138	color=b3b1b2
HistocapH88_CP069103	1001767	1010724	HistoohiSECH98_2	517182	526069	color=b3b1b2
HistocapH88_CP069103	7974515	7983417	HistoohiSECH98_2	4534871	4543827	color=b3b1b2
HistocapH88_CP069103	8539506	8548377	HistoohiSECH98_2	4977998	4986877	color=b3b1b2
HistocapH88_CP069103	3175265	3184130	HistoohiSECH98_2	2101336	2110189	color=b3b1b2
HistocapH88_CP069103	7938702	7947487	HistoohiSECH98_2	4500072	4508778	color=b3b1b2
HistocapH88_CP069103	2221970	2230692	HistoohiSECH98_2	1364353	1373079	color=b3b1b2
HistocapH88_CP069103	8096088	8104749	HistoohiSECH98_2	4637773	4646360	color=b3b1b2
HistocapH88_CP069103	3111157	3119791	HistoohiSECH98_2	2039805	2048530	color=b3b1b2
HistocapH88_CP069103	2087605	2096158	HistoohiSECH98_2	1228149	1236450	color=b3b1b2
HistocapH88_CP069103	7477166	7485713	HistoohiSECH98_2	4200185	4208712	color=b3b1b2
HistocapH88_CP069103	2809859	2818402	HistoohiSECH98_2	1825233	1833781	color=b3b1b2
HistocapH88_CP069103	1835052	1843504	HistoohiSECH98_2	982569	991030	color=b3b1b2
HistocapH88_CP069103	1340135	1348491	HistoohiSECH98_2	646979	655286	color=b3b1b2
HistocapH88_CP069103	1826757	1835060	HistoohiSECH98_2	973751	982017	color=b3b1b2
HistocapH88_CP069103	7589968	7598244	HistoohiSECH98_2	4313998	4322303	color=b3b1b2
HistocapH88_CP069103	8275591	8283864	HistoohiSECH98_2	4811563	4819759	color=b3b1b2
HistocapH88_CP069103	6894301	6902571	HistoohiSECH98_2	3934571	3942833	color=b3b1b2
HistocapH88_CP069103	6915361	6923599	HistoohiSECH98_2	3955674	3963945	color=b3b1b2
HistocapH88_CP069103	4461082	4469284	HistoohiSECH98_2	2653686	2661912	color=b3b1b2
HistocapH88_CP069103	7627337	7635532	HistoohiSECH98_2	4336296	4344404	color=b3b1b2
HistocapH88_CP069103	7742300	7750485	HistoohiSECH98_2	4440068	4448308	color=b3b1b2
HistocapH88_CP069103	3087609	3095762	HistoohiSECH98_2	2017374	2025478	color=b3b1b2
HistocapH88_CP069103	6875356	6883463	HistoohiSECH98_2	3915097	3923227	color=b3b1b2
HistocapH88_CP069103	2692948	2700903	HistoohiSECH98_2	1766591	1774569	color=b3b1b2
HistocapH88_CP069103	3983288	3991237	HistoohiSECH98_2	2396658	2404634	color=b3b1b2
HistocapH88_CP069103	4472490	4480399	HistoohiSECH98_2	2664109	2672066	color=b3b1b2
HistocapH88_CP069103	5344685	5352593	HistoohiSECH98_2	3301749	3309704	color=b3b1b2
HistocapH88_CP069103	2178588	2186475	HistoohiSECH98_2	1321108	1329043	color=b3b1b2
HistocapH88_CP069103	4737631	4745514	HistoohiSECH98_2	2838695	2846630	color=b3b1b2
HistocapH88_CP069103	8000501	8008339	HistoohiSECH98_2	4567430	4575281	color=b3b1b2
HistocapH88_CP069103	4959130	4966926	HistoohiSECH98_2	2995226	3003014	color=b3b1b2
HistocapH88_CP069103	7485927	7493674	HistoohiSECH98_2	4209012	4216716	color=b3b1b2
HistocapH88_CP069103	731799	739493	HistoohiSECH98_2	309426	317192	color=b3b1b2
HistocapH88_CP069103	8074547	8082160	HistoohiSECH98_2	4616204	4623869	color=b3b1b2
HistocapH88_CP069103	3974947	3982550	HistoohiSECH98_2	2387939	2395611	color=b3b1b2
HistocapH88_CP069103	8261409	8269005	HistoohiSECH98_2	4796946	4804636	color=b3b1b2
HistocapH88_CP069103	2700950	2708520	HistoohiSECH98_2	1774772	1782403	color=b3b1b2
HistocapH88_CP069103	4848662	4856226	HistoohiSECH98_2	2963858	2971409	color=b3b1b2
HistocapH88_CP069103	5137711	5145261	HistoohiSECH98_2	3164201	3171729	color=b3b1b2
HistocapH88_CP069103	4647686	4655222	HistoohiSECH98_2	2804294	2811831	color=b3b1b2
HistocapH88_CP069103	7394845	7402353	HistoohiSECH98_2	4121095	4128555	color=b3b1b2
HistocapH88_CP069103	1146423	1153857	HistoohiSECH98_2	589368	596697	color=b3b1b2
HistocapH88_CP069103	8104749	8112145	HistoohiSECH98_2	4646478	4653892	color=b3b1b2
HistocapH88_CP069103	4609377	4616745	HistoohiSECH98_2	2771881	2779254	color=b3b1b2
HistocapH88_CP069103	4657536	4664884	HistoohiSECH98_2	2814290	2821648	color=b3b1b2
HistocapH88_CP069103	2893112	2900443	HistoohiSECH98_2	1869336	1876679	color=b3b1b2
HistocapH88_CP069103	4072905	4080235	HistoohiSECH98_2	2484328	2491576	color=b3b1b2
HistocapH88_CP069103	6636252	6643569	HistoohiSECH98_2	3823183	3830477	color=b3b1b2
HistocapH88_CP069103	4481242	4488543	HistoohiSECH98_2	2673602	2680953	color=b3b1b2
HistocapH88_CP069103	7719947	7727236	HistoohiSECH98_2	4429309	4436609	color=b3b1b2
HistocapH88_CP069103	8642601	8649878	HistoohiSECH98_2	5084881	5092161	color=b3b1b2
HistocapH88_CP069103	2440109	2447336	HistoohiSECH98_2	1513455	1520924	color=b3b1b2
HistocapH88_CP069103	2187867	2195087	HistoohiSECH98_2	1330382	1337765	color=b3b1b2
HistocapH88_CP069103	2936868	2944064	HistoohiSECH98_2	1913070	1920258	color=b3b1b2
HistocapH88_CP069103	3184130	3191276	HistoohiSECH98_2	2110281	2117443	color=b3b1b2
HistocapH88_CP069103	4424564	4431698	HistoohiSECH98_2	2630570	2637708	color=b3b1b2
HistocapH88_CP069103	2958898	2966022	HistoohiSECH98_2	1937057	1944136	color=b3b1b2
HistocapH88_CP069103	5061220	5068306	HistoohiSECH98_2	3095949	3102994	color=b3b1b2
HistocapH88_CP069103	6929764	6936848	HistoohiSECH98_2	3964692	3971717	color=b3b1b2
HistocapH88_CP069103	1153854	1160873	HistoohiSECH98_2	596892	603904	color=b3b1b2
HistocapH88_CP069103	1517221	1524215	HistoohiSECH98_2	787272	794262	color=b3b1b2
HistocapH88_CP069103	1883949	1890929	HistoohiSECH98_2	1019375	1026353	color=b3b1b2
HistocapH88_CP069103	2629758	2636717	HistoohiSECH98_2	1684599	1691508	color=b3b1b2
HistocapH88_CP069103	8342451	8349384	HistoohiSECH98_2	4876594	4883538	color=b3b1b2
HistocapH88_CP069103	8313377	8320309	HistoohiSECH98_2	4848616	4855570	color=b3b1b2
HistocapH88_CP069103	2035668	2042589	HistoohiSECH98_2	1176153	1183119	color=b3b1b2
HistocapH88_CP069103	1041625	1048544	HistoohiSECH98_2	526232	533219	color=b3b1b2
HistocapH88_CP069103	8446011	8452923	HistoohiSECH98_2	4909170	4915984	color=b3b1b2
HistocapH88_CP069103	679058	685919	HistoohiSECH98_2	256967	263794	color=b3b1b2
HistocapH88_CP069103	1542780	1549638	HistoohiSECH98_2	813171	820048	color=b3b1b2
HistocapH88_CP069103	2637235	2644058	HistoohiSECH98_2	1692474	1699429	color=b3b1b2
HistocapH88_CP069103	1780752	1787559	HistoohiSECH98_2	926298	933261	color=b3b1b2
HistocapH88_CP069103	6495248	6502043	HistoohiSECH98_2	3765687	3772413	color=b3b1b2
HistocapH88_CP069103	6732250	6739022	HistoohiSECH98_2	3834885	3841696	color=b3b1b2
HistocapH88_CP069103	7954340	7961085	HistoohiSECH98_2	4515503	4522357	color=b3b1b2
HistocapH88_CP069103	3215195	3221934	HistoohiSECH98_2	2142383	2149202	color=b3b1b2
HistocapH88_CP069103	2230746	2237450	HistoohiSECH98_2	1373247	1379937	color=b3b1b2
HistocapH88_CP069103	2418086	2424721	HistoohiSECH98_2	1490986	1497652	color=b3b1b2
HistocapH88_CP069103	8254583	8261201	HistoohiSECH98_2	4790220	4796788	color=b3b1b2
HistocapH88_CP069103	838645	845261	HistoohiSECH98_2	352187	358806	color=b3b1b2
HistocapH88_CP069103	5382359	5388955	HistoohiSECH98_2	3312311	3318955	color=b3b1b2
HistocapH88_CP069103	6906780	6913323	HistoohiSECH98_2	3946949	3953385	color=b3b1b2
HistocapH88_CP069103	8623336	8629766	HistoohiSECH98_2	5065421	5071909	color=b3b1b2
HistocapH88_CP069103	3205010	3211410	HistoohiSECH98_2	2131339	2137750	color=b3b1b2
HistocapH88_CP069103	8335786	8342180	HistoohiSECH98_2	4869937	4876377	color=b3b1b2
HistocapH88_CP069103	5459740	5466074	HistoohiSECH98_2	3390914	3397224	color=b3b1b2
HistocapH88_CP069103	7947505	7953829	HistoohiSECH98_2	4508934	4515276	color=b3b1b2
HistocapH88_CP069103	8243677	8249988	HistoohiSECH98_2	4769328	4775590	color=b3b1b2
HistocapH88_CP069103	4882422	4888731	HistoohiSECH98_2	2955873	2949532	color=b3b1b2
HistocapH88_CP069103	8581614	8587855	HistoohiSECH98_2	5023143	5029296	color=b3b1b2
HistocapH88_CP069103	4063264	4069477	HistoohiSECH98_2	2477232	2483488	color=b3b1b2
HistocapH88_CP069103	756548	762737	HistoohiSECH98_2	334068	340323	color=b3b1b2
HistocapH88_CP069103	3543304	3549488	HistoohiSECH98_2	2233866	2240071	color=b3b1b2
HistocapH88_CP069103	5672066	5678248	HistoohiSECH98_2	3544348	3550515	color=b3b1b2
HistocapH88_CP069103	8212173	8218277	HistoohiSECH98_2	4743203	4749284	color=b3b1b2
HistocapH88_CP069103	5608047	5614112	HistoohiSECH98_2	3497771	3503950	color=b3b1b2
HistocapH88_CP069103	6740229	6746265	HistoohiSECH98_2	3841998	3847986	color=b3b1b2
HistocapH88_CP069103	2101228	2107245	HistoohiSECH98_2	1242363	1248424	color=b3b1b2
HistocapH88_CP069103	1117320	1123327	HistoohiSECH98_2	557477	563504	color=b3b1b2
HistocapH88_CP069103	7756180	7762172	HistoohiSECH98_2	4454035	4459950	color=b3b1b2
HistocapH88_CP069103	1843749	1849694	HistoohiSECH98_2	991031	996989	color=b3b1b2
HistocapH88_CP069103	7568603	7574548	HistoohiSECH98_2	4292390	4298276	color=b3b1b2
HistocapH88_CP069103	2607525	2613461	HistoohiSECH98_2	1658922	1664893	color=b3b1b2
HistocapH88_CP069103	5122349	5128248	HistoohiSECH98_2	3148595	3154670	color=b3b1b2
HistocapH88_CP069103	874420	880311	HistoohiSECH98_2	391104	396999	color=b3b1b2
HistocapH88_CP069103	2648220	2654069	HistoohiSECH98_2	1704112	1709963	color=b3b1b2
HistocapH88_CP069103	5664989	5670834	HistoohiSECH98_2	3538464	3544338	color=b3b1b2
HistocapH88_CP069103	2237615	2243457	HistoohiSECH98_2	1380215	1386157	color=b3b1b2
HistocapH88_CP069103	3963500	3969331	HistoohiSECH98_2	2374507	2380292	color=b3b1b2
HistocapH88_CP069103	5431175	5436997	HistoohiSECH98_2	3363067	3368958	color=b3b1b2
HistocapH88_CP069103	5680287	5686096	HistoohiSECH98_2	3550502	3556298	color=b3b1b2
HistocapH88_CP069103	7870199	7875970	HistoohiSECH98_2	4494215	4499999	color=b3b1b2
HistocapH88_CP069103	2471681	2477421	HistoohiSECH98_2	1545487	1551252	color=b3b1b2
HistocapH88_CP069103	2107249	2112986	HistoohiSECH98_2	1248523	1254285	color=b3b1b2
HistocapH88_CP069103	6625130	6630806	HistoohiSECH98_2	3812070	3817690	color=b3b1b2
HistocapH88_CP069103	3859112	3864781	HistoohiSECH98_2	2270766	2276411	color=b3b1b2
HistocapH88_CP069103	4871991	4877647	HistoohiSECH98_2	2949204	2943511	color=b3b1b2
HistocapH88_CP069103	2166645	2172264	HistoohiSECH98_2	1308734	1314364	color=b3b1b2
HistocapH88_CP069103	3081884	3087489	HistoohiSECH98_2	2011599	2017223	color=b3b1b2
HistocapH88_CP069103	3138007	3143607	HistoohiSECH98_2	2067241	2072758	color=b3b1b2
HistocapH88_CP069103	5104535	5110135	HistoohiSECH98_2	3136290	3142054	color=b3b1b2
HistocapH88_CP069103	1577897	1583429	HistoohiSECH98_2	849432	854941	color=b3b1b2
HistocapH88_CP069103	8324644	8330157	HistoohiSECH98_2	4858711	4864357	color=b3b1b2
HistocapH88_CP069103	2967742	2973243	HistoohiSECH98_2	1946069	1951637	color=b3b1b2
HistocapH88_CP069103	2112987	2118446	HistoohiSECH98_2	1254465	1259928	color=b3b1b2
HistocapH88_CP069103	5186648	5192105	HistoohiSECH98_2	3210628	3216132	color=b3b1b2
HistocapH88_CP069103	5407701	5413149	HistoohiSECH98_2	3338319	3343801	color=b3b1b2
HistocapH88_CP069103	7750581	7756023	HistoohiSECH98_2	4448558	4453942	color=b3b1b2
HistocapH88_CP069103	7690356	7695764	HistoohiSECH98_2	4399373	4404799	color=b3b1b2
HistocapH88_CP069103	2881805	2887212	HistoohiSECH98_2	1858082	1863559	color=b3b1b2
HistocapH88_CP069103	8175565	8180881	HistoohiSECH98_2	4706511	4711835	color=b3b1b2
HistocapH88_CP069103	8669343	8674646	HistoohiSECH98_2	5102789	5108103	color=b3b1b2
HistocapH88_CP069103	2615442	2620729	HistoohiSECH98_2	1668092	1673396	color=b3b1b2
HistocapH88_CP069103	4719550	4724800	HistoohiSECH98_2	2825214	2830450	color=b3b1b2
HistocapH88_CP069103	1141160	1146390	HistoohiSECH98_2	581447	586699	color=b3b1b2
HistocapH88_CP069103	6618781	6624003	HistoohiSECH98_2	3805521	3810747	color=b3b1b2
HistocapH88_CP069103	1394831	1400047	HistoohiSECH98_2	764266	759028	color=b3b1b2
HistocapH88_CP069103	5494418	5499615	HistoohiSECH98_2	3426125	3431297	color=b3b1b2
HistocapH88_CP069103	5856489	5861677	HistoohiSECH98_2	3560736	3565928	color=b3b1b2
HistocapH88_CP069103	4577642	4582821	HistoohiSECH98_2	2740536	2745710	color=b3b1b2
HistocapH88_CP069103	2495223	2500394	HistoohiSECH98_2	1569680	1574859	color=b3b1b2
HistocapH88_CP069103	725404	730534	HistoohiSECH98_2	302373	307555	color=b3b1b2
HistocapH88_CP069103	4325325	4330448	HistoohiSECH98_2	2532311	2537430	color=b3b1b2
HistocapH88_CP069103	8422699	8427819	HistoohiSECH98_2	4885049	4890195	color=b3b1b2
HistocapH88_CP069103	2887480	2892584	HistoohiSECH98_2	1863557	1868741	color=b3b1b2
HistocapH88_CP069103	926925	931997	HistoohiSECH98_2	443814	448893	color=b3b1b2
HistocapH88_CP069103	2668284	2673337	HistoohiSECH98_2	1720198	1725193	color=b3b1b2
HistocapH88_CP069103	6779263	6784263	HistoohiSECH98_2	3879696	3884718	color=b3b1b2
HistocapH88_CP069103	2658800	2663787	HistoohiSECH98_2	1711048	1716108	color=b3b1b2
HistocapH88_CP069103	8629776	8634698	HistoohiSECH98_2	5072160	5077036	color=b3b1b2
HistocapH88_CP069103	8441141	8446012	HistoohiSECH98_2	4904149	4909012	color=b3b1b2
HistocapH88_CP069103	2561187	2566031	HistoohiSECH98_2	1627288	1632203	color=b3b1b2
HistocapH88_CP069103	5094711	5099506	HistoohiSECH98_2	3126571	3131372	color=b3b1b2
HistocapH88_CP069103	2352451	2357221	HistoohiSECH98_2	1440523	1445275	color=b3b1b2
HistocapH88_CP069103	7454676	7459439	HistoohiSECH98_2	4181874	4186661	color=b3b1b2
HistocapH88_CP069103	6363303	6368040	HistoohiSECH98_2	3663184	3667927	color=b3b1b2
HistocapH88_CP069103	6861208	6865915	HistoohiSECH98_2	3901740	3906484	color=b3b1b2
HistocapH88_CP069103	7789605	7794309	HistoohiSECH98_2	4473678	4478384	color=b3b1b2
HistocapH88_CP069103	6774379	6779062	HistoohiSECH98_2	3875034	3879695	color=b3b1b2
HistocapH88_CP069103	1495662	1500322	HistoohiSECH98_2	766136	770840	color=b3b1b2
HistocapH88_CP069103	8330996	8335652	HistoohiSECH98_2	4865196	4869782	color=b3b1b2
HistocapH88_CP069103	2673367	2678011	HistoohiSECH98_2	1725331	1729994	color=b3b1b2
HistocapH88_CP069103	4546449	4551081	HistoohiSECH98_2	2709065	2713682	color=b3b1b2
HistocapH88_CP069103	4014785	4019397	HistoohiSECH98_2	2428503	2433073	color=b3b1b2
HistocapH88_CP069103	7598225	7602771	HistoohiSECH98_2	4324287	4328835	color=b3b1b2
HistocapH88_CP069103	3170129	3174662	HistoohiSECH98_2	2095926	2100476	color=b3b1b2
HistocapH88_CP069103	4776903	4781432	HistoohiSECH98_2	2878355	2882900	color=b3b1b2
HistocapH88_CP069103	7547170	7551681	HistoohiSECH98_2	4270537	4275063	color=b3b1b2
HistocapH88_CP069103	8664562	8669055	HistoohiSECH98_2	5098194	5102729	color=b3b1b2
HistocapH88_CP069103	5161744	5166234	HistoohiSECH98_2	3185192	3189653	color=b3b1b2
HistocapH88_CP069103	4891397	4895846	HistoohiSECH98_2	2987752	2992251	color=b3b1b2
HistocapH88_CP069103	5056786	5061217	HistoohiSECH98_2	3091491	3095835	color=b3b1b2
HistocapH88_CP069103	5222799	5227224	HistoohiSECH98_2	3235160	3239489	color=b3b1b2
HistocapH88_CP069103	7416129	7420522	HistoohiSECH98_2	4142342	4146702	color=b3b1b2
HistocapH88_CP069103	3131343	3135735	HistoohiSECH98_2	2060268	2064604	color=b3b1b2
HistocapH88_CP069103	6392537	6396864	HistoohiSECH98_2	3692606	3697026	color=b3b1b2
HistocapH88_CP069103	5068993	5073313	HistoohiSECH98_2	3103728	3108045	color=b3b1b2
HistocapH88_CP069103	8250138	8254438	HistoohiSECH98_2	4785219	4789530	color=b3b1b2
HistocapH88_CP069103	4784971	4789251	HistoohiSECH98_2	2886367	2890658	color=b3b1b2
HistocapH88_CP069103	2449499	2453748	HistoohiSECH98_2	1523403	1527693	color=b3b1b2
HistocapH88_CP069103	2818445	2822688	HistoohiSECH98_2	1833938	1838166	color=b3b1b2
HistocapH88_CP069103	3969334	3973575	HistoohiSECH98_2	2382132	2386420	color=b3b1b2
HistocapH88_CP069103	7436325	7440562	HistoohiSECH98_2	4162741	4166962	color=b3b1b2
HistocapH88_CP069103	8171340	8175569	HistoohiSECH98_2	4702136	4706343	color=b3b1b2
HistocapH88_CP069103	5630959	5635146	HistoohiSECH98_2	3504153	3508372	color=b3b1b2
HistocapH88_CP069103	7961880	7966046	HistoohiSECH98_2	4522826	4526974	color=b3b1b2
HistocapH88_CP069103	8068846	8072936	HistoohiSECH98_2	4610585	4614642	color=b3b1b2
HistocapH88_CP069103	4583709	4587795	HistoohiSECH98_2	2745771	2749857	color=b3b1b2
HistocapH88_CP069103	8207115	8211170	HistoohiSECH98_2	4739118	4743180	color=b3b1b2
HistocapH88_CP069103	2620738	2624779	HistoohiSECH98_2	1673555	1677666	color=b3b1b2
HistocapH88_CP069103	855346	859355	HistoohiSECH98_2	371931	375965	color=b3b1b2
HistocapH88_CP069103	2467679	2471678	HistoohiSECH98_2	1541478	1545380	color=b3b1b2
HistocapH88_CP069103	4019397	4023275	HistoohiSECH98_2	2433699	2437653	color=b3b1b2
HistocapH88_CP069103	5052813	5056682	HistoohiSECH98_2	3087539	3091358	color=b3b1b2
HistocapH88_CP069103	8463770	8467634	HistoohiSECH98_2	4926949	4930807	color=b3b1b2
HistocapH88_CP069103	4841612	4845462	HistoohiSECH98_2	2955872	2959719	color=b3b1b2
HistocapH88_CP069103	8650885	8654729	HistoohiSECH98_2	5093340	5097264	color=b3b1b2
HistocapH88_CP069103	5340838	5344679	HistoohiSECH98_2	3297820	3301600	color=b3b1b2
HistocapH88_CP069103	4878591	4882423	HistoohiSECH98_2	2943169	2939453	color=b3b1b2
HistocapH88_CP069103	5403857	5407681	HistoohiSECH98_2	3334359	3338206	color=b3b1b2
HistocapH88_CP069103	1162838	1166634	HistoohiSECH98_2	603903	607737	color=b3b1b2
HistocapH88_CP069103	3211402	3215180	HistoohiSECH98_2	2138575	2142238	color=b3b1b2
HistocapH88_CP069103	8269023	8272795	HistoohiSECH98_2	4804815	4808613	color=b3b1b2
HistocapH88_CP069103	6397542	6401310	HistoohiSECH98_2	3697530	3701349	color=b3b1b2
HistocapH88_CP069103	6757806	6761557	HistoohiSECH98_2	3858307	3862064	color=b3b1b2
HistocapH88_CP069103	6746270	6750017	HistoohiSECH98_2	3849549	3853300	color=b3b1b2
HistocapH88_CP069103	6902662	6906406	HistoohiSECH98_2	3942836	3946566	color=b3b1b2
HistocapH88_CP069103	7463025	7466756	HistoohiSECH98_2	4186684	4190453	color=b3b1b2
HistocapH88_CP069103	3307165	3310865	HistoohiSECH98_2	2207211	2210916	color=b3b1b2
HistocapH88_CP069103	7533540	7537202	HistoohiSECH98_2	4256559	4260246	color=b3b1b2
HistocapH88_CP069103	4858313	4861918	HistoohiSECH98_2	2973933	2977408	color=b3b1b2
HistocapH88_CP069103	762744	766345	HistoohiSECH98_2	340458	344099	color=b3b1b2
HistocapH88_CP069103	1861674	1865267	HistoohiSECH98_2	998361	1001962	color=b3b1b2
HistocapH88_CP069103	8602359	8605946	HistoohiSECH98_2	5043749	5047293	color=b3b1b2
HistocapH88_CP069103	5085923	5089498	HistoohiSECH98_2	3118216	3121800	color=b3b1b2
HistocapH88_CP069103	6347747	6351312	HistoohiSECH98_2	3647178	3650592	color=b3b1b2
HistocapH88_CP069103	2172265	2175797	HistoohiSECH98_2	1314477	1318016	color=b3b1b2
HistocapH88_CP069103	5686279	5689802	HistoohiSECH98_2	3556344	3559878	color=b3b1b2
HistocapH88_CP069103	5214016	5217529	HistoohiSECH98_2	3231150	3234699	color=b3b1b2
HistocapH88_CP069103	7451174	7454685	HistoohiSECH98_2	4177985	4181453	color=b3b1b2
HistocapH88_CP069103	4630911	4634413	HistoohiSECH98_2	2787329	2790910	color=b3b1b2
HistocapH88_CP069103	8637048	8640536	HistoohiSECH98_2	5079361	5082850	color=b3b1b2
HistocapH88_CP069103	2031245	2034716	HistoohiSECH98_2	1171745	1175210	color=b3b1b2
HistocapH88_CP069103	4624277	4627747	HistoohiSECH98_2	2780578	2784098	color=b3b1b2
HistocapH88_CP069103	4080309	4083762	HistoohiSECH98_2	2491748	2495286	color=b3b1b2
HistocapH88_CP069103	703276	706724	HistoohiSECH98_2	280297	283750	color=b3b1b2
HistocapH88_CP069103	5209376	5212823	HistoohiSECH98_2	3243515	3240118	color=b3b1b2
HistocapH88_CP069103	2217784	2221228	HistoohiSECH98_2	1360740	1364251	color=b3b1b2
HistocapH88_CP069103	1350966	1354390	HistoohiSECH98_2	660223	663545	color=b3b1b2
HistocapH88_CP069103	8588009	8591427	HistoohiSECH98_2	5029485	5032879	color=b3b1b2
HistocapH88_CP069103	7276894	7280265	HistoohiSECH98_2	4059171	4062521	color=b3b1b2
HistocapH88_CP069103	5545695	5549041	HistoohiSECH98_2	3459284	3462682	color=b3b1b2
HistocapH88_CP069103	6643579	6646920	HistoohiSECH98_2	3830643	3833987	color=b3b1b2
HistocapH88_CP069103	2477427	2480749	HistoohiSECH98_2	1551604	1554965	color=b3b1b2
HistocapH88_CP069103	5499630	5502948	HistoohiSECH98_2	3431413	3434734	color=b3b1b2
HistocapH88_CP069103	2740178	2743471	HistoohiSECH98_2	1793910	1797143	color=b3b1b2
HistocapH88_CP069103	5602354	5605629	HistoohiSECH98_2	3491764	3495125	color=b3b1b2
HistocapH88_CP069103	5037632	5040895	HistoohiSECH98_2	3073488	3076764	color=b3b1b2
HistocapH88_CP069103	6313421	6316674	HistoohiSECH98_2	3611820	3615051	color=b3b1b2
HistocapH88_CP069103	906472	909706	HistoohiSECH98_2	423758	426947	color=b3b1b2
HistocapH88_CP069103	5202745	5205974	HistoohiSECH98_2	3227178	3230435	color=b3b1b2
HistocapH88_CP069103	6316826	6320039	HistoohiSECH98_2	3615195	3618395	color=b3b1b2
HistocapH88_CP069103	860246	863459	HistoohiSECH98_2	376938	380179	color=b3b1b2
HistocapH88_CP069103	5079120	5082326	HistoohiSECH98_2	3114894	3118133	color=b3b1b2
HistocapH88_CP069103	8674988	8678194	HistoohiSECH98_2	5108328	5111683	color=b3b1b2
HistocapH88_CP069103	2397302	2400506	HistoohiSECH98_2	1469301	1472516	color=b3b1b2
HistocapH88_CP069103	2644060	2647247	HistoohiSECH98_2	1699544	1702720	color=b3b1b2
HistocapH88_CP069103	3224255	3227426	HistoohiSECH98_2	2151307	2154449	color=b3b1b2
HistocapH88_CP069103	2022426	2025584	HistoohiSECH98_2	1161772	1164949	color=b3b1b2
HistocapH88_CP069103	1574045	1577187	HistoohiSECH98_2	846160	849324	color=b3b1b2
HistocapH88_CP069103	8496854	8499986	HistoohiSECH98_2	4931037	4934212	color=b3b1b2
HistocapH88_CP069103	2604394	2607523	HistoohiSECH98_2	1645436	1648590	color=b3b1b2
HistocapH88_CP069103	3026124	3029227	HistoohiSECH98_2	371362	368235	color=b3b1b2
HistocapH88_CP069103	5877741	5880841	HistoohiSECH98_2	3582113	3585252	color=b3b1b2
HistocapH88_CP069103	5413148	5416240	HistoohiSECH98_2	3345000	3348007	color=b3b1b2
HistocapH88_CP069103	7739204	7742296	HistoohiSECH98_2	4436864	4439965	color=b3b1b2
HistocapH88_CP069103	6615702	6618776	HistoohiSECH98_2	3802431	3805397	color=b3b1b2
HistocapH88_CP069103	5099508	5102545	HistoohiSECH98_2	3131517	3134553	color=b3b1b2
HistocapH88_CP069103	3143678	3146709	HistoohiSECH98_2	2072917	2075916	color=b3b1b2
HistocapH88_CP069103	7624111	7627132	HistoohiSECH98_2	4333094	4336108	color=b3b1b2
HistocapH88_CP069103	5945612	5948587	HistoohiSECH98_2	3604671	3607656	color=b3b1b2
HistocapH88_CP069103	5416244	5419203	HistoohiSECH98_2	3348108	3351107	color=b3b1b2
HistocapH88_CP069103	3955760	3958686	HistoohiSECH98_2	2367923	2370886	color=b3b1b2
HistocapH88_CP069103	753626	756545	HistoohiSECH98_2	330828	333759	color=b3b1b2
HistocapH88_CP069103	2544174	2547086	HistoohiSECH98_2	1610010	1612934	color=b3b1b2
HistocapH88_CP069103	1945761	1948662	HistoohiSECH98_2	1078374	1081275	color=b3b1b2
HistocapH88_CP069103	1571144	1574041	HistoohiSECH98_2	843189	846055	color=b3b1b2
HistocapH88_CP069103	4317641	4320529	HistoohiSECH98_2	2525804	2528748	color=b3b1b2
HistocapH88_CP069103	686203	689088	HistoohiSECH98_2	264438	267327	color=b3b1b2
HistocapH88_CP069103	7971171	7974036	HistoohiSECH98_2	4531838	4534701	color=b3b1b2
HistocapH88_CP069103	3937604	3940459	HistoohiSECH98_2	2349473	2352368	color=b3b1b2
HistocapH88_CP069103	2679042	2681863	HistoohiSECH98_2	1742440	1745440	color=b3b1b2
HistocapH88_CP069103	6630808	6633620	HistoohiSECH98_2	3817847	3820668	color=b3b1b2
HistocapH88_CP069103	2626273	2629065	HistoohiSECH98_2	1680801	1683646	color=b3b1b2
HistocapH88_CP069103	7064170	7066955	HistoohiSECH98_2	3971798	3974593	color=b3b1b2
HistocapH88_CP069103	6440232	6442995	HistoohiSECH98_2	3741875	3744650	color=b3b1b2
HistocapH88_CP069103	2175824	2178584	HistoohiSECH98_2	1318186	1321003	color=b3b1b2
HistocapH88_CP069103	2018246	2020932	HistoohiSECH98_2	1158041	1160763	color=b3b1b2
HistocapH88_CP069103	5948682	5951365	HistoohiSECH98_2	3607660	3610308	color=b3b1b2
HistocapH88_CP069103	4106929	4109602	HistoohiSECH98_2	2518991	2521669	color=b3b1b2
HistocapH88_CP069103	4321408	4324068	HistoohiSECH98_2	2528750	2531377	color=b3b1b2
HistocapH88_CP069103	3991247	3993900	HistoohiSECH98_2	2404740	2407386	color=b3b1b2
HistocapH88_CP069103	8272940	8275591	HistoohiSECH98_2	4808779	4811462	color=b3b1b2
HistocapH88_CP069103	1913838	1916457	HistoohiSECH98_2	1047832	1050453	color=b3b1b2
HistocapH88_CP069103	4896026	4898645	HistoohiSECH98_2	2992443	2995083	color=b3b1b2
HistocapH88_CP069103	6401404	6404019	HistoohiSECH98_2	3701349	3703961	color=b3b1b2
HistocapH88_CP069103	4732482	4735092	HistoohiSECH98_2	2833814	2836444	color=b3b1b2
HistocapH88_CP069103	961575	964179	HistoohiSECH98_2	477391	479974	color=b3b1b2
HistocapH88_CP069103	766491	769084	HistoohiSECH98_2	344203	346806	color=b3b1b2
HistocapH88_CP069103	1583826	1586378	HistoohiSECH98_2	855331	857852	color=b3b1b2
HistocapH88_CP069103	8428158	8430682	HistoohiSECH98_2	4890984	4893481	color=b3b1b2
HistocapH88_CP069103	2836588	2839108	HistoohiSECH98_2	1851273	1853826	color=b3b1b2
HistocapH88_CP069103	1941476	1943994	HistoohiSECH98_2	1073634	1076156	color=b3b1b2
HistocapH88_CP069103	3809359	3811838	HistoohiSECH98_2	2241642	2244110	color=b3b1b2
HistocapH88_CP069103	7295703	7298152	HistoohiSECH98_2	4078518	4080979	color=b3b1b2
HistocapH88_CP069103	8689558	8691992	HistoohiSECH98_2	5120120	5122545	color=b3b1b2
HistocapH88_CP069103	7998072	8000499	HistoohiSECH98_2	4558323	4560733	color=b3b1b2
HistocapH88_CP069103	5511196	5513595	HistoohiSECH98_2	3434733	3437132	color=b3b1b2
HistocapH88_CP069103	5006459	5008854	HistoohiSECH98_2	3042169	3044596	color=b3b1b2
HistocapH88_CP069103	4332529	4334912	HistoohiSECH98_2	2539840	2542176	color=b3b1b2
HistocapH88_CP069103	5076744	5079121	HistoohiSECH98_2	3111610	3114002	color=b3b1b2
HistocapH88_CP069103	6750017	6752368	HistoohiSECH98_2	3853414	3855734	color=b3b1b2
HistocapH88_CP069103	700000	702347	HistoohiSECH98_2	277600	280014	color=b3b1b2
HistocapH88_CP069103	3300400	3302738	HistoohiSECH98_2	2194254	2196601	color=b3b1b2
HistocapH88_CP069103	710765	713090	HistoohiSECH98_2	287365	289704	color=b3b1b2
HistocapH88_CP069103	3304779	3307093	HistoohiSECH98_2	2204650	2206951	color=b3b1b2
HistocapH88_CP069103	2026548	2028836	HistoohiSECH98_2	1165787	1168087	color=b3b1b2
HistocapH88_CP069103	2096888	2099170	HistoohiSECH98_2	1236836	1239050	color=b3b1b2
HistocapH88_CP069103	2664582	2666857	HistoohiSECH98_2	1717049	1719291	color=b3b1b2
HistocapH88_CP069103	6872365	6874601	HistoohiSECH98_2	3912495	3914778	color=b3b1b2
HistocapH88_CP069103	2955921	2958102	HistoohiSECH98_2	1932544	1934726	color=b3b1b2
HistocapH88_CP069103	5605637	5607814	HistoohiSECH98_2	3495330	3497518	color=b3b1b2
HistocapH88_CP069103	5490890	5493049	HistoohiSECH98_2	3422640	3424800	color=b3b1b2
HistocapH88_CP069103	5120195	5122345	HistoohiSECH98_2	3146306	3148472	color=b3b1b2
HistocapH88_CP069103	4337500	4339636	HistoohiSECH98_2	2544399	2546503	color=b3b1b2
HistocapH88_CP069103	515806	517942	HistoohiSECH98_2	588970	586809	color=b3b1b2
HistocapH88_CP069103	2686982	2689110	HistoohiSECH98_2	1760955	1763123	color=b3b1b2
HistocapH88_CP069103	1182591	1184698	HistoohiSECH98_2	623630	625762	color=b3b1b2
HistocapH88_CP069103	8204325	8206432	HistoohiSECH98_2	4736130	4738253	color=b3b1b2
HistocapH88_CP069103	4315020	4317120	HistoohiSECH98_2	2523583	2525672	color=b3b1b2
HistocapH88_CP069103	3958870	3960954	HistoohiSECH98_2	2371069	2373166	color=b3b1b2
HistocapH88_CP069103	2215708	2217781	HistoohiSECH98_2	1358524	1360625	color=b3b1b2
HistocapH88_CP069103	8577122	8579187	HistoohiSECH98_2	5018483	5020613	color=b3b1b2
HistocapH88_CP069103	2689115	2691174	HistoohiSECH98_2	1763244	1765310	color=b3b1b2
HistocapH88_CP069103	7434242	7436300	HistoohiSECH98_2	4160496	4162601	color=b3b1b2
HistocapH88_CP069103	3312710	3314759	HistoohiSECH98_2	2215397	2217453	color=b3b1b2
HistocapH88_CP069103	4856230	4858278	HistoohiSECH98_2	2971608	2973663	color=b3b1b2
HistocapH88_CP069103	6334811	6336852	HistoohiSECH98_2	3634193	3636245	color=b3b1b2
HistocapH88_CP069103	2447454	2449489	HistoohiSECH98_2	1521254	1523248	color=b3b1b2
HistocapH88_CP069103	1911839	1913836	HistoohiSECH98_2	1045779	1047729	color=b3b1b2
HistocapH88_CP069103	2841013	2843007	HistoohiSECH98_2	1855773	1857817	color=b3b1b2
HistocapH88_CP069103	6913359	6915352	HistoohiSECH98_2	3953565	3955534	color=b3b1b2
HistocapH88_CP069103	6755817	6757804	HistoohiSECH98_2	3856263	3858193	color=b3b1b2
HistocapH88_CP069103	8575182	8577117	HistoohiSECH98_2	5016379	5018328	color=b3b1b2
HistocapH88_CP069103	4470086	4472014	HistoohiSECH98_2	2662064	2663995	color=b3b1b2
HistocapH88_CP069103	909932	911843	HistoohiSECH98_2	427020	428872	color=b3b1b2
HistocapH88_CP069103	6844585	6846492	HistoohiSECH98_2	3884873	3886750	color=b3b1b2
HistocapH88_CP069103	6634353	6636256	HistoohiSECH98_2	3821149	3823081	color=b3b1b2
HistocapH88_CP069103	3857015	3858915	HistoohiSECH98_2	2268881	2270760	color=b3b1b2
HistocapH88_CP069103	4717654	4719546	HistoohiSECH98_2	2823144	2825010	color=b3b1b2
HistocapH88_CP069103	4023970	4025856	HistoohiSECH98_2	2437650	2439528	color=b3b1b2
HistocapH88_CP069103	4574619	4576500	HistoohiSECH98_2	2737477	2739419	color=b3b1b2
HistocapH88_CP069103	4655685	4657541	HistoohiSECH98_2	2812290	2814144	color=b3b1b2
HistocapH88_CP069103	1401610	1403453	HistoohiSECH98_2	756949	755096	color=b3b1b2
HistocapH88_CP069103	987825	989665	HistoohiSECH98_2	503594	505440	color=b3b1b2
HistocapH88_CP069103	7275105	7276896	HistoohiSECH98_2	4056862	4058681	color=b3b1b2
HistocapH88_CP069103	4846107	4847845	HistoohiSECH98_2	2959736	2961480	color=b3b1b2
HistocapH88_CP069103	2966022	2967742	HistoohiSECH98_2	1944237	1945951	color=b3b1b2
HistocapH88_CP069103	1458376	1460070	HistoohiSECH98_2	699971	698291	color=b3b1b2
HistocapH88_CP069103	3260287	3261970	HistoohiSECH98_2	2190933	2192582	color=b3b1b2
HistocapH88_CP069103	1939725	1941396	HistoohiSECH98_2	1071826	1073476	color=b3b1b2
HistocapH88_CP069103	1908478	1910110	HistoohiSECH98_2	1043991	1045623	color=b3b1b2
HistocapH88_CP069103	4334858	4336486	HistoohiSECH98_2	2542332	2543983	color=b3b1b2
HistocapH88_CP069103	5876122	5877741	HistoohiSECH98_2	3580356	3582008	color=b3b1b2
HistocapH88_CP069103	5159959	5161572	HistoohiSECH98_2	3183525	3185195	color=b3b1b2
HistocapH88_CP069103	4628097	4629703	HistoohiSECH98_2	2784265	2785877	color=b3b1b2
HistocapH88_CP069103	8678590	8680159	HistoohiSECH98_2	5111683	5113290	color=b3b1b2
HistocapH88_CP069103	1400043	1401610	HistoohiSECH98_2	758719	757083	color=b3b1b2
HistocapH88_CP069103	4431727	4433286	HistoohiSECH98_2	2637840	2639427	color=b3b1b2
HistocapH88_CP069103	7718121	7719670	HistoohiSECH98_2	4427706	4429259	color=b3b1b2
HistocapH88_CP069103	2099688	2101217	HistoohiSECH98_2	1239630	1241092	color=b3b1b2
HistocapH88_CP069103	5003500	5005019	HistoohiSECH98_2	3039669	3041202	color=b3b1b2
HistocapH88_CP069103	7603040	7604558	HistoohiSECH98_2	4329421	4330928	color=b3b1b2
HistocapH88_CP069103	713095	714612	HistoohiSECH98_2	289854	291372	color=b3b1b2
HistocapH88_CP069103	2246808	2248305	HistoohiSECH98_2	1389703	1391178	color=b3b1b2
HistocapH88_CP069103	4518945	4520442	HistoohiSECH98_2	2681154	2682655	color=b3b1b2
HistocapH88_CP069103	3549624	3551091	HistoohiSECH98_2	2240137	2241604	color=b3b1b2
HistocapH88_CP069103	3310867	3312333	HistoohiSECH98_2	2212690	2214154	color=b3b1b2
HistocapH88_CP069103	1541274	1542738	HistoohiSECH98_2	811520	813015	color=b3b1b2
HistocapH88_CP069103	1460477	1461919	HistoohiSECH98_2	764593	766054	color=b3b1b2
HistocapH88_CP069103	8183284	8184716	HistoohiSECH98_2	4714799	4716214	color=b3b1b2
HistocapH88_CP069103	6870784	6872204	HistoohiSECH98_2	3911047	3912465	color=b3b1b2
HistocapH88_CP069103	4664885	4666297	HistoohiSECH98_2	2821764	2823148	color=b3b1b2
HistocapH88_CP069103	3135773	3137179	HistoohiSECH98_2	2064714	2066115	color=b3b1b2
HistocapH88_CP069103	1865508	1866895	HistoohiSECH98_2	1001966	1003362	color=b3b1b2
HistocapH88_CP069103	4730448	4731834	HistoohiSECH98_2	2832076	2833397	color=b3b1b2
HistocapH88_CP069103	2186523	2187899	HistoohiSECH98_2	1329224	1330534	color=b3b1b2
HistocapH88_CP069103	3954230	3955588	HistoohiSECH98_2	2366470	2367817	color=b3b1b2
HistocapH88_CP069103	7829908	7831243	HistoohiSECH98_2	4492699	4494035	color=b3b1b2
HistocapH88_CP069103	752299	753624	HistoohiSECH98_2	329399	330718	color=b3b1b2
HistocapH88_CP069103	2364376	2365686	HistoohiSECH98_2	1445736	1447061	color=b3b1b2
HistocapH88_CP069103	2954569	2955861	HistoohiSECH98_2	1931093	1932368	color=b3b1b2
HistocapH88_CP069103	948056	949348	HistoohiSECH98_2	465306	466534	color=b3b1b2
HistocapH88_CP069103	8511603	8512857	HistoohiSECH98_2	4947279	4948541	color=b3b1b2
HistocapH88_CP069103	4398480	4399708	HistoohiSECH98_2	2605772	2607005	color=b3b1b2
HistocapH88_CP069103	5158613	5159840	HistoohiSECH98_2	3182428	3183654	color=b3b1b2
HistocapH88_CP069103	2935155	2936336	HistoohiSECH98_2	1912999	1911818	color=b3b1b2
HistocapH88_CP069103	4793173	4794347	HistoohiSECH98_2	2891912	2893090	color=b3b1b2
HistocapH88_CP069103	1868211	1869358	HistoohiSECH98_2	1003527	1004679	color=b3b1b2
HistocapH88_CP069103	1944641	1945761	HistoohiSECH98_2	1077136	1078259	color=b3b1b2
HistocapH88_CP069103	8067663	8068766	HistoohiSECH98_2	4609287	4610369	color=b3b1b2
HistocapH88_CP069103	5112715	5113814	HistoohiSECH98_2	3144355	3145456	color=b3b1b2
HistocapH88_CP069103	1825647	1826728	HistoohiSECH98_2	972465	973543	color=b3b1b2
HistocapH88_CP069103	5380467	5381545	HistoohiSECH98_2	3310837	3311910	color=b3b1b2
HistocapH88_CP069103	1823863	1824919	HistoohiSECH98_2	970415	971457	color=b3b1b2
HistocapH88_CP069103	7828863	7829906	HistoohiSECH98_2	4491499	4492542	color=b3b1b2
HistocapH88_CP069103	1549780	1550816	HistoohiSECH98_2	820499	821549	color=b3b1b2
HistocapH88_CP069103	1202610	1203643	HistoohiSECH98_2	644222	645257	color=b3b1b2
HistocapH88_CP069103	5334032	5335056	HistoohiSECH98_2	3296618	3297633	color=b3b1b2
HistocapH88_CP069103	709011	710034	HistoohiSECH98_2	285551	286561	color=b3b1b2
