HistomissSECH81_3	2626071	2668236	HistocapCB192_3	3042014	3084179	color=b3b1b2
HistomissSECH81_3	571590	612066	HistocapCB192_3	575607	616082	color=b3b1b2
HistomissSECH81_3	406309	442993	HistocapCB192_3	427684	464368	color=b3b1b2
HistomissSECH81_3	2507998	2537072	HistocapCB192_3	2930157	2959231	color=b3b1b2
HistomissSECH81_3	858255	884977	HistocapCB192_3	937132	963854	color=b3b1b2
HistomissSECH81_3	2888209	2914301	HistocapCB192_3	3322667	3348759	color=b3b1b2
HistomissSECH81_3	2206988	2232724	HistocapCB192_3	2596814	2622550	color=b3b1b2
HistomissSECH81_3	991564	1016669	HistocapCB192_3	1159675	1184779	color=b3b1b2
HistomissSECH81_3	1503554	1528651	HistocapCB192_3	1806765	1831897	color=b3b1b2
HistomissSECH81_3	764735	787843	HistocapCB192_3	819924	843031	color=b3b1b2
HistomissSECH81_3	2151710	2174790	HistocapCB192_3	2541068	2564148	color=b3b1b2
HistomissSECH81_3	705251	727618	HistocapCB192_3	761691	784058	color=b3b1b2
HistomissSECH81_3	1193864	1216196	HistocapCB192_3	1428066	1450398	color=b3b1b2
HistomissSECH81_3	1690662	1712888	HistocapCB192_3	1996844	2019070	color=b3b1b2
HistomissSECH81_3	2343712	2365414	HistocapCB192_3	2735757	2757459	color=b3b1b2
HistomissSECH81_3	1551424	1572773	HistocapCB192_3	1856707	1878056	color=b3b1b2
HistomissSECH81_3	2262874	2283070	HistocapCB192_3	2652193	2672389	color=b3b1b2
HistomissSECH81_3	147854	166838	HistocapCB192_3	164313	183295	color=b3b1b2
HistomissSECH81_3	1281585	1300438	HistocapCB192_3	1516926	1535779	color=b3b1b2
HistomissSECH81_3	1086374	1105001	HistocapCB192_3	1258756	1277384	color=b3b1b2
HistomissSECH81_3	184430	202827	HistocapCB192_3	200180	218577	color=b3b1b2
HistomissSECH81_3	3092631	3110978	HistocapCB192_3	3610735	3629083	color=b3b1b2
HistomissSECH81_3	1337488	1355407	HistocapCB192_3	1626449	1644368	color=b3b1b2
HistomissSECH81_3	2439022	2456358	HistocapCB192_3	2862778	2880114	color=b3b1b2
HistomissSECH81_3	2393407	2410631	HistocapCB192_3	2786194	2803418	color=b3b1b2
HistomissSECH81_3	2067875	2084682	HistocapCB192_3	2424995	2441802	color=b3b1b2
HistomissSECH81_3	1238898	1255577	HistocapCB192_3	1474042	1490721	color=b3b1b2
HistomissSECH81_3	1175079	1191077	HistocapCB192_3	1411967	1427965	color=b3b1b2
HistomissSECH81_3	546330	562094	HistocapCB192_3	709690	693926	color=b3b1b2
HistomissSECH81_3	1318942	1334663	HistocapCB192_3	1554770	1570491	color=b3b1b2
HistomissSECH81_3	206718	222247	HistocapCB192_3	222517	238049	color=b3b1b2
HistomissSECH81_3	1795879	1811406	HistocapCB192_3	2136862	2152389	color=b3b1b2
HistomissSECH81_3	339054	354532	HistocapCB192_3	360430	375909	color=b3b1b2
HistomissSECH81_3	390867	406239	HistocapCB192_3	412211	427583	color=b3b1b2
HistomissSECH81_3	2108281	2123572	HistocapCB192_3	2465635	2480927	color=b3b1b2
HistomissSECH81_3	894081	909211	HistocapCB192_3	1056302	1071432	color=b3b1b2
HistomissSECH81_3	2841885	2856920	HistocapCB192_3	3262790	3277825	color=b3b1b2
HistomissSECH81_3	2423079	2438006	HistocapCB192_3	2814289	2829216	color=b3b1b2
HistomissSECH81_3	1256079	1270990	HistocapCB192_3	1491009	1505920	color=b3b1b2
HistomissSECH81_3	47770	62592	HistocapCB192_3	58106	72928	color=b3b1b2
HistomissSECH81_3	2969918	2984199	HistocapCB192_3	3403235	3417516	color=b3b1b2
HistomissSECH81_3	358221	372449	HistocapCB192_3	380020	394248	color=b3b1b2
HistomissSECH81_3	2288540	2302737	HistocapCB192_3	2677767	2691966	color=b3b1b2
HistomissSECH81_3	26519	40615	HistocapCB192_3	36636	50732	color=b3b1b2
HistomissSECH81_3	1359408	1373459	HistocapCB192_3	1648396	1662448	color=b3b1b2
HistomissSECH81_3	1724484	1738170	HistocapCB192_3	2029979	2043663	color=b3b1b2
HistomissSECH81_3	3128271	3141876	HistocapCB192_3	3645114	3658719	color=b3b1b2
HistomissSECH81_3	490752	504240	HistocapCB192_3	512186	525674	color=b3b1b2
HistomissSECH81_3	2687853	2701291	HistocapCB192_3	3100345	3113782	color=b3b1b2
HistomissSECH81_3	2366029	2379322	HistocapCB192_3	2757560	2770856	color=b3b1b2
HistomissSECH81_3	108421	121583	HistocapCB192_3	119661	132823	color=b3b1b2
HistomissSECH81_3	1927800	1940922	HistocapCB192_3	2296302	2309423	color=b3b1b2
HistomissSECH81_3	2548615	2561608	HistocapCB192_3	2969839	2982832	color=b3b1b2
HistomissSECH81_3	1597787	1610662	HistocapCB192_3	1903613	1916489	color=b3b1b2
HistomissSECH81_3	126918	139768	HistocapCB192_3	143462	156312	color=b3b1b2
HistomissSECH81_3	2805518	2818342	HistocapCB192_3	3228775	3241599	color=b3b1b2
HistomissSECH81_3	2139131	2151680	HistocapCB192_3	2528389	2540937	color=b3b1b2
HistomissSECH81_3	2924985	2937444	HistocapCB192_3	3359379	3371838	color=b3b1b2
HistomissSECH81_3	2757371	2769751	HistocapCB192_3	3172448	3184830	color=b3b1b2
HistomissSECH81_3	3034766	3047087	HistocapCB192_3	3551222	3563543	color=b3b1b2
HistomissSECH81_3	1016543	1028829	HistocapCB192_3	1184880	1197166	color=b3b1b2
HistomissSECH81_3	1390706	1402608	HistocapCB192_3	1679369	1691271	color=b3b1b2
HistomissSECH81_3	2191021	2202720	HistocapCB192_3	2584235	2595934	color=b3b1b2
HistomissSECH81_3	467150	478830	HistocapCB192_3	488517	500192	color=b3b1b2
HistomissSECH81_3	2938943	2950538	HistocapCB192_3	3373167	3384762	color=b3b1b2
HistomissSECH81_3	1417912	1429479	HistocapCB192_3	1708250	1719817	color=b3b1b2
HistomissSECH81_3	2246280	2257843	HistocapCB192_3	2635453	2647016	color=b3b1b2
HistomissSECH81_3	845162	856639	HistocapCB192_3	923119	934596	color=b3b1b2
HistomissSECH81_3	1765980	1777450	HistocapCB192_3	2108415	2119886	color=b3b1b2
HistomissSECH81_3	2827815	2839205	HistocapCB192_3	3248657	3260047	color=b3b1b2
HistomissSECH81_3	1968184	1979573	HistocapCB192_3	2333506	2344895	color=b3b1b2
HistomissSECH81_3	637227	648468	HistocapCB192_3	678164	689405	color=b3b1b2
HistomissSECH81_3	453323	464535	HistocapCB192_3	474745	485901	color=b3b1b2
HistomissSECH81_3	1948132	1959297	HistocapCB192_3	2313511	2324676	color=b3b1b2
HistomissSECH81_3	222121	233158	HistocapCB192_3	238150	249187	color=b3b1b2
HistomissSECH81_3	1438491	1449394	HistocapCB192_3	1727229	1738132	color=b3b1b2
HistomissSECH81_3	1811875	1822626	HistocapCB192_3	2152490	2163241	color=b3b1b2
HistomissSECH81_3	658754	669501	HistocapCB192_3	714587	725334	color=b3b1b2
HistomissSECH81_3	3018471	3029092	HistocapCB192_3	3494513	3505134	color=b3b1b2
HistomissSECH81_3	2057241	2067777	HistocapCB192_3	2414321	2424857	color=b3b1b2
HistomissSECH81_3	1043733	1054172	HistocapCB192_3	1212105	1222544	color=b3b1b2
HistomissSECH81_3	2538368	2548592	HistocapCB192_3	2959514	2969738	color=b3b1b2
HistomissSECH81_3	443092	453158	HistocapCB192_3	464469	474535	color=b3b1b2
HistomissSECH81_3	2564623	2574582	HistocapCB192_3	2986227	2996186	color=b3b1b2
HistomissSECH81_3	2181079	2191003	HistocapCB192_3	2574210	2584134	color=b3b1b2
HistomissSECH81_3	1572929	1582793	HistocapCB192_3	1878047	1887911	color=b3b1b2
HistomissSECH81_3	98539	108317	HistocapCB192_3	109782	119560	color=b3b1b2
HistomissSECH81_3	3118527	3128199	HistocapCB192_3	3635341	3645013	color=b3b1b2
HistomissSECH81_3	1536316	1545863	HistocapCB192_3	1847058	1856606	color=b3b1b2
HistomissSECH81_3	2701384	2710899	HistocapCB192_3	3114007	3123522	color=b3b1b2
HistomissSECH81_3	1217859	1227308	HistocapCB192_3	1452234	1461683	color=b3b1b2
HistomissSECH81_3	2678252	2687701	HistocapCB192_3	3090795	3100244	color=b3b1b2
HistomissSECH81_3	1076776	1086217	HistocapCB192_3	1248924	1258365	color=b3b1b2
HistomissSECH81_3	933650	943057	HistocapCB192_3	1095978	1105385	color=b3b1b2
HistomissSECH81_3	736316	745701	HistocapCB192_3	795518	804903	color=b3b1b2
HistomissSECH81_3	2036194	2045572	HistocapCB192_3	2401238	2410616	color=b3b1b2
HistomissSECH81_3	1583930	1593286	HistocapCB192_3	1889483	1898839	color=b3b1b2
HistomissSECH81_3	1373714	1382983	HistocapCB192_3	1662668	1671938	color=b3b1b2
HistomissSECH81_3	954562	963766	HistocapCB192_3	1117910	1127113	color=b3b1b2
HistomissSECH81_3	909307	918491	HistocapCB192_3	1071533	1080717	color=b3b1b2
HistomissSECH81_3	2306695	2315810	HistocapCB192_3	2698736	2707851	color=b3b1b2
HistomissSECH81_3	2792996	2801964	HistocapCB192_3	3216606	3225574	color=b3b1b2
HistomissSECH81_3	1146451	1155418	HistocapCB192_3	1380018	1388985	color=b3b1b2
HistomissSECH81_3	1738307	1747198	HistocapCB192_3	2085731	2094622	color=b3b1b2
HistomissSECH81_3	1841141	1850030	HistocapCB192_3	2206287	2215175	color=b3b1b2
HistomissSECH81_3	2769851	2778737	HistocapCB192_3	3185290	3194176	color=b3b1b2
HistomissSECH81_3	1982013	1990851	HistocapCB192_3	2347587	2356349	color=b3b1b2
HistomissSECH81_3	2738609	2747391	HistocapCB192_3	3148648	3157430	color=b3b1b2
HistomissSECH81_3	1121754	1130521	HistocapCB192_3	1317784	1326557	color=b3b1b2
HistomissSECH81_3	2856968	2865683	HistocapCB192_3	3278366	3287081	color=b3b1b2
HistomissSECH81_3	1959335	1968028	HistocapCB192_3	2324777	2333470	color=b3b1b2
HistomissSECH81_3	746281	754957	HistocapCB192_3	805680	814356	color=b3b1b2
HistomissSECH81_3	75195	83844	HistocapCB192_3	86172	94821	color=b3b1b2
HistomissSECH81_3	924950	933497	HistocapCB192_3	1087330	1095877	color=b3b1b2
HistomissSECH81_3	2325499	2333957	HistocapCB192_3	2717146	2725605	color=b3b1b2
HistomissSECH81_3	789480	797930	HistocapCB192_3	844851	853301	color=b3b1b2
HistomissSECH81_3	1856219	1864287	HistocapCB192_3	2227394	2235463	color=b3b1b2
HistomissSECH81_3	814091	822111	HistocapCB192_3	864984	873004	color=b3b1b2
HistomissSECH81_3	300551	308560	HistocapCB192_3	314095	322104	color=b3b1b2
HistomissSECH81_3	1054772	1062760	HistocapCB192_3	1226520	1234508	color=b3b1b2
HistomissSECH81_3	139794	147692	HistocapCB192_3	156413	164311	color=b3b1b2
HistomissSECH81_3	1495735	1503554	HistocapCB192_3	1798837	1806656	color=b3b1b2
HistomissSECH81_3	1035782	1043554	HistocapCB192_3	1204178	1211949	color=b3b1b2
HistomissSECH81_3	372550	380195	HistocapCB192_3	394493	402138	color=b3b1b2
HistomissSECH81_3	254360	261996	HistocapCB192_3	270659	278295	color=b3b1b2
HistomissSECH81_3	16223	23770	HistocapCB192_3	22080	29627	color=b3b1b2
HistomissSECH81_3	2592703	2600173	HistocapCB192_3	3014294	3021764	color=b3b1b2
HistomissSECH81_3	2478168	2485613	HistocapCB192_3	2902538	2909983	color=b3b1b2
HistomissSECH81_3	1311267	1318689	HistocapCB192_3	1547123	1554545	color=b3b1b2
HistomissSECH81_3	831104	838441	HistocapCB192_3	884292	891629	color=b3b1b2
HistomissSECH81_3	531556	538856	HistocapCB192_3	550659	557959	color=b3b1b2
HistomissSECH81_3	984169	991455	HistocapCB192_3	1147866	1155153	color=b3b1b2
HistomissSECH81_3	538925	546205	HistocapCB192_3	558119	565401	color=b3b1b2
HistomissSECH81_3	2493038	2500304	HistocapCB192_3	2917900	2925100	color=b3b1b2
HistomissSECH81_3	1898399	1905657	HistocapCB192_3	2270532	2277790	color=b3b1b2
HistomissSECH81_3	1062925	1070161	HistocapCB192_3	1234640	1241876	color=b3b1b2
HistomissSECH81_3	1777482	1784692	HistocapCB192_3	2120270	2127480	color=b3b1b2
HistomissSECH81_3	3047685	3054807	HistocapCB192_3	3563648	3570770	color=b3b1b2
HistomissSECH81_3	2336665	2343757	HistocapCB192_3	2728562	2735654	color=b3b1b2
HistomissSECH81_3	2914354	2921415	HistocapCB192_3	3348860	3355921	color=b3b1b2
HistomissSECH81_3	3083969	3090976	HistocapCB192_3	3601077	3608084	color=b3b1b2
HistomissSECH81_3	481050	488023	HistocapCB192_3	502594	509567	color=b3b1b2
HistomissSECH81_3	235986	242935	HistocapCB192_3	252366	259315	color=b3b1b2
HistomissSECH81_3	2990926	2997811	HistocapCB192_3	3478187	3485073	color=b3b1b2
HistomissSECH81_3	1104992	1111797	HistocapCB192_3	1277485	1284294	color=b3b1b2
HistomissSECH81_3	2029437	2036195	HistocapCB192_3	2393991	2400749	color=b3b1b2
HistomissSECH81_3	2600512	2607264	HistocapCB192_3	3021865	3028617	color=b3b1b2
HistomissSECH81_3	40978	47669	HistocapCB192_3	50833	57524	color=b3b1b2
HistomissSECH81_3	177724	184355	HistocapCB192_3	193448	200079	color=b3b1b2
HistomissSECH81_3	2619281	2625903	HistocapCB192_3	3035291	3041913	color=b3b1b2
HistomissSECH81_3	1916990	1923565	HistocapCB192_3	2289745	2296320	color=b3b1b2
HistomissSECH81_3	1301189	1307746	HistocapCB192_3	1536625	1543182	color=b3b1b2
HistomissSECH81_3	1029052	1035607	HistocapCB192_3	1197507	1204062	color=b3b1b2
HistomissSECH81_3	1759440	1765971	HistocapCB192_3	2101783	2108314	color=b3b1b2
HistomissSECH81_3	617021	623552	HistocapCB192_3	3322325	3315794	color=b3b1b2
HistomissSECH81_3	2471588	2478072	HistocapCB192_3	2896113	2902597	color=b3b1b2
HistomissSECH81_3	5823	12302	HistocapCB192_3	10331	16810	color=b3b1b2
HistomissSECH81_3	2607138	2613610	HistocapCB192_3	3028718	3035190	color=b3b1b2
HistomissSECH81_3	977295	983752	HistocapCB192_3	1141067	1147507	color=b3b1b2
HistomissSECH81_3	1406873	1413315	HistocapCB192_3	1695899	1702341	color=b3b1b2
HistomissSECH81_3	524922	531359	HistocapCB192_3	541682	548119	color=b3b1b2
HistomissSECH81_3	918548	924959	HistocapCB192_3	1080818	1087229	color=b3b1b2
HistomissSECH81_3	266560	272920	HistocapCB192_3	278423	284783	color=b3b1b2
HistomissSECH81_3	2950754	2957081	HistocapCB192_3	3384886	3391213	color=b3b1b2
HistomissSECH81_3	1822795	1829073	HistocapCB192_3	2163342	2169620	color=b3b1b2
HistomissSECH81_3	1886482	1892646	HistocapCB192_3	2258479	2264629	color=b3b1b2
HistomissSECH81_3	2456459	2462607	HistocapCB192_3	2880851	2886999	color=b3b1b2
HistomissSECH81_3	1271136	1277188	HistocapCB192_3	1506021	1512075	color=b3b1b2
HistomissSECH81_3	281347	287366	HistocapCB192_3	293481	299500	color=b3b1b2
HistomissSECH81_3	3112407	3118426	HistocapCB192_3	3629194	3635213	color=b3b1b2
HistomissSECH81_3	1111850	1117853	HistocapCB192_3	1284489	1290492	color=b3b1b2
HistomissSECH81_3	1905756	1911609	HistocapCB192_3	2278033	2283886	color=b3b1b2
HistomissSECH81_3	2018487	2024286	HistocapCB192_3	2384670	2390469	color=b3b1b2
HistomissSECH81_3	1866920	1872703	HistocapCB192_3	2238262	2244045	color=b3b1b2
HistomissSECH81_3	1227317	1233034	HistocapCB192_3	1461784	1467501	color=b3b1b2
HistomissSECH81_3	1168073	1173773	HistocapCB192_3	1401671	1407371	color=b3b1b2
HistomissSECH81_3	1892670	1898356	HistocapCB192_3	2264745	2270431	color=b3b1b2
HistomissSECH81_3	2582642	2588319	HistocapCB192_3	3004312	3009989	color=b3b1b2
HistomissSECH81_3	970121	975795	HistocapCB192_3	1133335	1139009	color=b3b1b2
HistomissSECH81_3	653054	658700	HistocapCB192_3	571475	565829	color=b3b1b2
HistomissSECH81_3	2315965	2321610	HistocapCB192_3	2707959	2713604	color=b3b1b2
HistomissSECH81_3	2006838	2012470	HistocapCB192_3	2372932	2378564	color=b3b1b2
HistomissSECH81_3	2174890	2180515	HistocapCB192_3	2567510	2573135	color=b3b1b2
HistomissSECH81_3	313440	319039	HistocapCB192_3	327238	332837	color=b3b1b2
HistomissSECH81_3	294760	300357	HistocapCB192_3	308363	313960	color=b3b1b2
HistomissSECH81_3	3078310	3083868	HistocapCB192_3	3594112	3599670	color=b3b1b2
HistomissSECH81_3	839442	844991	HistocapCB192_3	892320	897869	color=b3b1b2
HistomissSECH81_3	682768	688283	HistocapCB192_3	742078	747593	color=b3b1b2
HistomissSECH81_3	1233060	1238563	HistocapCB192_3	1467602	1473105	color=b3b1b2
HistomissSECH81_3	69565	75039	HistocapCB192_3	80261	85711	color=b3b1b2
HistomissSECH81_3	1611232	1616692	HistocapCB192_3	1916590	1922050	color=b3b1b2
HistomissSECH81_3	1911569	1916943	HistocapCB192_3	2284273	2289644	color=b3b1b2
HistomissSECH81_3	1790461	1795823	HistocapCB192_3	2131317	2136679	color=b3b1b2
HistomissSECH81_3	2957114	2962447	HistocapCB192_3	3391430	3396763	color=b3b1b2
HistomissSECH81_3	696819	702146	HistocapCB192_3	752820	758147	color=b3b1b2
HistomissSECH81_3	631722	637037	HistocapCB192_3	668410	673725	color=b3b1b2
HistomissSECH81_3	755461	760754	HistocapCB192_3	814530	819823	color=b3b1b2
HistomissSECH81_3	2870320	2875580	HistocapCB192_3	3296740	3301997	color=b3b1b2
HistomissSECH81_3	2462809	2468067	HistocapCB192_3	2887434	2892692	color=b3b1b2
HistomissSECH81_3	2380176	2385430	HistocapCB192_3	2772575	2777829	color=b3b1b2
HistomissSECH81_3	2084786	2089923	HistocapCB192_3	2441914	2447051	color=b3b1b2
HistomissSECH81_3	3073116	3078244	HistocapCB192_3	3588865	3593993	color=b3b1b2
HistomissSECH81_3	1660139	1665217	HistocapCB192_3	1972464	1977542	color=b3b1b2
HistomissSECH81_3	1712989	1718053	HistocapCB192_3	2019016	2024080	color=b3b1b2
HistomissSECH81_3	272988	277994	HistocapCB192_3	284884	289890	color=b3b1b2
HistomissSECH81_3	2787938	2792943	HistocapCB192_3	3211378	3216383	color=b3b1b2
HistomissSECH81_3	331276	336164	HistocapCB192_3	351671	356559	color=b3b1b2
HistomissSECH81_3	1070261	1075146	HistocapCB192_3	1242229	1247114	color=b3b1b2
HistomissSECH81_3	2500465	2505313	HistocapCB192_3	2925208	2930056	color=b3b1b2
HistomissSECH81_3	308797	313566	HistocapCB192_3	322368	327137	color=b3b1b2
HistomissSECH81_3	729397	734127	HistocapCB192_3	788668	793398	color=b3b1b2
HistomissSECH81_3	1753493	1758208	HistocapCB192_3	2095579	2100294	color=b3b1b2
HistomissSECH81_3	1648014	1652719	HistocapCB192_3	1967588	1972293	color=b3b1b2
HistomissSECH81_3	2574582	2579272	HistocapCB192_3	2996287	3000977	color=b3b1b2
HistomissSECH81_3	2002045	2006687	HistocapCB192_3	2368091	2372733	color=b3b1b2
HistomissSECH81_3	2102021	2106661	HistocapCB192_3	2459748	2464388	color=b3b1b2
HistomissSECH81_3	2385728	2390359	HistocapCB192_3	2778101	2782733	color=b3b1b2
HistomissSECH81_3	1997432	2002031	HistocapCB192_3	2363391	2367990	color=b3b1b2
HistomissSECH81_3	243182	247760	HistocapCB192_3	259783	264362	color=b3b1b2
HistomissSECH81_3	93097	97673	HistocapCB192_3	105085	109661	color=b3b1b2
HistomissSECH81_3	947571	952133	HistocapCB192_3	1110406	1114971	color=b3b1b2
HistomissSECH81_3	2722924	2727467	HistocapCB192_3	3137331	3141874	color=b3b1b2
HistomissSECH81_3	943273	947813	HistocapCB192_3	1105723	1110265	color=b3b1b2
HistomissSECH81_3	1593397	1597913	HistocapCB192_3	1898995	1903512	color=b3b1b2
HistomissSECH81_3	2096638	2101144	HistocapCB192_3	2453267	2457775	color=b3b1b2
HistomissSECH81_3	674902	679407	HistocapCB192_3	733887	738392	color=b3b1b2
HistomissSECH81_3	627134	631596	HistocapCB192_3	663847	668309	color=b3b1b2
HistomissSECH81_3	1836574	1840986	HistocapCB192_3	2201855	2206267	color=b3b1b2
HistomissSECH81_3	2782117	2786529	HistocapCB192_3	3206369	3210781	color=b3b1b2
HistomissSECH81_3	290154	294553	HistocapCB192_3	303329	307727	color=b3b1b2
HistomissSECH81_3	2128531	2132928	HistocapCB192_3	2486859	2491256	color=b3b1b2
HistomissSECH81_3	2712269	2716642	HistocapCB192_3	3124796	3129169	color=b3b1b2
HistomissSECH81_3	2284180	2288545	HistocapCB192_3	2673301	2677666	color=b3b1b2
HistomissSECH81_3	508519	512854	HistocapCB192_3	534112	538447	color=b3b1b2
HistomissSECH81_3	1277061	1281383	HistocapCB192_3	1512501	1516825	color=b3b1b2
HistomissSECH81_3	2865843	2870155	HistocapCB192_3	3292324	3296636	color=b3b1b2
HistomissSECH81_3	2411580	2415891	HistocapCB192_3	2804180	2808491	color=b3b1b2
HistomissSECH81_3	2883803	2888113	HistocapCB192_3	3307667	3311977	color=b3b1b2
HistomissSECH81_3	1529850	1534136	HistocapCB192_3	1835985	1840271	color=b3b1b2
HistomissSECH81_3	1402707	1406992	HistocapCB192_3	1691513	1695798	color=b3b1b2
HistomissSECH81_3	2588420	2592678	HistocapCB192_3	3009935	3014193	color=b3b1b2
HistomissSECH81_3	2751355	2755579	HistocapCB192_3	3166037	3170261	color=b3b1b2
HistomissSECH81_3	648701	652923	HistocapCB192_3	689603	693825	color=b3b1b2
HistomissSECH81_3	1	4186	HistocapCB192_3	1049	5234	color=b3b1b2
HistomissSECH81_3	1131714	1135861	HistocapCB192_3	1328376	1332523	color=b3b1b2
HistomissSECH81_3	1923663	1927808	HistocapCB192_3	1411499	1407354	color=b3b1b2
HistomissSECH81_3	62812	66951	HistocapCB192_3	73057	77196	color=b3b1b2
HistomissSECH81_3	1943885	1947976	HistocapCB192_3	2309393	2313486	color=b3b1b2
HistomissSECH81_3	1882255	1886321	HistocapCB192_3	2254299	2258365	color=b3b1b2
HistomissSECH81_3	885092	889093	HistocapCB192_3	1046984	1050985	color=b3b1b2
HistomissSECH81_3	1434298	1438266	HistocapCB192_3	1722338	1726306	color=b3b1b2
HistomissSECH81_3	2241699	2245667	HistocapCB192_3	2631386	2635352	color=b3b1b2
HistomissSECH81_3	692838	696795	HistocapCB192_3	748762	752719	color=b3b1b2
HistomissSECH81_3	319242	323174	HistocapCB192_3	334379	338311	color=b3b1b2
HistomissSECH81_3	1383136	1387019	HistocapCB192_3	1672109	1675992	color=b3b1b2
HistomissSECH81_3	89209	93083	HistocapCB192_3	101110	104984	color=b3b1b2
HistomissSECH81_3	2728811	2732659	HistocapCB192_3	3142137	3145985	color=b3b1b2
HistomissSECH81_3	1679247	1683087	HistocapCB192_3	1984543	1988383	color=b3b1b2
HistomissSECH81_3	1990732	1994533	HistocapCB192_3	2356501	2360302	color=b3b1b2
HistomissSECH81_3	202863	206601	HistocapCB192_3	218678	222416	color=b3b1b2
HistomissSECH81_3	3058189	3061918	HistocapCB192_3	3576250	3579979	color=b3b1b2
HistomissSECH81_3	2671939	2675622	HistocapCB192_3	3084401	3088084	color=b3b1b2
HistomissSECH81_3	1139700	1143379	HistocapCB192_3	1344091	1347770	color=b3b1b2
HistomissSECH81_3	1355563	1359193	HistocapCB192_3	1644544	1648174	color=b3b1b2
HistomissSECH81_3	123135	126762	HistocapCB192_3	132924	136551	color=b3b1b2
HistomissSECH81_3	2486634	2490247	HistocapCB192_3	2910927	2914540	color=b3b1b2
HistomissSECH81_3	3013333	3016927	HistocapCB192_3	3488371	3491965	color=b3b1b2
HistomissSECH81_3	3054602	3058161	HistocapCB192_3	3572593	3576149	color=b3b1b2
HistomissSECH81_3	623581	627121	HistocapCB192_3	3315480	3311939	color=b3b1b2
HistomissSECH81_3	2045672	2049205	HistocapCB192_3	2410561	2414094	color=b3b1b2
HistomissSECH81_3	2012511	2016039	HistocapCB192_3	2378665	2382193	color=b3b1b2
HistomissSECH81_3	2747408	2750931	HistocapCB192_3	3157579	3161055	color=b3b1b2
HistomissSECH81_3	1387119	1390606	HistocapCB192_3	1675937	1679424	color=b3b1b2
HistomissSECH81_3	1621673	1625112	HistocapCB192_3	1926501	1929940	color=b3b1b2
HistomissSECH81_3	1687141	1690561	HistocapCB192_3	1993478	1996898	color=b3b1b2
HistomissSECH81_3	2134080	2137485	HistocapCB192_3	2517772	2521177	color=b3b1b2
HistomissSECH81_3	2468167	2471542	HistocapCB192_3	2892637	2896012	color=b3b1b2
HistomissSECH81_3	387271	390641	HistocapCB192_3	408631	411999	color=b3b1b2
HistomissSECH81_3	2716772	2720131	HistocapCB192_3	3130298	3133657	color=b3b1b2
HistomissSECH81_3	2203636	2206991	HistocapCB192_3	139962	143316	color=b3b1b2
HistomissSECH81_3	1307910	1311261	HistocapCB192_3	1543582	1546933	color=b3b1b2
HistomissSECH81_3	1872629	1875965	HistocapCB192_3	2244278	2247611	color=b3b1b2
HistomissSECH81_3	2579254	2582542	HistocapCB192_3	3001079	3004367	color=b3b1b2
HistomissSECH81_3	612051	615320	HistocapCB192_3	616185	619454	color=b3b1b2
HistomissSECH81_3	822235	825495	HistocapCB192_3	873108	876368	color=b3b1b2
HistomissSECH81_3	1683769	1687019	HistocapCB192_3	1989588	1992838	color=b3b1b2
HistomissSECH81_3	383912	387134	HistocapCB192_3	405308	408530	color=b3b1b2
HistomissSECH81_3	1852566	1855730	HistocapCB192_3	2218441	2221605	color=b3b1b2
HistomissSECH81_3	1414596	1417749	HistocapCB192_3	1704792	1707945	color=b3b1b2
HistomissSECH81_3	2985105	2988227	HistocapCB192_3	3426920	3430042	color=b3b1b2
HistomissSECH81_3	12401	15502	HistocapCB192_3	17055	20156	color=b3b1b2
HistomissSECH81_3	3069806	3072889	HistocapCB192_3	3585681	3588764	color=b3b1b2
HistomissSECH81_3	2880132	2883212	HistocapCB192_3	3304434	3307514	color=b3b1b2
HistomissSECH81_3	1461120	1464198	HistocapCB192_3	1753275	1756353	color=b3b1b2
HistomissSECH81_3	2302913	2305991	HistocapCB192_3	2692025	2695103	color=b3b1b2
HistomissSECH81_3	2921639	2924712	HistocapCB192_3	3356024	3359097	color=b3b1b2
HistomissSECH81_3	2093317	2096356	HistocapCB192_3	2449932	2452971	color=b3b1b2
HistomissSECH81_3	512982	516019	HistocapCB192_3	538548	541581	color=b3b1b2
HistomissSECH81_3	1673879	1676899	HistocapCB192_3	1978986	1982006	color=b3b1b2
HistomissSECH81_3	2778981	2781957	HistocapCB192_3	3203176	3206151	color=b3b1b2
HistomissSECH81_3	1470819	1473790	HistocapCB192_3	1786190	1789161	color=b3b1b2
HistomissSECH81_3	278048	280998	HistocapCB192_3	290273	293223	color=b3b1b2
HistomissSECH81_3	964204	967149	HistocapCB192_3	1127328	1130274	color=b3b1b2
HistomissSECH81_3	248465	251397	HistocapCB192_3	265490	268422	color=b3b1b2
HistomissSECH81_3	2125615	2128532	HistocapCB192_3	2483720	2486637	color=b3b1b2
HistomissSECH81_3	169821	172723	HistocapCB192_3	187224	190126	color=b3b1b2
HistomissSECH81_3	2963501	2966388	HistocapCB192_3	3398204	3401091	color=b3b1b2
HistomissSECH81_3	2732638	2735523	HistocapCB192_3	732130	729245	color=b3b1b2
HistomissSECH81_3	1464318	1467189	HistocapCB192_3	1756454	1759325	color=b3b1b2
HistomissSECH81_3	967298	970157	HistocapCB192_3	1130375	1133234	color=b3b1b2
HistomissSECH81_3	1831480	1834338	HistocapCB192_3	2173068	2175926	color=b3b1b2
HistomissSECH81_3	2390460	2393310	HistocapCB192_3	2783102	2785952	color=b3b1b2
HistomissSECH81_3	1625332	1628173	HistocapCB192_3	1930182	1933022	color=b3b1b2
HistomissSECH81_3	1449550	1452353	HistocapCB192_3	1742730	1745533	color=b3b1b2
HistomissSECH81_3	380963	383758	HistocapCB192_3	402239	405034	color=b3b1b2
HistomissSECH81_3	1458160	1460952	HistocapCB192_3	1750259	1753051	color=b3b1b2
HistomissSECH81_3	504396	507162	HistocapCB192_3	530316	533082	color=b3b1b2
HistomissSECH81_3	825650	828394	HistocapCB192_3	876374	879118	color=b3b1b2
HistomissSECH81_3	568565	571306	HistocapCB192_3	572611	575352	color=b3b1b2
HistomissSECH81_3	1476750	1479465	HistocapCB192_3	1794652	1797368	color=b3b1b2
HistomissSECH81_3	2333831	2336510	HistocapCB192_3	2725706	2728385	color=b3b1b2
HistomissSECH81_3	1877059	1879733	HistocapCB192_3	2248784	2251443	color=b3b1b2
HistomissSECH81_3	2490245	2492884	HistocapCB192_3	2914830	2917469	color=b3b1b2
HistomissSECH81_3	336320	338953	HistocapCB192_3	356737	359370	color=b3b1b2
HistomissSECH81_3	690217	692837	HistocapCB192_3	883779	881159	color=b3b1b2
HistomissSECH81_3	2090605	2093212	HistocapCB192_3	2447224	2449831	color=b3b1b2
HistomissSECH81_3	1618288	1620870	HistocapCB192_3	1923818	1926400	color=b3b1b2
HistomissSECH81_3	287516	290054	HistocapCB192_3	299495	302033	color=b3b1b2
HistomissSECH81_3	488179	490700	HistocapCB192_3	509561	512082	color=b3b1b2
HistomissSECH81_3	355571	358078	HistocapCB192_3	377221	379726	color=b3b1b2
HistomissSECH81_3	2839227	2841730	HistocapCB192_3	3260261	3262764	color=b3b1b2
HistomissSECH81_3	1191259	1193741	HistocapCB192_3	784418	786900	color=b3b1b2
HistomissSECH81_3	2825336	2827800	HistocapCB192_3	3246092	3248556	color=b3b1b2
HistomissSECH81_3	2415994	2418443	HistocapCB192_3	2808592	2811041	color=b3b1b2
HistomissSECH81_3	66964	69409	HistocapCB192_3	77750	80195	color=b3b1b2
HistomissSECH81_3	1334954	1337387	HistocapCB192_3	1570824	1573257	color=b3b1b2
HistomissSECH81_3	2675741	2678138	HistocapCB192_3	3088297	3090694	color=b3b1b2
HistomissSECH81_3	1163380	1165764	HistocapCB192_3	1396813	1399198	color=b3b1b2
HistomissSECH81_3	1979620	1981991	HistocapCB192_3	2344996	2347367	color=b3b1b2
HistomissSECH81_3	1864631	1866985	HistocapCB192_3	2235807	2238161	color=b3b1b2
HistomissSECH81_3	1850167	1852465	HistocapCB192_3	2215276	2217574	color=b3b1b2
HistomissSECH81_3	464807	467097	HistocapCB192_3	486126	488416	color=b3b1b2
HistomissSECH81_3	2988438	2990716	HistocapCB192_3	3475520	3477798	color=b3b1b2
HistomissSECH81_3	2016082	2018347	HistocapCB192_3	2382294	2384559	color=b3b1b2
HistomissSECH81_3	3062638	3064890	HistocapCB192_3	3580202	3582454	color=b3b1b2
HistomissSECH81_3	1429482	1431729	HistocapCB192_3	1719918	1722165	color=b3b1b2
HistomissSECH81_3	1468128	1470353	HistocapCB192_3	1760469	1762694	color=b3b1b2
HistomissSECH81_3	2875736	2877945	HistocapCB192_3	3302109	3304317	color=b3b1b2
HistomissSECH81_3	324318	326499	HistocapCB192_3	343412	345593	color=b3b1b2
HistomissSECH81_3	1156924	1159072	HistocapCB192_3	1390096	1392244	color=b3b1b2
HistomissSECH81_3	2561638	2563785	HistocapCB192_3	2982933	2985080	color=b3b1b2
HistomissSECH81_3	2803380	2805515	HistocapCB192_3	3226539	3228674	color=b3b1b2
HistomissSECH81_3	679802	681936	HistocapCB192_3	738604	740738	color=b3b1b2
HistomissSECH81_3	702206	704262	HistocapCB192_3	758373	760428	color=b3b1b2
HistomissSECH81_3	478869	480894	HistocapCB192_3	500551	502576	color=b3b1b2
HistomissSECH81_3	1159751	1161764	HistocapCB192_3	1393160	1395173	color=b3b1b2
HistomissSECH81_3	175600	177572	HistocapCB192_3	191457	193430	color=b3b1b2
HistomissSECH81_3	2321814	2323755	HistocapCB192_3	2713722	2715663	color=b3b1b2
HistomissSECH81_3	734144	736062	HistocapCB192_3	793499	795417	color=b3b1b2
HistomissSECH81_3	1144493	1146374	HistocapCB192_3	1378034	1379915	color=b3b1b2
HistomissSECH81_3	671305	673176	HistocapCB192_3	727259	729130	color=b3b1b2
HistomissSECH81_3	1879772	1881641	HistocapCB192_3	2251583	2253452	color=b3b1b2
HistomissSECH81_3	167904	169720	HistocapCB192_3	184473	186289	color=b3b1b2
HistomissSECH81_3	2260903	2262714	HistocapCB192_3	2650242	2652053	color=b3b1b2
HistomissSECH81_3	2024368	2026173	HistocapCB192_3	2390570	2392375	color=b3b1b2
HistomissSECH81_3	1534321	1536123	HistocapCB192_3	1845119	1846921	color=b3b1b2
HistomissSECH81_3	1473997	1475789	HistocapCB192_3	1789447	1791239	color=b3b1b2
HistomissSECH81_3	24816	26517	HistocapCB192_3	30699	32400	color=b3b1b2
HistomissSECH81_3	2966410	2968109	HistocapCB192_3	3401192	3402892	color=b3b1b2
HistomissSECH81_3	1136020	1137681	HistocapCB192_3	1340938	1342599	color=b3b1b2
HistomissSECH81_3	829263	830900	HistocapCB192_3	879342	880980	color=b3b1b2
HistomissSECH81_3	1216245	1217860	HistocapCB192_3	1450502	1452117	color=b3b1b2
HistomissSECH81_3	2233555	2235164	HistocapCB192_3	2623395	2625004	color=b3b1b2
HistomissSECH81_3	2755770	2757375	HistocapCB192_3	3170431	3172035	color=b3b1b2
HistomissSECH81_3	1719091	1720681	HistocapCB192_3	2024181	2025771	color=b3b1b2
HistomissSECH81_3	1075206	1076767	HistocapCB192_3	1247216	1248777	color=b3b1b2
HistomissSECH81_3	2123877	2125398	HistocapCB192_3	2482022	2483543	color=b3b1b2
HistomissSECH81_3	673284	674801	HistocapCB192_3	732124	733641	color=b3b1b2
HistomissSECH81_3	1720888	1722396	HistocapCB192_3	2025880	2027388	color=b3b1b2
HistomissSECH81_3	952954	954461	HistocapCB192_3	1115905	1117412	color=b3b1b2
HistomissSECH81_3	1994854	1996357	HistocapCB192_3	2360645	2362148	color=b3b1b2
HistomissSECH81_3	2257980	2259466	HistocapCB192_3	2647024	2648510	color=b3b1b2
HistomissSECH81_3	1456565	1458042	HistocapCB192_3	1748646	1750123	color=b3b1b2
HistomissSECH81_3	615421	616895	HistocapCB192_3	662271	663746	color=b3b1b2
HistomissSECH81_3	3091076	3092530	HistocapCB192_3	3608029	3609483	color=b3b1b2
HistomissSECH81_3	727829	729281	HistocapCB192_3	787115	788567	color=b3b1b2
HistomissSECH81_3	234065	235508	HistocapCB192_3	249990	251433	color=b3b1b2
HistomissSECH81_3	4286	5722	HistocapCB192_3	7585	9021	color=b3b1b2
HistomissSECH81_3	1161780	1163215	HistocapCB192_3	1395274	1396709	color=b3b1b2
HistomissSECH81_3	1166273	1167703	HistocapCB192_3	1399367	1400797	color=b3b1b2
HistomissSECH81_3	1829983	1831386	HistocapCB192_3	2171717	2173117	color=b3b1b2
HistomissSECH81_3	975798	977194	HistocapCB192_3	1139175	1140571	color=b3b1b2
HistomissSECH81_3	788036	789420	HistocapCB192_3	843199	844583	color=b3b1b2
HistomissSECH81_3	856739	858098	HistocapCB192_3	934943	936302	color=b3b1b2
HistomissSECH81_3	2240204	2241553	HistocapCB192_3	2630039	2631388	color=b3b1b2
HistomissSECH81_3	3017028	3018370	HistocapCB192_3	3492959	3494302	color=b3b1b2
HistomissSECH81_3	890090	891408	HistocapCB192_3	1051976	1053294	color=b3b1b2
HistomissSECH81_3	891534	892850	HistocapCB192_3	1053541	1054857	color=b3b1b2
HistomissSECH81_3	2818973	2820281	HistocapCB192_3	3242199	3243507	color=b3b1b2
HistomissSECH81_3	1137820	1139110	HistocapCB192_3	1342700	1343990	color=b3b1b2
HistomissSECH81_3	2259578	2260831	HistocapCB192_3	2648742	2649997	color=b3b1b2
HistomissSECH81_3	892857	894100	HistocapCB192_3	1054958	1056201	color=b3b1b2
HistomissSECH81_3	2720324	2721548	HistocapCB192_3	3133690	3134914	color=b3b1b2
HistomissSECH81_3	1676929	1678145	HistocapCB192_3	1982107	1983323	color=b3b1b2
HistomissSECH81_3	1616881	1618078	HistocapCB192_3	1922222	1923419	color=b3b1b2
HistomissSECH81_3	1723151	1724340	HistocapCB192_3	2028667	2029856	color=b3b1b2
HistomissSECH81_3	2237198	2238351	HistocapCB192_3	2627493	2628646	color=b3b1b2
HistomissSECH81_3	1479535	1480684	HistocapCB192_3	1797469	1798618	color=b3b1b2
HistomissSECH81_3	3065044	3066188	HistocapCB192_3	3583018	3584162	color=b3b1b2
HistomissSECH81_3	253064	254204	HistocapCB192_3	269284	270424	color=b3b1b2
HistomissSECH81_3	2236108	2237201	HistocapCB192_3	2626299	2627392	color=b3b1b2
HistomissSECH81_3	2100939	2102021	HistocapCB192_3	2458149	2459231	color=b3b1b2
HistomissSECH81_3	2324448	2325515	HistocapCB192_3	2715978	2717045	color=b3b1b2
HistomissSECH81_3	2137554	2138611	HistocapCB192_3	2521398	2522455	color=b3b1b2
HistomissSECH81_3	1996388	1997430	HistocapCB192_3	2362249	2363290	color=b3b1b2
HistomissSECH81_3	2737350	2738382	HistocapCB192_3	3147515	3148547	color=b3b1b2
HistomissSECH81_3	1758248	1759259	HistocapCB192_3	2100578	2101589	color=b3b1b2
HistomissSECH81_3	1143483	1144489	HistocapCB192_3	1376927	1377933	color=b3b1b2
HistomissSECH81_3	1413492	1414496	HistocapCB192_3	1702480	1703484	color=b3b1b2
