HistocapCB064_1	1837099	1859019	HistocapES283Z_1	2061751	2083662	color=b3b1b2
HistocapCB064_1	4154239	4173360	HistocapES283Z_1	4142184	4161372	color=b3b1b2
HistocapCB064_1	758331	776843	HistocapES283Z_1	804845	823376	color=b3b1b2
HistocapCB064_1	2001483	2019161	HistocapES283Z_1	2202328	2220013	color=b3b1b2
HistocapCB064_1	2996226	3012107	HistocapES283Z_1	3129946	3145563	color=b3b1b2
HistocapCB064_1	1882391	1898246	HistocapES283Z_1	2104808	2120624	color=b3b1b2
HistocapCB064_1	241137	256816	HistocapES283Z_1	383552	399220	color=b3b1b2
HistocapCB064_1	455334	469895	HistocapES283Z_1	537304	551962	color=b3b1b2
HistocapCB064_1	941828	956260	HistocapES283Z_1	1041214	1055728	color=b3b1b2
HistocapCB064_1	2873153	2886965	HistocapES283Z_1	3012004	3025769	color=b3b1b2
HistocapCB064_1	401998	415770	HistocapES283Z_1	487314	501159	color=b3b1b2
HistocapCB064_1	2908629	2922051	HistocapES283Z_1	3041752	3055218	color=b3b1b2
HistocapCB064_1	1042011	1055236	HistocapES283Z_1	1113693	1127019	color=b3b1b2
HistocapCB064_1	1541666	1554768	HistocapES283Z_1	1738870	1751977	color=b3b1b2
HistocapCB064_1	135232	148262	HistocapES283Z_1	284417	297551	color=b3b1b2
HistocapCB064_1	1820184	1833207	HistocapES283Z_1	2042836	2055850	color=b3b1b2
HistocapCB064_1	3913626	3926315	HistocapES283Z_1	3913680	3926439	color=b3b1b2
HistocapCB064_1	2564770	2577230	HistocapES283Z_1	2722631	2735202	color=b3b1b2
HistocapCB064_1	3470801	3483247	HistocapES283Z_1	3526870	3539157	color=b3b1b2
HistocapCB064_1	2577452	2589875	HistocapES283Z_1	2736031	2748428	color=b3b1b2
HistocapCB064_1	3274074	3286296	HistocapES283Z_1	3331195	3343394	color=b3b1b2
HistocapCB064_1	3901222	3913295	HistocapES283Z_1	3901274	3913397	color=b3b1b2
HistocapCB064_1	560507	572544	HistocapES283Z_1	640594	652523	color=b3b1b2
HistocapCB064_1	430817	442754	HistocapES283Z_1	515920	527844	color=b3b1b2
HistocapCB064_1	2055022	2066676	HistocapES283Z_1	2255100	2266773	color=b3b1b2
HistocapCB064_1	2152466	2164090	HistocapES283Z_1	2406979	2418557	color=b3b1b2
HistocapCB064_1	3012105	3023584	HistocapES283Z_1	3145732	3157240	color=b3b1b2
HistocapCB064_1	520735	532186	HistocapES283Z_1	600916	612495	color=b3b1b2
HistocapCB064_1	3532707	3544077	HistocapES283Z_1	3592329	3603779	color=b3b1b2
HistocapCB064_1	229272	240544	HistocapES283Z_1	371164	382512	color=b3b1b2
HistocapCB064_1	2730453	2741605	HistocapES283Z_1	2867094	2878203	color=b3b1b2
HistocapCB064_1	3928212	3939279	HistocapES283Z_1	3930831	3941899	color=b3b1b2
HistocapCB064_1	3587831	3598598	HistocapES283Z_1	3644646	3655389	color=b3b1b2
HistocapCB064_1	4173483	4184158	HistocapES283Z_1	4161372	4172111	color=b3b1b2
HistocapCB064_1	3087695	3098202	HistocapES283Z_1	3221410	3231849	color=b3b1b2
HistocapCB064_1	2275274	2285671	HistocapES283Z_1	2534064	2544443	color=b3b1b2
HistocapCB064_1	4230549	4240799	HistocapES283Z_1	4215489	4225729	color=b3b1b2
HistocapCB064_1	3458646	3468705	HistocapES283Z_1	3514881	3524760	color=b3b1b2
HistocapCB064_1	1985318	1995349	HistocapES283Z_1	2188444	2198566	color=b3b1b2
HistocapCB064_1	3733252	3743233	HistocapES283Z_1	3786145	3796139	color=b3b1b2
HistocapCB064_1	896540	906447	HistocapES283Z_1	994294	1004172	color=b3b1b2
HistocapCB064_1	2617348	2627234	HistocapES283Z_1	2783243	2793131	color=b3b1b2
HistocapCB064_1	3334083	3343916	HistocapES283Z_1	3386491	3396339	color=b3b1b2
HistocapCB064_1	1956644	1966405	HistocapES283Z_1	2159240	2168981	color=b3b1b2
HistocapCB064_1	3323623	3333343	HistocapES283Z_1	3376470	3386033	color=b3b1b2
HistocapCB064_1	985984	995400	HistocapES283Z_1	1079133	1088521	color=b3b1b2
HistocapCB064_1	1338153	1347538	HistocapES283Z_1	1473004	1482403	color=b3b1b2
HistocapCB064_1	2949310	2958693	HistocapES283Z_1	3083222	3092623	color=b3b1b2
HistocapCB064_1	2021199	2030564	HistocapES283Z_1	2221964	2231287	color=b3b1b2
HistocapCB064_1	2389664	2399001	HistocapES283Z_1	2631957	2641275	color=b3b1b2
HistocapCB064_1	2215907	2225158	HistocapES283Z_1	2468747	2478086	color=b3b1b2
HistocapCB064_1	3750204	3759433	HistocapES283Z_1	3802927	3812153	color=b3b1b2
HistocapCB064_1	1902825	1911942	HistocapES283Z_1	2124933	2134039	color=b3b1b2
HistocapCB064_1	1664473	1673456	HistocapES283Z_1	1847307	1856302	color=b3b1b2
HistocapCB064_1	788678	797596	HistocapES283Z_1	846651	855554	color=b3b1b2
HistocapCB064_1	3249964	3258856	HistocapES283Z_1	3306473	3315350	color=b3b1b2
HistocapCB064_1	2961673	2970466	HistocapES283Z_1	3095079	3103865	color=b3b1b2
HistocapCB064_1	2116312	2125097	HistocapES283Z_1	2328474	2337231	color=b3b1b2
HistocapCB064_1	1775744	1784498	HistocapES283Z_1	2000876	2009626	color=b3b1b2
HistocapCB064_1	533196	541875	HistocapES283Z_1	612596	621262	color=b3b1b2
HistocapCB064_1	964074	972752	HistocapES283Z_1	1061450	1070131	color=b3b1b2
HistocapCB064_1	1199432	1208085	HistocapES283Z_1	1255113	1263860	color=b3b1b2
HistocapCB064_1	1452735	1461270	HistocapES283Z_1	1700501	1708991	color=b3b1b2
HistocapCB064_1	3999569	4008098	HistocapES283Z_1	3999366	4007826	color=b3b1b2
HistocapCB064_1	2034646	2043159	HistocapES283Z_1	2235435	2243886	color=b3b1b2
HistocapCB064_1	3871924	3880401	HistocapES283Z_1	3871988	3880512	color=b3b1b2
HistocapCB064_1	304128	312590	HistocapES283Z_1	435022	443492	color=b3b1b2
HistocapCB064_1	44400	52753	HistocapES283Z_1	165280	173663	color=b3b1b2
HistocapCB064_1	1422545	1430847	HistocapES283Z_1	1664040	1672305	color=b3b1b2
HistocapCB064_1	473081	481046	HistocapES283Z_1	552801	560705	color=b3b1b2
HistocapCB064_1	1690661	1698583	HistocapES283Z_1	1872769	1880608	color=b3b1b2
HistocapCB064_1	2932316	2940236	HistocapES283Z_1	3065886	3073828	color=b3b1b2
HistocapCB064_1	675353	683241	HistocapES283Z_1	728702	736723	color=b3b1b2
HistocapCB064_1	3439934	3447802	HistocapES283Z_1	3503353	3511240	color=b3b1b2
HistocapCB064_1	2745280	2753119	HistocapES283Z_1	2881843	2889672	color=b3b1b2
HistocapCB064_1	3048634	3056456	HistocapES283Z_1	3179901	3187745	color=b3b1b2
HistocapCB064_1	1701680	1709454	HistocapES283Z_1	1882931	1890658	color=b3b1b2
HistocapCB064_1	2078517	2086262	HistocapES283Z_1	2279601	2287328	color=b3b1b2
HistocapCB064_1	169649	177372	HistocapES283Z_1	306076	313824	color=b3b1b2
HistocapCB064_1	1089252	1096942	HistocapES283Z_1	1147281	1154974	color=b3b1b2
HistocapCB064_1	3831581	3839257	HistocapES283Z_1	3833247	3840907	color=b3b1b2
HistocapCB064_1	1949049	1956642	HistocapES283Z_1	2151552	2159061	color=b3b1b2
HistocapCB064_1	1310115	1317640	HistocapES283Z_1	1446401	1453948	color=b3b1b2
HistocapCB064_1	747276	754784	HistocapES283Z_1	796517	804036	color=b3b1b2
HistocapCB064_1	3842482	3849969	HistocapES283Z_1	3844018	3851529	color=b3b1b2
HistocapCB064_1	1183315	1190776	HistocapES283Z_1	1238984	1246422	color=b3b1b2
HistocapCB064_1	3299993	3307440	HistocapES283Z_1	1890988	1898432	color=b3b1b2
HistocapCB064_1	127493	134937	HistocapES283Z_1	276739	284120	color=b3b1b2
HistocapCB064_1	190051	197459	HistocapES283Z_1	335741	343104	color=b3b1b2
HistocapCB064_1	3376166	3383461	HistocapES283Z_1	3424907	3432198	color=b3b1b2
HistocapCB064_1	3234144	3241419	HistocapES283Z_1	3291981	3299249	color=b3b1b2
HistocapCB064_1	326992	334241	HistocapES283Z_1	457435	464670	color=b3b1b2
HistocapCB064_1	2354327	2361557	HistocapES283Z_1	2601045	2608254	color=b3b1b2
HistocapCB064_1	1859916	1867128	HistocapES283Z_1	2083847	2091072	color=b3b1b2
HistocapCB064_1	316731	323833	HistocapES283Z_1	447563	454617	color=b3b1b2
HistocapCB064_1	4111577	4118675	HistocapES283Z_1	4094628	4101691	color=b3b1b2
HistocapCB064_1	2925307	2932390	HistocapES283Z_1	3058671	3065783	color=b3b1b2
HistocapCB064_1	1795614	1802662	HistocapES283Z_1	2019540	2026597	color=b3b1b2
HistocapCB064_1	841001	848048	HistocapES283Z_1	936574	943552	color=b3b1b2
HistocapCB064_1	3544383	3551392	HistocapES283Z_1	3604133	3611162	color=b3b1b2
HistocapCB064_1	1812537	1819492	HistocapES283Z_1	2035877	2042838	color=b3b1b2
HistocapCB064_1	4083113	4090062	HistocapES283Z_1	4066549	4073434	color=b3b1b2
HistocapCB064_1	1347540	1354459	HistocapES283Z_1	1482582	1489538	color=b3b1b2
HistocapCB064_1	3629891	3636757	HistocapES283Z_1	3690883	3697764	color=b3b1b2
HistocapCB064_1	4223367	4230233	HistocapES283Z_1	4208375	4215369	color=b3b1b2
HistocapCB064_1	3602863	3609718	HistocapES283Z_1	3659222	3666175	color=b3b1b2
HistocapCB064_1	3940914	3947740	HistocapES283Z_1	3942627	3949428	color=b3b1b2
HistocapCB064_1	1394880	1401692	HistocapES283Z_1	1634506	1641286	color=b3b1b2
HistocapCB064_1	2240616	2247425	HistocapES283Z_1	2482921	2489839	color=b3b1b2
HistocapCB064_1	4201392	4208127	HistocapES283Z_1	4189878	4196595	color=b3b1b2
HistocapCB064_1	3743383	3750101	HistocapES283Z_1	3796312	3803051	color=b3b1b2
HistocapCB064_1	3620487	3627192	HistocapES283Z_1	3680225	3686925	color=b3b1b2
HistocapCB064_1	1386946	1393643	HistocapES283Z_1	1626048	1632707	color=b3b1b2
HistocapCB064_1	1802965	1809559	HistocapES283Z_1	2027324	2033838	color=b3b1b2
HistocapCB064_1	1873796	1880380	HistocapES283Z_1	2096548	2103117	color=b3b1b2
HistocapCB064_1	2817098	2823668	HistocapES283Z_1	2956393	2962930	color=b3b1b2
HistocapCB064_1	4064321	4070876	HistocapES283Z_1	4055471	4061910	color=b3b1b2
HistocapCB064_1	1076624	1083114	HistocapES283Z_1	1136240	1142728	color=b3b1b2
HistocapCB064_1	1371269	1377710	HistocapES283Z_1	1514332	1520758	color=b3b1b2
HistocapCB064_1	2130549	2136978	HistocapES283Z_1	2342021	2348413	color=b3b1b2
HistocapCB064_1	1377710	1384132	HistocapES283Z_1	1520865	1527267	color=b3b1b2
HistocapCB064_1	584142	590549	HistocapES283Z_1	664348	670687	color=b3b1b2
HistocapCB064_1	803710	810115	HistocapES283Z_1	860553	866991	color=b3b1b2
HistocapCB064_1	1143227	1149473	HistocapES283Z_1	1199286	1205551	color=b3b1b2
HistocapCB064_1	3889941	3896172	HistocapES283Z_1	3889634	3895892	color=b3b1b2
HistocapCB064_1	544533	550749	HistocapES283Z_1	623807	629951	color=b3b1b2
HistocapCB064_1	1319931	1326107	HistocapES283Z_1	1455693	1461939	color=b3b1b2
HistocapCB064_1	2642103	2648278	HistocapES283Z_1	2802658	2808856	color=b3b1b2
HistocapCB064_1	3809444	3815617	HistocapES283Z_1	3819431	3825577	color=b3b1b2
HistocapCB064_1	4046281	4052446	HistocapES283Z_1	4039121	4045312	color=b3b1b2
HistocapCB064_1	501381	507545	HistocapES283Z_1	581388	587529	color=b3b1b2
HistocapCB064_1	3133629	3139757	HistocapES283Z_1	3251543	3257450	color=b3b1b2
HistocapCB064_1	3676459	3682584	HistocapES283Z_1	3740959	3746983	color=b3b1b2
HistocapCB064_1	3484758	3490852	HistocapES283Z_1	3540080	3546166	color=b3b1b2
HistocapCB064_1	29656	35746	HistocapES283Z_1	150477	156537	color=b3b1b2
HistocapCB064_1	4189505	4195566	HistocapES283Z_1	4178421	4184466	color=b3b1b2
HistocapCB064_1	2724293	2730351	HistocapES283Z_1	2861161	2867215	color=b3b1b2
HistocapCB064_1	2269000	2275053	HistocapES283Z_1	2525336	2531326	color=b3b1b2
HistocapCB064_1	1033786	1039819	HistocapES283Z_1	1105939	1111954	color=b3b1b2
HistocapCB064_1	507541	513561	HistocapES283Z_1	588313	594325	color=b3b1b2
HistocapCB064_1	819781	825763	HistocapES283Z_1	922415	928363	color=b3b1b2
HistocapCB064_1	722003	727977	HistocapES283Z_1	771616	777663	color=b3b1b2
HistocapCB064_1	3313709	3319676	HistocapES283Z_1	3370249	3376220	color=b3b1b2
HistocapCB064_1	2801459	2807409	HistocapES283Z_1	2940174	2946128	color=b3b1b2
HistocapCB064_1	1712910	1718850	HistocapES283Z_1	1904173	1910139	color=b3b1b2
HistocapCB064_1	4022703	4028625	HistocapES283Z_1	4020848	4026746	color=b3b1b2
HistocapCB064_1	1941084	1946994	HistocapES283Z_1	2143312	2149247	color=b3b1b2
HistocapCB064_1	4242682	4248577	HistocapES283Z_1	4228113	4234046	color=b3b1b2
HistocapCB064_1	3390702	3396592	HistocapES283Z_1	3438487	3444433	color=b3b1b2
HistocapCB064_1	1408025	1413905	HistocapES283Z_1	1649050	1654908	color=b3b1b2
HistocapCB064_1	3064001	3069860	HistocapES283Z_1	3195120	3200838	color=b3b1b2
HistocapCB064_1	3408810	3414666	HistocapES283Z_1	3460040	3465932	color=b3b1b2
HistocapCB064_1	264155	269987	HistocapES283Z_1	404671	410335	color=b3b1b2
HistocapCB064_1	1568883	1574696	HistocapES283Z_1	1751970	1757781	color=b3b1b2
HistocapCB064_1	919332	925127	HistocapES283Z_1	1018874	1024653	color=b3b1b2
HistocapCB064_1	3609718	3615498	HistocapES283Z_1	3666352	3672141	color=b3b1b2
HistocapCB064_1	3724403	3730160	HistocapES283Z_1	3780014	3785801	color=b3b1b2
HistocapCB064_1	3703169	3708915	HistocapES283Z_1	3763221	3768987	color=b3b1b2
HistocapCB064_1	3803498	3809228	HistocapES283Z_1	3813562	3819275	color=b3b1b2
HistocapCB064_1	2435683	2441383	HistocapES283Z_1	2649587	2655269	color=b3b1b2
HistocapCB064_1	2627474	2633165	HistocapES283Z_1	2793178	2798860	color=b3b1b2
HistocapCB064_1	1303553	1309219	HistocapES283Z_1	1439821	1445541	color=b3b1b2
HistocapCB064_1	736396	742059	HistocapES283Z_1	786128	791677	color=b3b1b2
HistocapCB064_1	4055707	4061349	HistocapES283Z_1	4046351	4051890	color=b3b1b2
HistocapCB064_1	180181	185809	HistocapES283Z_1	316976	322603	color=b3b1b2
HistocapCB064_1	1279953	1285564	HistocapES283Z_1	1417159	1422807	color=b3b1b2
HistocapCB064_1	4101862	4107462	HistocapES283Z_1	4084438	4089997	color=b3b1b2
HistocapCB064_1	715431	721022	HistocapES283Z_1	763582	769172	color=b3b1b2
HistocapCB064_1	1208070	1213654	HistocapES283Z_1	1263961	1269535	color=b3b1b2
HistocapCB064_1	38849	44399	HistocapES283Z_1	159524	165082	color=b3b1b2
HistocapCB064_1	495636	501158	HistocapES283Z_1	575494	581008	color=b3b1b2
HistocapCB064_1	2550273	2555763	HistocapES283Z_1	2706514	2712055	color=b3b1b2
HistocapCB064_1	3228590	3234043	HistocapES283Z_1	3280303	3285755	color=b3b1b2
HistocapCB064_1	3653367	3658773	HistocapES283Z_1	3711629	3717064	color=b3b1b2
HistocapCB064_1	3268494	3273898	HistocapES283Z_1	3325550	3330998	color=b3b1b2
HistocapCB064_1	2789471	2794871	HistocapES283Z_1	2927678	2933085	color=b3b1b2
HistocapCB064_1	2783298	2788688	HistocapES283Z_1	2921173	2926577	color=b3b1b2
HistocapCB064_1	2511724	2517113	HistocapES283Z_1	2670408	2675860	color=b3b1b2
HistocapCB064_1	1012262	1017634	HistocapES283Z_1	1095989	1101340	color=b3b1b2
HistocapCB064_1	1005150	1010486	HistocapES283Z_1	1088517	1093891	color=b3b1b2
HistocapCB064_1	1115608	1120941	HistocapES283Z_1	1170464	1175788	color=b3b1b2
HistocapCB064_1	3661324	3666657	HistocapES283Z_1	3726074	3731346	color=b3b1b2
HistocapCB064_1	573194	578515	HistocapES283Z_1	652694	658071	color=b3b1b2
HistocapCB064_1	2980597	2985879	HistocapES283Z_1	3113114	3118372	color=b3b1b2
HistocapCB064_1	2695326	2700585	HistocapES283Z_1	2837479	2842748	color=b3b1b2
HistocapCB064_1	1867130	1872382	HistocapES283Z_1	2091251	2096548	color=b3b1b2
HistocapCB064_1	1967049	1972296	HistocapES283Z_1	2169485	2174704	color=b3b1b2
HistocapCB064_1	3858703	3863949	HistocapES283Z_1	3860052	3865273	color=b3b1b2
HistocapCB064_1	1972739	1977984	HistocapES283Z_1	2175489	2180719	color=b3b1b2
HistocapCB064_1	2611954	2617182	HistocapES283Z_1	2777841	2783056	color=b3b1b2
HistocapCB064_1	3043201	3048411	HistocapES283Z_1	3171238	3176443	color=b3b1b2
HistocapCB064_1	2094015	2099184	HistocapES283Z_1	2295147	2300340	color=b3b1b2
HistocapCB064_1	2903243	2908407	HistocapES283Z_1	3036411	3041578	color=b3b1b2
HistocapCB064_1	3853534	3858698	HistocapES283Z_1	3854712	3859855	color=b3b1b2
HistocapCB064_1	2189475	2194635	HistocapES283Z_1	2442248	2447386	color=b3b1b2
HistocapCB064_1	4257478	4262611	HistocapES283Z_1	4240877	4246014	color=b3b1b2
HistocapCB064_1	958330	963452	HistocapES283Z_1	1056095	1061181	color=b3b1b2
HistocapCB064_1	4141889	4146992	HistocapES283Z_1	4129355	4134356	color=b3b1b2
HistocapCB064_1	1766552	1771649	HistocapES283Z_1	1991388	1996454	color=b3b1b2
HistocapCB064_1	2974980	2980075	HistocapES283Z_1	3107958	3113022	color=b3b1b2
HistocapCB064_1	972754	977811	HistocapES283Z_1	1070310	1075373	color=b3b1b2
HistocapCB064_1	2754574	2759585	HistocapES283Z_1	2890970	2895964	color=b3b1b2
HistocapCB064_1	2070817	2075824	HistocapES283Z_1	2271743	2276792	color=b3b1b2
HistocapCB064_1	3026354	3031358	HistocapES283Z_1	3157430	3162377	color=b3b1b2
HistocapCB064_1	1363316	1368294	HistocapES283Z_1	1505231	1510107	color=b3b1b2
HistocapCB064_1	685888	690836	HistocapES283Z_1	739723	744709	color=b3b1b2
HistocapCB064_1	1737552	1742491	HistocapES283Z_1	1937689	1942604	color=b3b1b2
HistocapCB064_1	1194269	1199193	HistocapES283Z_1	1250186	1255109	color=b3b1b2
HistocapCB064_1	884443	889352	HistocapES283Z_1	982489	987496	color=b3b1b2
HistocapCB064_1	1729819	1734711	HistocapES283Z_1	1929585	1934471	color=b3b1b2
HistocapCB064_1	2864466	2869356	HistocapES283Z_1	3002626	3007522	color=b3b1b2
HistocapCB064_1	1131287	1136176	HistocapES283Z_1	1189709	1194676	color=b3b1b2
HistocapCB064_1	1161522	1166410	HistocapES283Z_1	1217360	1222230	color=b3b1b2
HistocapCB064_1	2661730	2666618	HistocapES283Z_1	2812094	2817021	color=b3b1b2
HistocapCB064_1	3963417	3968300	HistocapES283Z_1	3968780	3973615	color=b3b1b2
HistocapCB064_1	21358	26234	HistocapES283Z_1	143196	148069	color=b3b1b2
HistocapCB064_1	421168	426043	HistocapES283Z_1	506681	511545	color=b3b1b2
HistocapCB064_1	4127557	4132430	HistocapES283Z_1	4113729	4118573	color=b3b1b2
HistocapCB064_1	1431393	1436262	HistocapES283Z_1	1673147	1677984	color=b3b1b2
HistocapCB064_1	2100665	2105495	HistocapES283Z_1	2301578	2306456	color=b3b1b2
HistocapCB064_1	656653	661422	HistocapES283Z_1	703634	708391	color=b3b1b2
HistocapCB064_1	3128460	3133151	HistocapES283Z_1	3246408	3251101	color=b3b1b2
HistocapCB064_1	3073538	3078228	HistocapES283Z_1	3204120	3208776	color=b3b1b2
HistocapCB064_1	1657187	1661873	HistocapES283Z_1	1839154	1843831	color=b3b1b2
HistocapCB064_1	1913224	1917846	HistocapES283Z_1	2138329	2142823	color=b3b1b2
HistocapCB064_1	3867217	3871819	HistocapES283Z_1	3867377	3871986	color=b3b1b2
HistocapCB064_1	3711279	3715872	HistocapES283Z_1	3768991	3773590	color=b3b1b2
HistocapCB064_1	2349412	2353994	HistocapES283Z_1	2594878	2599463	color=b3b1b2
HistocapCB064_1	3690673	3695254	HistocapES283Z_1	3754844	3759389	color=b3b1b2
HistocapCB064_1	2888207	2892782	HistocapES283Z_1	3026301	3030874	color=b3b1b2
HistocapCB064_1	2400723	2405286	HistocapES283Z_1	2642658	2647225	color=b3b1b2
HistocapCB064_1	2703862	2708419	HistocapES283Z_1	2845931	2850495	color=b3b1b2
HistocapCB064_1	3527938	3532487	HistocapES283Z_1	3583078	3587653	color=b3b1b2
HistocapCB064_1	3059356	3063900	HistocapES283Z_1	3190576	3195246	color=b3b1b2
HistocapCB064_1	81462	86001	HistocapES283Z_1	195458	199953	color=b3b1b2
HistocapCB064_1	415790	420315	HistocapES283Z_1	501601	506160	color=b3b1b2
HistocapCB064_1	3383680	3388199	HistocapES283Z_1	3432754	3437234	color=b3b1b2
HistocapCB064_1	933426	937931	HistocapES283Z_1	1031734	1036207	color=b3b1b2
HistocapCB064_1	2990096	2994587	HistocapES283Z_1	3124113	3128627	color=b3b1b2
HistocapCB064_1	2807784	2812264	HistocapES283Z_1	2946848	2951339	color=b3b1b2
HistocapCB064_1	1292153	1296618	HistocapES283Z_1	1427223	1431688	color=b3b1b2
HistocapCB064_1	426252	430716	HistocapES283Z_1	511542	515927	color=b3b1b2
HistocapCB064_1	1215507	1219943	HistocapES283Z_1	1271596	1276038	color=b3b1b2
HistocapCB064_1	2894044	2898467	HistocapES283Z_1	3031968	3036402	color=b3b1b2
HistocapCB064_1	4147014	4151435	HistocapES283Z_1	4134531	4138983	color=b3b1b2
HistocapCB064_1	2197160	2201575	HistocapES283Z_1	2449865	2454255	color=b3b1b2
HistocapCB064_1	444129	448533	HistocapES283Z_1	529432	533815	color=b3b1b2
HistocapCB064_1	1417151	1421544	HistocapES283Z_1	1658422	1662777	color=b3b1b2
HistocapCB064_1	1149762	1154137	HistocapES283Z_1	1205685	1210014	color=b3b1b2
HistocapCB064_1	2207810	2212180	HistocapES283Z_1	2460398	2464783	color=b3b1b2
HistocapCB064_1	849547	853864	HistocapES283Z_1	946455	950777	color=b3b1b2
HistocapCB064_1	4028750	4033056	HistocapES283Z_1	4026746	4031080	color=b3b1b2
HistocapCB064_1	2831268	2835569	HistocapES283Z_1	2967513	2971812	color=b3b1b2
HistocapCB064_1	3552494	3556790	HistocapES283Z_1	3611657	3616021	color=b3b1b2
HistocapCB064_1	3404334	3408629	HistocapES283Z_1	3455743	3460036	color=b3b1b2
HistocapCB064_1	2341855	2346126	HistocapES283Z_1	2587506	2591812	color=b3b1b2
HistocapCB064_1	3669905	3674155	HistocapES283Z_1	3734899	3739211	color=b3b1b2
HistocapCB064_1	3991634	3995877	HistocapES283Z_1	3984101	3988378	color=b3b1b2
HistocapCB064_1	2846514	2850747	HistocapES283Z_1	2984158	2988283	color=b3b1b2
HistocapCB064_1	296370	300575	HistocapES283Z_1	426936	431100	color=b3b1b2
HistocapCB064_1	1754189	1758371	HistocapES283Z_1	1962623	1966832	color=b3b1b2
HistocapCB064_1	2086186	2090352	HistocapES283Z_1	2287474	2291649	color=b3b1b2
HistocapCB064_1	2507318	2511484	HistocapES283Z_1	2666129	2670321	color=b3b1b2
HistocapCB064_1	212645	216760	HistocapES283Z_1	359167	363268	color=b3b1b2
HistocapCB064_1	1577033	1581144	HistocapES283Z_1	1767516	1771572	color=b3b1b2
HistocapCB064_1	2049703	2053812	HistocapES283Z_1	1798904	1794801	color=b3b1b2
HistocapCB064_1	826017	830124	HistocapES283Z_1	928411	932414	color=b3b1b2
HistocapCB064_1	2043553	2047654	HistocapES283Z_1	2244154	2248262	color=b3b1b2
HistocapCB064_1	2711298	2715389	HistocapES283Z_1	2852731	2856838	color=b3b1b2
HistocapCB064_1	3502773	3506831	HistocapES283Z_1	3556840	3560887	color=b3b1b2
HistocapCB064_1	1021524	1025579	HistocapES283Z_1	1101656	1105742	color=b3b1b2
HistocapCB064_1	1537209	1541259	HistocapES283Z_1	1733557	1737663	color=b3b1b2
HistocapCB064_1	3976267	3980315	HistocapES283Z_1	3974430	3978468	color=b3b1b2
HistocapCB064_1	728546	732580	HistocapES283Z_1	778550	782573	color=b3b1b2
HistocapCB064_1	3952261	3956293	HistocapES283Z_1	3953545	3957567	color=b3b1b2
HistocapCB064_1	743125	747115	HistocapES283Z_1	792308	796363	color=b3b1b2
HistocapCB064_1	2674268	2678248	HistocapES283Z_1	2826184	2830171	color=b3b1b2
HistocapCB064_1	131126	135092	HistocapES283Z_1	280325	284298	color=b3b1b2
HistocapCB064_1	1602561	1606468	HistocapES283Z_1	1788175	1792147	color=b3b1b2
HistocapCB064_1	3032229	3036133	HistocapES283Z_1	3163158	3167018	color=b3b1b2
HistocapCB064_1	995410	999306	HistocapES283Z_1	2992321	2996221	color=b3b1b2
HistocapCB064_1	481527	485411	HistocapES283Z_1	561055	564902	color=b3b1b2
HistocapCB064_1	1333890	1337771	HistocapES283Z_1	1468836	1472777	color=b3b1b2
HistocapCB064_1	270226	274079	HistocapES283Z_1	411424	415297	color=b3b1b2
HistocapCB064_1	3083745	3087595	HistocapES283Z_1	3217538	3221405	color=b3b1b2
HistocapCB064_1	2797494	2801315	HistocapES283Z_1	2936127	2939934	color=b3b1b2
HistocapCB064_1	3695404	3699221	HistocapES283Z_1	3759406	3763209	color=b3b1b2
HistocapCB064_1	3426586	3430395	HistocapES283Z_1	3479917	3483846	color=b3b1b2
HistocapCB064_1	4014032	4017834	HistocapES283Z_1	4013953	4017741	color=b3b1b2
HistocapCB064_1	865669	869469	HistocapES283Z_1	961241	965065	color=b3b1b2
HistocapCB064_1	1680289	1684072	HistocapES283Z_1	1863016	1866773	color=b3b1b2
HistocapCB064_1	3686667	3690450	HistocapES283Z_1	3750710	3754524	color=b3b1b2
HistocapCB064_1	3078243	3082024	HistocapES283Z_1	3209340	3213120	color=b3b1b2
HistocapCB064_1	2297558	2301331	HistocapES283Z_1	2561081	2564844	color=b3b1b2
HistocapCB064_1	1719055	1722825	HistocapES283Z_1	1910154	1913881	color=b3b1b2
HistocapCB064_1	3513257	3517017	HistocapES283Z_1	3568886	3572719	color=b3b1b2
HistocapCB064_1	4217282	4221013	HistocapES283Z_1	4202810	4206476	color=b3b1b2
HistocapCB064_1	2839030	2842752	HistocapES283Z_1	2976389	2980224	color=b3b1b2
HistocapCB064_1	2600882	2604602	HistocapES283Z_1	2773277	2776996	color=b3b1b2
HistocapCB064_1	1588769	1592479	HistocapES283Z_1	1779070	1782732	color=b3b1b2
HistocapCB064_1	1276235	1279932	HistocapES283Z_1	1413283	1416968	color=b3b1b2
HistocapCB064_1	485692	489370	HistocapES283Z_1	564890	568584	color=b3b1b2
HistocapCB064_1	4107709	4111381	HistocapES283Z_1	4090799	4094513	color=b3b1b2
HistocapCB064_1	3682977	3686648	HistocapES283Z_1	3747056	3750609	color=b3b1b2
HistocapCB064_1	2138123	2141793	HistocapES283Z_1	2349441	2353070	color=b3b1b2
HistocapCB064_1	4092408	4096072	HistocapES283Z_1	4075528	4079127	color=b3b1b2
HistocapCB064_1	665196	668850	HistocapES283Z_1	720187	723883	color=b3b1b2
HistocapCB064_1	1638365	1642009	HistocapES283Z_1	1821673	1825325	color=b3b1b2
HistocapCB064_1	1673714	1677354	HistocapES283Z_1	1856565	1860166	color=b3b1b2
HistocapCB064_1	206968	210604	HistocapES283Z_1	353280	356909	color=b3b1b2
HistocapCB064_1	2762197	2765807	HistocapES283Z_1	2897127	2900719	color=b3b1b2
HistocapCB064_1	556381	559989	HistocapES283Z_1	636597	640239	color=b3b1b2
HistocapCB064_1	2986252	2989858	HistocapES283Z_1	3118870	3122470	color=b3b1b2
HistocapCB064_1	63427	67024	HistocapES283Z_1	178419	182066	color=b3b1b2
HistocapCB064_1	2741605	2745183	HistocapES283Z_1	2878304	2881973	color=b3b1b2
HistocapCB064_1	3573290	3576868	HistocapES283Z_1	3634669	3638241	color=b3b1b2
HistocapCB064_1	2336039	2339605	HistocapES283Z_1	2580784	2584354	color=b3b1b2
HistocapCB064_1	1786917	1790481	HistocapES283Z_1	2011963	2015519	color=b3b1b2
HistocapCB064_1	2543252	2546798	HistocapES283Z_1	2699007	2702602	color=b3b1b2
HistocapCB064_1	1791808	1795346	HistocapES283Z_1	2015964	2019502	color=b3b1b2
HistocapCB064_1	2301357	2304880	HistocapES283Z_1	2564974	2568442	color=b3b1b2
HistocapCB064_1	1330174	1333684	HistocapES283Z_1	1465274	1468783	color=b3b1b2
HistocapCB064_1	1748360	1751859	HistocapES283Z_1	1956485	1959998	color=b3b1b2
HistocapCB064_1	392483	395966	HistocapES283Z_1	476852	480324	color=b3b1b2
HistocapCB064_1	4121892	4125370	HistocapES283Z_1	4107043	4110519	color=b3b1b2
HistocapCB064_1	1111910	1115386	HistocapES283Z_1	1166982	1170463	color=b3b1b2
HistocapCB064_1	4184741	4188217	HistocapES283Z_1	4172580	4176031	color=b3b1b2
HistocapCB064_1	732852	736295	HistocapES283Z_1	782745	786124	color=b3b1b2
HistocapCB064_1	4249808	4253244	HistocapES283Z_1	4235027	4238452	color=b3b1b2
HistocapCB064_1	594731	598167	HistocapES283Z_1	670679	674092	color=b3b1b2
HistocapCB064_1	2178374	2181809	HistocapES283Z_1	2429930	2433338	color=b3b1b2
HistocapCB064_1	2251790	2255224	HistocapES283Z_1	2496680	2500110	color=b3b1b2
HistocapCB064_1	3415980	3419383	HistocapES283Z_1	3466196	3469594	color=b3b1b2
HistocapCB064_1	4265553	4268949	HistocapES283Z_1	4251221	4247913	color=b3b1b2
HistocapCB064_1	3957571	3960966	HistocapES283Z_1	3960924	3964290	color=b3b1b2
HistocapCB064_1	1760965	1764356	HistocapES283Z_1	1985949	1989312	color=b3b1b2
HistocapCB064_1	2591605	2594995	HistocapES283Z_1	2750712	2754170	color=b3b1b2
HistocapCB064_1	1122762	1126149	HistocapES283Z_1	1181174	1184564	color=b3b1b2
HistocapCB064_1	517463	520811	HistocapES283Z_1	597407	600815	color=b3b1b2
HistocapCB064_1	889687	893018	HistocapES283Z_1	987736	991030	color=b3b1b2
HistocapCB064_1	300574	303904	HistocapES283Z_1	431317	434631	color=b3b1b2
HistocapCB064_1	2185923	2189252	HistocapES283Z_1	2438339	2441611	color=b3b1b2
HistocapCB064_1	1404706	1408029	HistocapES283Z_1	1644379	1647613	color=b3b1b2
HistocapCB064_1	1709431	1712753	HistocapES283Z_1	1900826	1904172	color=b3b1b2
HistocapCB064_1	3400041	3403363	HistocapES283Z_1	3450923	3454254	color=b3b1b2
HistocapCB064_1	712189	715507	HistocapES283Z_1	760116	763481	color=b3b1b2
HistocapCB064_1	3286304	3289615	HistocapES283Z_1	3343491	3346785	color=b3b1b2
HistocapCB064_1	2212302	2215582	HistocapES283Z_1	2465029	2468317	color=b3b1b2
HistocapCB064_1	2527506	2530772	HistocapES283Z_1	2681426	2684610	color=b3b1b2
HistocapCB064_1	151825	155090	HistocapES283Z_1	297659	300950	color=b3b1b2
HistocapCB064_1	2678535	2681783	HistocapES283Z_1	2830381	2833649	color=b3b1b2
HistocapCB064_1	3148553	3151791	HistocapES283Z_1	3264583	3267821	color=b3b1b2
HistocapCB064_1	661760	664994	HistocapES283Z_1	716602	719749	color=b3b1b2
HistocapCB064_1	1899002	1902229	HistocapES283Z_1	2121187	2124417	color=b3b1b2
HistocapCB064_1	2066777	2069998	HistocapES283Z_1	2266647	2269864	color=b3b1b2
HistocapCB064_1	1156907	1160113	HistocapES283Z_1	1212621	1215821	color=b3b1b2
HistocapCB064_1	1645536	1648739	HistocapES283Z_1	1829126	1832263	color=b3b1b2
HistocapCB064_1	2090641	2093839	HistocapES283Z_1	2291716	2294882	color=b3b1b2
HistocapCB064_1	2596403	2599589	HistocapES283Z_1	2764591	2761396	color=b3b1b2
HistocapCB064_1	2778265	2781451	HistocapES283Z_1	2915844	2918981	color=b3b1b2
HistocapCB064_1	1190871	1194055	HistocapES283Z_1	1246762	1249945	color=b3b1b2
HistocapCB064_1	385302	388476	HistocapES283Z_1	470191	473346	color=b3b1b2
HistocapCB064_1	2285753	2288924	HistocapES283Z_1	2548287	2551453	color=b3b1b2
HistocapCB064_1	2827017	2830161	HistocapES283Z_1	2962932	2966109	color=b3b1b2
HistocapCB064_1	1436655	1439796	HistocapES283Z_1	1177636	1180771	color=b3b1b2
HistocapCB064_1	3258780	3261913	HistocapES283Z_1	3315451	3318643	color=b3b1b2
HistocapCB064_1	2561495	2564612	HistocapES283Z_1	2719504	2722619	color=b3b1b2
HistocapCB064_1	2658592	2661694	HistocapES283Z_1	2808758	2811907	color=b3b1b2
HistocapCB064_1	14415	17514	HistocapES283Z_1	134722	137800	color=b3b1b2
HistocapCB064_1	1979384	1982476	HistocapES283Z_1	2182722	2185759	color=b3b1b2
HistocapCB064_1	2850914	2854006	HistocapES283Z_1	2988337	2991425	color=b3b1b2
HistocapCB064_1	3507157	3510247	HistocapES283Z_1	3561137	3564232	color=b3b1b2
HistocapCB064_1	77846	80936	HistocapES283Z_1	191400	194429	color=b3b1b2
HistocapCB064_1	1684464	1687546	HistocapES283Z_1	1867788	1870864	color=b3b1b2
HistocapCB064_1	2291507	2294584	HistocapES283Z_1	2554174	2557236	color=b3b1b2
HistocapCB064_1	3366381	3369452	HistocapES283Z_1	3408284	3411414	color=b3b1b2
HistocapCB064_1	878093	881129	HistocapES283Z_1	975089	978112	color=b3b1b2
HistocapCB064_1	2922053	2925085	HistocapES283Z_1	3055397	3058451	color=b3b1b2
HistocapCB064_1	2860258	2863287	HistocapES283Z_1	2998546	3001615	color=b3b1b2
HistocapCB064_1	777137	780164	HistocapES283Z_1	823637	826633	color=b3b1b2
HistocapCB064_1	2305043	2308065	HistocapES283Z_1	2568433	2571517	color=b3b1b2
HistocapCB064_1	3362738	3365748	HistocapES283Z_1	3405015	3408040	color=b3b1b2
HistocapCB064_1	2639096	2642101	HistocapES283Z_1	2799506	2802479	color=b3b1b2
HistocapCB064_1	221391	224393	HistocapES283Z_1	365883	368848	color=b3b1b2
HistocapCB064_1	4136256	4139243	HistocapES283Z_1	4121737	4124748	color=b3b1b2
HistocapCB064_1	113193	116170	HistocapES283Z_1	226941	230001	color=b3b1b2
HistocapCB064_1	1651707	1654678	HistocapES283Z_1	1833909	1836781	color=b3b1b2
HistocapCB064_1	707040	710007	HistocapES283Z_1	754833	757754	color=b3b1b2
HistocapCB064_1	1414128	1417091	HistocapES283Z_1	1655318	1658273	color=b3b1b2
HistocapCB064_1	3885113	3888073	HistocapES283Z_1	3882297	3885232	color=b3b1b2
HistocapCB064_1	1440306	1443265	HistocapES283Z_1	1682247	1685088	color=b3b1b2
HistocapCB064_1	872295	875252	HistocapES283Z_1	968674	971620	color=b3b1b2
HistocapCB064_1	3099869	3102824	HistocapES283Z_1	3236415	3239323	color=b3b1b2
HistocapCB064_1	2346127	2349081	HistocapES283Z_1	2591939	2594891	color=b3b1b2
HistocapCB064_1	2166232	2169167	HistocapES283Z_1	2420983	2423922	color=b3b1b2
HistocapCB064_1	2943249	2946175	HistocapES283Z_1	3076707	3079651	color=b3b1b2
HistocapCB064_1	2946397	2949311	HistocapES283Z_1	3080300	3083187	color=b3b1b2
HistocapCB064_1	4018286	4021167	HistocapES283Z_1	4017950	4020854	color=b3b1b2
HistocapCB064_1	2370815	2373693	HistocapES283Z_1	2618173	2621056	color=b3b1b2
HistocapCB064_1	2546974	2549848	HistocapES283Z_1	2702757	2705617	color=b3b1b2
HistocapCB064_1	2258430	2261298	HistocapES283Z_1	2504591	2507473	color=b3b1b2
HistocapCB064_1	2182330	2185195	HistocapES283Z_1	2434871	2437689	color=b3b1b2
HistocapCB064_1	4118821	4121684	HistocapES283Z_1	4101927	4104858	color=b3b1b2
HistocapCB064_1	3370557	3373392	HistocapES283Z_1	3418380	3421167	color=b3b1b2
HistocapCB064_1	36090	38925	HistocapES283Z_1	156632	159423	color=b3b1b2
HistocapCB064_1	93955	96782	HistocapES283Z_1	207546	210371	color=b3b1b2
HistocapCB064_1	3815613	3818438	HistocapES283Z_1	3826022	3828903	color=b3b1b2
HistocapCB064_1	2142121	2144944	HistocapES283Z_1	2353485	2356354	color=b3b1b2
HistocapCB064_1	3169487	3172300	HistocapES283Z_1	3276742	3279561	color=b3b1b2
HistocapCB064_1	2504517	2507315	HistocapES283Z_1	2663256	2666031	color=b3b1b2
HistocapCB064_1	1128503	1131285	HistocapES283Z_1	1186708	1189530	color=b3b1b2
HistocapCB064_1	2203699	2206475	HistocapES283Z_1	2456213	2459027	color=b3b1b2
HistocapCB064_1	2971886	2974657	HistocapES283Z_1	3105078	3107885	color=b3b1b2
HistocapCB064_1	1228972	1231724	HistocapES283Z_1	1282703	1285468	color=b3b1b2
HistocapCB064_1	2294585	2297333	HistocapES283Z_1	2557336	2560082	color=b3b1b2
HistocapCB064_1	2770880	2773617	HistocapES283Z_1	2908855	2911527	color=b3b1b2
HistocapCB064_1	1465485	1468215	HistocapES283Z_1	1710523	1713253	color=b3b1b2
HistocapCB064_1	2447592	2450316	HistocapES283Z_1	2659882	2662593	color=b3b1b2
HistocapCB064_1	1071122	1073839	HistocapES283Z_1	1130096	1132772	color=b3b1b2
HistocapCB064_1	2596885	2599589	HistocapES283Z_1	2764604	2767292	color=b3b1b2
HistocapCB064_1	1359775	1362474	HistocapES283Z_1	1491241	1493950	color=b3b1b2
HistocapCB064_1	2225147	2227845	HistocapES283Z_1	2478317	2481039	color=b3b1b2
HistocapCB064_1	4198444	4201141	HistocapES283Z_1	4186887	4189635	color=b3b1b2
HistocapCB064_1	8366	11050	HistocapES283Z_1	131429	134084	color=b3b1b2
HistocapCB064_1	1581262	1583938	HistocapES283Z_1	1771554	1774235	color=b3b1b2
HistocapCB064_1	3996096	3998763	HistocapES283Z_1	3993138	3995837	color=b3b1b2
HistocapCB064_1	2533598	2536259	HistocapES283Z_1	2687782	2690501	color=b3b1b2
HistocapCB064_1	492720	495379	HistocapES283Z_1	572829	575399	color=b3b1b2
HistocapCB064_1	1584163	1586820	HistocapES283Z_1	1774439	1777097	color=b3b1b2
HistocapCB064_1	4099008	4101663	HistocapES283Z_1	4081740	4084440	color=b3b1b2
HistocapCB064_1	3897385	3900026	HistocapES283Z_1	3896794	3899434	color=b3b1b2
HistocapCB064_1	1401850	1404485	HistocapES283Z_1	1641286	1643896	color=b3b1b2
HistocapCB064_1	3263699	3266329	HistocapES283Z_1	3320433	3323000	color=b3b1b2
HistocapCB064_1	1102911	1105538	HistocapES283Z_1	1160978	1163653	color=b3b1b2
HistocapCB064_1	1596927	1599548	HistocapES283Z_1	1767014	1764394	color=b3b1b2
HistocapCB064_1	1449968	1452578	HistocapES283Z_1	1695343	1697923	color=b3b1b2
HistocapCB064_1	645354	647955	HistocapES283Z_1	678256	680844	color=b3b1b2
HistocapCB064_1	2373948	2376542	HistocapES283Z_1	2624508	2627099	color=b3b1b2
HistocapCB064_1	797697	800290	HistocapES283Z_1	855428	858019	color=b3b1b2
HistocapCB064_1	854823	857414	HistocapES283Z_1	951328	953891	color=b3b1b2
HistocapCB064_1	4151434	4154014	HistocapES283Z_1	4139249	4141837	color=b3b1b2
HistocapCB064_1	3103371	3105938	HistocapES283Z_1	3240084	3242686	color=b3b1b2
HistocapCB064_1	3580480	3583038	HistocapES283Z_1	3639473	3642013	color=b3b1b2
HistocapCB064_1	2145061	2147617	HistocapES283Z_1	2356457	2358995	color=b3b1b2
HistocapCB064_1	87103	89657	HistocapES283Z_1	201239	203806	color=b3b1b2
HistocapCB064_1	3510483	3513033	HistocapES283Z_1	3564750	3567303	color=b3b1b2
HistocapCB064_1	3448020	3450567	HistocapES283Z_1	3511418	3513961	color=b3b1b2
HistocapCB064_1	2332766	2335306	HistocapES283Z_1	2577865	2580369	color=b3b1b2
HistocapCB064_1	1625653	1628181	HistocapES283Z_1	1809072	1811585	color=b3b1b2
HistocapCB064_1	810461	812982	HistocapES283Z_1	867203	869792	color=b3b1b2
HistocapCB064_1	875471	877992	HistocapES283Z_1	972111	974611	color=b3b1b2
HistocapCB064_1	2264160	2266670	HistocapES283Z_1	2519780	2522228	color=b3b1b2
HistocapCB064_1	2844044	2846549	HistocapES283Z_1	2981587	2984082	color=b3b1b2
HistocapCB064_1	1773079	1775522	HistocapES283Z_1	1998330	2000827	color=b3b1b2
HistocapCB064_1	3292064	3294500	HistocapES283Z_1	3349306	3351730	color=b3b1b2
HistocapCB064_1	1998138	2000570	HistocapES283Z_1	2199061	2201507	color=b3b1b2
HistocapCB064_1	3497484	3499916	HistocapES283Z_1	3551717	3554150	color=b3b1b2
HistocapCB064_1	4195941	4198342	HistocapES283Z_1	4184656	4187012	color=b3b1b2
HistocapCB064_1	2364352	2366748	HistocapES283Z_1	2611436	2613828	color=b3b1b2
HistocapCB064_1	3123539	3125930	HistocapES283Z_1	3242925	3245315	color=b3b1b2
HistocapCB064_1	1140915	1143303	HistocapES283Z_1	1196797	1199185	color=b3b1b2
HistocapCB064_1	3243366	3245753	HistocapES283Z_1	3301278	3303615	color=b3b1b2
HistocapCB064_1	3373680	3376065	HistocapES283Z_1	3422496	3424897	color=b3b1b2
HistocapCB064_1	1734830	1737205	HistocapES283Z_1	1934472	1936843	color=b3b1b2
HistocapCB064_1	290468	292843	HistocapES283Z_1	421485	423886	color=b3b1b2
HistocapCB064_1	1445389	1447717	HistocapES283Z_1	1688504	1690804	color=b3b1b2
HistocapCB064_1	542048	544371	HistocapES283Z_1	621268	623644	color=b3b1b2
HistocapCB064_1	3154918	3157237	HistocapES283Z_1	3270900	3273169	color=b3b1b2
HistocapCB064_1	70110	72429	HistocapES283Z_1	184438	186754	color=b3b1b2
HistocapCB064_1	324565	326870	HistocapES283Z_1	455123	457433	color=b3b1b2
HistocapCB064_1	893352	895654	HistocapES283Z_1	991221	993520	color=b3b1b2
HistocapCB064_1	3145136	3147430	HistocapES283Z_1	3261024	3263263	color=b3b1b2
HistocapCB064_1	4132430	4134715	HistocapES283Z_1	4118706	4120995	color=b3b1b2
HistocapCB064_1	224703	226976	HistocapES283Z_1	368847	371123	color=b3b1b2
HistocapCB064_1	930017	932272	HistocapES283Z_1	1027932	1030177	color=b3b1b2
HistocapCB064_1	800387	802640	HistocapES283Z_1	857890	860110	color=b3b1b2
HistocapCB064_1	581680	583925	HistocapES283Z_1	658248	660449	color=b3b1b2
HistocapCB064_1	89785	92018	HistocapES283Z_1	203707	205915	color=b3b1b2
HistocapCB064_1	1074177	1076397	HistocapES283Z_1	1132916	1135126	color=b3b1b2
HistocapCB064_1	2795174	2797393	HistocapES283Z_1	2933582	2935793	color=b3b1b2
HistocapCB064_1	1593474	1595680	HistocapES283Z_1	1785869	1788185	color=b3b1b2
HistocapCB064_1	2194736	2196942	HistocapES283Z_1	2447260	2449462	color=b3b1b2
HistocapCB064_1	2173218	2175421	HistocapES283Z_1	2424956	2427168	color=b3b1b2
HistocapCB064_1	1226684	1228873	HistocapES283Z_1	1280317	1282513	color=b3b1b2
HistocapCB064_1	187838	190025	HistocapES283Z_1	324765	326943	color=b3b1b2
HistocapCB064_1	1621919	1624104	HistocapES283Z_1	1805838	1808009	color=b3b1b2
HistocapCB064_1	1982998	1985183	HistocapES283Z_1	2186263	2188414	color=b3b1b2
HistocapCB064_1	3023592	3025775	HistocapES283Z_1	3633663	3631521	color=b3b1b2
HistocapCB064_1	259089	261264	HistocapES283Z_1	401678	403900	color=b3b1b2
HistocapCB064_1	396772	398943	HistocapES283Z_1	480970	483138	color=b3b1b2
HistocapCB064_1	1098015	1100163	HistocapES283Z_1	1156244	1158406	color=b3b1b2
HistocapCB064_1	3289834	3291975	HistocapES283Z_1	3347162	3349311	color=b3b1b2
HistocapCB064_1	177794	179922	HistocapES283Z_1	313985	316103	color=b3b1b2
HistocapCB064_1	2716704	2718825	HistocapES283Z_1	2858850	2860986	color=b3b1b2
HistocapCB064_1	2266881	2268999	HistocapES283Z_1	2523017	2525136	color=b3b1b2
HistocapCB064_1	2708954	2711070	HistocapES283Z_1	2850643	2852754	color=b3b1b2
HistocapCB064_1	2681919	2684029	HistocapES283Z_1	2833781	2835839	color=b3b1b2
HistocapCB064_1	1752083	1754187	HistocapES283Z_1	1960377	1962444	color=b3b1b2
HistocapCB064_1	3989181	3991279	HistocapES283Z_1	3981990	3984088	color=b3b1b2
HistocapCB064_1	4040024	4042115	HistocapES283Z_1	4035053	4037144	color=b3b1b2
HistocapCB064_1	1606604	1608683	HistocapES283Z_1	1792158	1794216	color=b3b1b2
HistocapCB064_1	1173068	1175145	HistocapES283Z_1	1228096	1230173	color=b3b1b2
HistocapCB064_1	448858	450935	HistocapES283Z_1	533818	535876	color=b3b1b2
HistocapCB064_1	1632744	1634815	HistocapES283Z_1	1816170	1818203	color=b3b1b2
HistocapCB064_1	780828	782889	HistocapES283Z_1	749109	747065	color=b3b1b2
HistocapCB064_1	3037293	3039345	HistocapES283Z_1	3167689	3169766	color=b3b1b2
HistocapCB064_1	1220413	1222460	HistocapES283Z_1	1276043	1278093	color=b3b1b2
HistocapCB064_1	1126250	1128277	HistocapES283Z_1	1184438	1186486	color=b3b1b2
HistocapCB064_1	1654781	1656802	HistocapES283Z_1	1836951	1838984	color=b3b1b2
HistocapCB064_1	202324	204331	HistocapES283Z_1	347373	349333	color=b3b1b2
HistocapCB064_1	4089986	4091993	HistocapES283Z_1	4073535	4075536	color=b3b1b2
HistocapCB064_1	67276	69280	HistocapES283Z_1	182455	184439	color=b3b1b2
HistocapCB064_1	3557123	3559126	HistocapES283Z_1	3616389	3618400	color=b3b1b2
HistocapCB064_1	1619853	1621849	HistocapES283Z_1	1803584	1805585	color=b3b1b2
HistocapCB064_1	2519153	2521136	HistocapES283Z_1	2678047	2680051	color=b3b1b2
HistocapCB064_1	3722404	3724378	HistocapES283Z_1	3774888	3776860	color=b3b1b2
HistocapCB064_1	1473233	1475204	HistocapES283Z_1	1723265	1725247	color=b3b1b2
HistocapCB064_1	710194	712165	HistocapES283Z_1	757940	759901	color=b3b1b2
HistocapCB064_1	1176527	1178495	HistocapES283Z_1	1231926	1233903	color=b3b1b2
HistocapCB064_1	3659271	3661234	HistocapES283Z_1	3724117	3726074	color=b3b1b2
HistocapCB064_1	3839388	3841340	HistocapES283Z_1	3841033	3842985	color=b3b1b2
HistocapCB064_1	72475	74418	HistocapES283Z_1	186871	188813	color=b3b1b2
HistocapCB064_1	3421196	3423135	HistocapES283Z_1	3474194	3476202	color=b3b1b2
HistocapCB064_1	1289565	1291494	HistocapES283Z_1	1425281	1427224	color=b3b1b2
HistocapCB064_1	2959373	2961297	HistocapES283Z_1	3093125	3095080	color=b3b1b2
HistocapCB064_1	1168830	1170748	HistocapES283Z_1	1224288	1226213	color=b3b1b2
HistocapCB064_1	2557320	2559236	HistocapES283Z_1	2715070	2716974	color=b3b1b2
HistocapCB064_1	2248694	2250606	HistocapES283Z_1	2492128	2494033	color=b3b1b2
HistocapCB064_1	926549	928449	HistocapES283Z_1	1026048	1027941	color=b3b1b2
HistocapCB064_1	2031482	2033373	HistocapES283Z_1	2232047	2233940	color=b3b1b2
HistocapCB064_1	1574924	1576808	HistocapES283Z_1	1758234	1760099	color=b3b1b2
HistocapCB064_1	1636163	1638031	HistocapES283Z_1	1819084	1820936	color=b3b1b2
HistocapCB064_1	1287488	1289347	HistocapES283Z_1	1423348	1425228	color=b3b1b2
HistocapCB064_1	1087032	1088881	HistocapES283Z_1	1145345	1147154	color=b3b1b2
HistocapCB064_1	3640245	3642093	HistocapES283Z_1	3701509	3703381	color=b3b1b2
HistocapCB064_1	838855	840702	HistocapES283Z_1	934521	936372	color=b3b1b2
HistocapCB064_1	2869452	2871290	HistocapES283Z_1	3007463	3009299	color=b3b1b2
HistocapCB064_1	257030	258865	HistocapES283Z_1	399804	401654	color=b3b1b2
HistocapCB064_1	1040039	1041869	HistocapES283Z_1	1111871	1113672	color=b3b1b2
HistocapCB064_1	3667778	3669608	HistocapES283Z_1	3732818	3734678	color=b3b1b2
HistocapCB064_1	2201676	2203496	HistocapES283Z_1	2454129	2455949	color=b3b1b2
HistocapCB064_1	4221358	4223174	HistocapES283Z_1	4206473	4208298	color=b3b1b2
HistocapCB064_1	1213770	1215583	HistocapES283Z_1	1269670	1271495	color=b3b1b2
HistocapCB064_1	956249	958038	HistocapES283Z_1	4106709	4104922	color=b3b1b2
HistocapCB064_1	2517363	2519147	HistocapES283Z_1	2676098	2677877	color=b3b1b2
HistocapCB064_1	3636949	3638729	HistocapES283Z_1	3697999	3699780	color=b3b1b2
HistocapCB064_1	3950359	3952136	HistocapES283Z_1	3951592	3953383	color=b3b1b2
HistocapCB064_1	3500023	3501787	HistocapES283Z_1	3554257	3556028	color=b3b1b2
HistocapCB064_1	155304	157066	HistocapES283Z_1	301198	302967	color=b3b1b2
HistocapCB064_1	314868	316630	HistocapES283Z_1	445413	447175	color=b3b1b2
HistocapCB064_1	1687783	1689541	HistocapES283Z_1	1870899	1872688	color=b3b1b2
HistocapCB064_1	1181004	1182761	HistocapES283Z_1	1236517	1238230	color=b3b1b2
HistocapCB064_1	3601008	3602759	HistocapES283Z_1	3657455	3659210	color=b3b1b2
HistocapCB064_1	104958	106701	HistocapES283Z_1	217775	219539	color=b3b1b2
HistocapCB064_1	2700586	2702328	HistocapES283Z_1	2843062	2844818	color=b3b1b2
HistocapCB064_1	1764364	1766100	HistocapES283Z_1	1991051	1989319	color=b3b1b2
HistocapCB064_1	3651463	3653184	HistocapES283Z_1	3709814	3711535	color=b3b1b2
HistocapCB064_1	1468685	1470402	HistocapES283Z_1	1717870	1719525	color=b3b1b2
HistocapCB064_1	3082026	3083741	HistocapES283Z_1	3214223	3215944	color=b3b1b2
HistocapCB064_1	909841	911555	HistocapES283Z_1	1006970	1008680	color=b3b1b2
HistocapCB064_1	3359127	3360831	HistocapES283Z_1	3401749	3403435	color=b3b1b2
HistocapCB064_1	294647	296336	HistocapES283Z_1	425160	426833	color=b3b1b2
HistocapCB064_1	4139680	4141369	HistocapES283Z_1	4125185	4126856	color=b3b1b2
HistocapCB064_1	552012	553699	HistocapES283Z_1	631164	632866	color=b3b1b2
HistocapCB064_1	4079581	4081263	HistocapES283Z_1	4063418	4065101	color=b3b1b2
HistocapCB064_1	1231822	1233498	HistocapES283Z_1	1299533	1301207	color=b3b1b2
HistocapCB064_1	2775757	2777418	HistocapES283Z_1	2913310	2914996	color=b3b1b2
HistocapCB064_1	1947320	1948977	HistocapES283Z_1	2149413	2151084	color=b3b1b2
HistocapCB064_1	1533792	1535445	HistocapES283Z_1	1728536	1730184	color=b3b1b2
HistocapCB064_1	1758966	1760617	HistocapES283Z_1	1969218	1970863	color=b3b1b2
HistocapCB064_1	101297	102944	HistocapES283Z_1	213524	215166	color=b3b1b2
HistocapCB064_1	869590	871231	HistocapES283Z_1	965065	966659	color=b3b1b2
HistocapCB064_1	2289283	2290916	HistocapES283Z_1	2551711	2553383	color=b3b1b2
HistocapCB064_1	110347	111979	HistocapES283Z_1	223642	225341	color=b3b1b2
HistocapCB064_1	3961245	3962874	HistocapES283Z_1	3964485	3966090	color=b3b1b2
HistocapCB064_1	119395	120982	HistocapES283Z_1	269437	271011	color=b3b1b2
HistocapCB064_1	157179	158764	HistocapES283Z_1	306078	304483	color=b3b1b2
HistocapCB064_1	3151831	3153408	HistocapES283Z_1	3269595	3268048	color=b3b1b2
HistocapCB064_1	3517493	3519053	HistocapES283Z_1	3573099	3574656	color=b3b1b2
HistocapCB064_1	912615	914175	HistocapES283Z_1	1012721	1014282	color=b3b1b2
HistocapCB064_1	197593	199141	HistocapES283Z_1	343011	344544	color=b3b1b2
HistocapCB064_1	489471	491019	HistocapES283Z_1	568458	570010	color=b3b1b2
HistocapCB064_1	3057671	3059217	HistocapES283Z_1	3189039	3190567	color=b3b1b2
HistocapCB064_1	373968	375507	HistocapES283Z_1	467552	469138	color=b3b1b2
HistocapCB064_1	4062449	4063985	HistocapES283Z_1	4053554	4055029	color=b3b1b2
HistocapCB064_1	984373	985902	HistocapES283Z_1	1077465	1078988	color=b3b1b2
HistocapCB064_1	1833420	1834945	HistocapES283Z_1	2056063	2057626	color=b3b1b2
HistocapCB064_1	3438035	3439553	HistocapES283Z_1	3501392	3502912	color=b3b1b2
HistocapCB064_1	107289	108784	HistocapES283Z_1	219830	221315	color=b3b1b2
HistocapCB064_1	3883633	3885118	HistocapES283Z_1	3880598	3882046	color=b3b1b2
HistocapCB064_1	2164496	2165977	HistocapES283Z_1	2418607	2420076	color=b3b1b2
HistocapCB064_1	121134	122609	HistocapES283Z_1	271087	272558	color=b3b1b2
HistocapCB064_1	917494	918967	HistocapES283Z_1	1017313	1018773	color=b3b1b2
HistocapCB064_1	3864426	3865895	HistocapES283Z_1	3865884	3867367	color=b3b1b2
HistocapCB064_1	2856334	2857798	HistocapES283Z_1	2996866	2998314	color=b3b1b2
HistocapCB064_1	26158	27621	HistocapES283Z_1	148170	149628	color=b3b1b2
HistocapCB064_1	3398039	3399501	HistocapES283Z_1	3445562	3447024	color=b3b1b2
HistocapCB064_1	1120947	1122386	HistocapES283Z_1	1175989	1177450	color=b3b1b2
HistocapCB064_1	1317915	1319350	HistocapES283Z_1	1454117	1455524	color=b3b1b2
HistocapCB064_1	3039689	3041106	HistocapES283Z_1	3169832	3171247	color=b3b1b2
HistocapCB064_1	3851742	3853159	HistocapES283Z_1	3852727	3854144	color=b3b1b2
HistocapCB064_1	2019568	2020977	HistocapES283Z_1	2220183	2221601	color=b3b1b2
HistocapCB064_1	3098486	3099876	HistocapES283Z_1	3232057	3233440	color=b3b1b2
HistocapCB064_1	3642757	3644140	HistocapES283Z_1	3703552	3704910	color=b3b1b2
HistocapCB064_1	1443734	1445112	HistocapES283Z_1	1685659	1687006	color=b3b1b2
HistocapCB064_1	2871557	2872931	HistocapES283Z_1	3010033	3011416	color=b3b1b2
HistocapCB064_1	399388	400762	HistocapES283Z_1	484461	485832	color=b3b1b2
HistocapCB064_1	1084813	1086172	HistocapES283Z_1	1143142	1144543	color=b3b1b2
HistocapCB064_1	554761	556118	HistocapES283Z_1	634985	636339	color=b3b1b2
HistocapCB064_1	2368255	2369592	HistocapES283Z_1	2616590	2617930	color=b3b1b2
HistocapCB064_1	334397	335734	HistocapES283Z_1	464811	466172	color=b3b1b2
HistocapCB064_1	2318528	2319860	HistocapES283Z_1	2574275	2575599	color=b3b1b2
HistocapCB064_1	3586283	3587610	HistocapES283Z_1	3642979	3644310	color=b3b1b2
HistocapCB064_1	1178518	1179844	HistocapES283Z_1	1234267	1235552	color=b3b1b2
HistocapCB064_1	2672528	2673850	HistocapES283Z_1	2823645	2824970	color=b3b1b2
HistocapCB064_1	1618318	1619635	HistocapES283Z_1	1802006	1803328	color=b3b1b2
HistocapCB064_1	3802080	3803395	HistocapES283Z_1	3812374	3813686	color=b3b1b2
HistocapCB064_1	2671123	2672430	HistocapES283Z_1	2821656	2822987	color=b3b1b2
HistocapCB064_1	3888073	3889374	HistocapES283Z_1	3885953	3887257	color=b3b1b2
HistocapCB064_1	925133	926430	HistocapES283Z_1	1024788	1026046	color=b3b1b2
HistocapCB064_1	103746	105034	HistocapES283Z_1	216416	217674	color=b3b1b2
HistocapCB064_1	3649942	3651225	HistocapES283Z_1	3708462	3709771	color=b3b1b2
HistocapCB064_1	293263	294532	HistocapES283Z_1	423900	425159	color=b3b1b2
HistocapCB064_1	2781977	2783232	HistocapES283Z_1	2919779	2920995	color=b3b1b2
HistocapCB064_1	1327974	1329226	HistocapES283Z_1	1463909	1465173	color=b3b1b2
HistocapCB064_1	20112	21356	HistocapES283Z_1	141726	142992	color=b3b1b2
HistocapCB064_1	2206466	2207707	HistocapES283Z_1	2459285	2460522	color=b3b1b2
HistocapCB064_1	3153561	3154798	HistocapES283Z_1	3269655	3270890	color=b3b1b2
HistocapCB064_1	1000223	1001457	HistocapES283Z_1	3305116	3303888	color=b3b1b2
HistocapCB064_1	1880707	1881937	HistocapES283Z_1	2103124	2104367	color=b3b1b2
HistocapCB064_1	1358433	1359659	HistocapES283Z_1	1489991	1491242	color=b3b1b2
HistocapCB064_1	2531077	2532293	HistocapES283Z_1	2684749	2685968	color=b3b1b2
HistocapCB064_1	4097228	4098433	HistocapES283Z_1	4080477	4081670	color=b3b1b2
HistocapCB064_1	2538414	2539599	HistocapES283Z_1	2693400	2694586	color=b3b1b2
HistocapCB064_1	442873	444054	HistocapES283Z_1	528032	529217	color=b3b1b2
HistocapCB064_1	2255429	2256608	HistocapES283Z_1	2500573	2501752	color=b3b1b2
HistocapCB064_1	3423885	3425060	HistocapES283Z_1	3476721	3477910	color=b3b1b2
HistocapCB064_1	2033457	2034631	HistocapES283Z_1	2234129	2235325	color=b3b1b2
HistocapCB064_1	2399217	2400385	HistocapES283Z_1	2641450	2642629	color=b3b1b2
HistocapCB064_1	92559	93720	HistocapES283Z_1	206347	207545	color=b3b1b2
HistocapCB064_1	3980568	3981722	HistocapES283Z_1	3978685	3979839	color=b3b1b2
HistocapCB064_1	932273	933426	HistocapES283Z_1	1030280	1031430	color=b3b1b2
HistocapCB064_1	1612290	1613433	HistocapES283Z_1	1342224	1341087	color=b3b1b2
HistocapCB064_1	3638895	3640027	HistocapES283Z_1	3699992	3701125	color=b3b1b2
HistocapCB064_1	914290	915421	HistocapES283Z_1	1014525	1015655	color=b3b1b2
HistocapCB064_1	126238	127365	HistocapES283Z_1	275614	276739	color=b3b1b2
HistocapCB064_1	3241975	3243090	HistocapES283Z_1	3300084	3301201	color=b3b1b2
HistocapCB064_1	2495962	2497076	HistocapES283Z_1	4177298	4176189	color=b3b1b2
HistocapCB064_1	1643897	1645008	HistocapES283Z_1	1827860	1828957	color=b3b1b2
HistocapCB064_1	3056383	3057493	HistocapES283Z_1	3187849	3188974	color=b3b1b2
HistocapCB064_1	550872	551973	HistocapES283Z_1	630121	631167	color=b3b1b2
HistocapCB064_1	111978	113072	HistocapES283Z_1	225641	226747	color=b3b1b2
HistocapCB064_1	210803	211887	HistocapES283Z_1	357596	358700	color=b3b1b2
HistocapCB064_1	1784712	1785786	HistocapES283Z_1	2009727	2010801	color=b3b1b2
HistocapCB064_1	1587305	1588373	HistocapES283Z_1	1777373	1778423	color=b3b1b2
HistocapCB064_1	2715391	2716457	HistocapES283Z_1	2856979	2858092	color=b3b1b2
HistocapCB064_1	2362904	2363958	HistocapES283Z_1	2609343	2610368	color=b3b1b2
HistocapCB064_1	2320154	2321195	HistocapES283Z_1	2575893	2576941	color=b3b1b2
HistocapCB064_1	1977999	1979038	HistocapES283Z_1	2180986	2182029	color=b3b1b2
HistocapCB064_1	2541439	2542478	HistocapES283Z_1	2695507	2696561	color=b3b1b2
HistocapCB064_1	4012977	4014015	HistocapES283Z_1	4012736	4013743	color=b3b1b2
HistocapCB064_1	864309	865346	HistocapES283Z_1	960172	961244	color=b3b1b2
HistocapCB064_1	400956	401987	HistocapES283Z_1	486123	487140	color=b3b1b2
HistocapCB064_1	3396785	3397804	HistocapES283Z_1	3444514	3445536	color=b3b1b2
HistocapCB064_1	1679143	1680160	HistocapES283Z_1	1862097	1863113	color=b3b1b2
HistocapCB064_1	652025	653041	HistocapES283Z_1	700351	701390	color=b3b1b2
HistocapCB064_1	1258629	1259632	HistocapES283Z_1	1370643	1371646	color=b3b1b2
