HistomissSECH81_2	4626474	4654805	HistocapHISSP1014_2	4969755	4998110	color=b3b1b2
HistomissSECH81_2	4594135	4620174	HistocapHISSP1014_2	4936261	4962348	color=b3b1b2
HistomissSECH81_2	1321629	1345905	HistocapHISSP1014_2	1411377	1435716	color=b3b1b2
HistomissSECH81_2	1296972	1321196	HistocapHISSP1014_2	1386680	1410872	color=b3b1b2
HistomissSECH81_2	1144928	1168860	HistocapHISSP1014_2	1230197	1254132	color=b3b1b2
HistomissSECH81_2	4241914	4264819	HistocapHISSP1014_2	4577927	4600751	color=b3b1b2
HistomissSECH81_2	3000045	3022521	HistocapHISSP1014_2	3106737	3129203	color=b3b1b2
HistomissSECH81_2	813771	835622	HistocapHISSP1014_2	875559	897339	color=b3b1b2
HistomissSECH81_2	510268	530599	HistocapHISSP1014_2	544447	564810	color=b3b1b2
HistomissSECH81_2	2042892	2062985	HistocapHISSP1014_2	2134659	2154940	color=b3b1b2
HistomissSECH81_2	2537313	2557201	HistocapHISSP1014_2	2651758	2671621	color=b3b1b2
HistomissSECH81_2	1443999	1463211	HistocapHISSP1014_2	1530844	1550115	color=b3b1b2
HistomissSECH81_2	2479110	2498289	HistocapHISSP1014_2	2592853	2612123	color=b3b1b2
HistomissSECH81_2	1513817	1532702	HistocapHISSP1014_2	1617868	1636858	color=b3b1b2
HistomissSECH81_2	3124848	3143585	HistocapHISSP1014_2	3278325	3297132	color=b3b1b2
HistomissSECH81_2	1976365	1994768	HistocapHISSP1014_2	2077566	2095970	color=b3b1b2
HistomissSECH81_2	2603900	2622070	HistocapHISSP1014_2	2753527	2771712	color=b3b1b2
HistomissSECH81_2	466453	483071	HistocapHISSP1014_2	409918	426512	color=b3b1b2
HistomissSECH81_2	2887140	2903600	HistocapHISSP1014_2	2967747	2984184	color=b3b1b2
HistomissSECH81_2	1900868	1917294	HistocapHISSP1014_2	2001727	2018196	color=b3b1b2
HistomissSECH81_2	2063209	2079512	HistocapHISSP1014_2	2154926	2171241	color=b3b1b2
HistomissSECH81_2	3530291	3546451	HistocapHISSP1014_2	3719999	3736382	color=b3b1b2
HistomissSECH81_2	912727	928671	HistocapHISSP1014_2	961724	977752	color=b3b1b2
HistomissSECH81_2	4894801	4910535	HistocapHISSP1014_2	5272081	5287782	color=b3b1b2
HistomissSECH81_2	2197944	2213634	HistocapHISSP1014_2	2285714	2301414	color=b3b1b2
HistomissSECH81_2	1234973	1250460	HistocapHISSP1014_2	1343793	1359291	color=b3b1b2
HistomissSECH81_2	623739	638987	HistocapHISSP1014_2	679367	694656	color=b3b1b2
HistomissSECH81_2	3852236	3867480	HistocapHISSP1014_2	3983661	3998938	color=b3b1b2
HistomissSECH81_2	1463211	1478397	HistocapHISSP1014_2	1550223	1565460	color=b3b1b2
HistomissSECH81_2	2510080	2525261	HistocapHISSP1014_2	2624061	2639247	color=b3b1b2
HistomissSECH81_2	4505676	4520515	HistocapHISSP1014_2	4848120	4863034	color=b3b1b2
HistomissSECH81_2	3499246	3513938	HistocapHISSP1014_2	3685869	3700620	color=b3b1b2
HistomissSECH81_2	2655667	2670328	HistocapHISSP1014_2	2804094	2818745	color=b3b1b2
HistomissSECH81_2	5093041	5107488	HistocapHISSP1014_2	5506351	5520948	color=b3b1b2
HistomissSECH81_2	3656112	3670497	HistocapHISSP1014_2	3868928	3883365	color=b3b1b2
HistomissSECH81_2	3396210	3410538	HistocapHISSP1014_2	3571488	3585756	color=b3b1b2
HistomissSECH81_2	3240403	3254537	HistocapHISSP1014_2	3395269	3409401	color=b3b1b2
HistomissSECH81_2	4752868	4766854	HistocapHISSP1014_2	5110944	5124913	color=b3b1b2
HistomissSECH81_2	2367344	2380993	HistocapHISSP1014_2	2434911	2448506	color=b3b1b2
HistomissSECH81_2	3039505	3053017	HistocapHISSP1014_2	3146539	3160140	color=b3b1b2
HistomissSECH81_2	1100073	1113532	HistocapHISSP1014_2	1207708	1221177	color=b3b1b2
HistomissSECH81_2	3022523	3035893	HistocapHISSP1014_2	3129312	3142659	color=b3b1b2
HistomissSECH81_2	147909	161254	HistocapHISSP1014_2	146602	160104	color=b3b1b2
HistomissSECH81_2	185638	198862	HistocapHISSP1014_2	181132	194363	color=b3b1b2
HistomissSECH81_2	845832	858743	HistocapHISSP1014_2	907605	920511	color=b3b1b2
HistomissSECH81_2	5055198	5068027	HistocapHISSP1014_2	5468818	5481642	color=b3b1b2
HistomissSECH81_2	1924825	1937441	HistocapHISSP1014_2	2025707	2038377	color=b3b1b2
HistomissSECH81_2	1888160	1900765	HistocapHISSP1014_2	1989117	2001779	color=b3b1b2
HistomissSECH81_2	2244761	2257357	HistocapHISSP1014_2	2314733	2327345	color=b3b1b2
HistomissSECH81_2	5291335	5303668	HistocapHISSP1014_2	5666454	5678876	color=b3b1b2
HistomissSECH81_2	3280344	3292632	HistocapHISSP1014_2	3436609	3448735	color=b3b1b2
HistomissSECH81_2	4360969	4373164	HistocapHISSP1014_2	4681885	4694198	color=b3b1b2
HistomissSECH81_2	2873054	2885163	HistocapHISSP1014_2	2953373	2965553	color=b3b1b2
HistomissSECH81_2	3062850	3074815	HistocapHISSP1014_2	3171847	3183896	color=b3b1b2
HistomissSECH81_2	565495	577395	HistocapHISSP1014_2	600580	612444	color=b3b1b2
HistomissSECH81_2	1547530	1559405	HistocapHISSP1014_2	1651916	1663765	color=b3b1b2
HistomissSECH81_2	5316935	5328692	HistocapHISSP1014_2	5705378	5717217	color=b3b1b2
HistomissSECH81_2	4736485	4748226	HistocapHISSP1014_2	5098140	5109937	color=b3b1b2
HistomissSECH81_2	1964799	1976138	HistocapHISSP1014_2	2065865	2077144	color=b3b1b2
HistomissSECH81_2	987795	999020	HistocapHISSP1014_2	1101737	1113013	color=b3b1b2
HistomissSECH81_2	1034284	1045412	HistocapHISSP1014_2	1148753	1159839	color=b3b1b2
HistomissSECH81_2	1569685	1580807	HistocapHISSP1014_2	1676786	1687889	color=b3b1b2
HistomissSECH81_2	1176342	1187449	HistocapHISSP1014_2	1261645	1272623	color=b3b1b2
HistomissSECH81_2	3546451	3557558	HistocapHISSP1014_2	3736490	3747639	color=b3b1b2
HistomissSECH81_2	2985384	2996448	HistocapHISSP1014_2	3092579	3103623	color=b3b1b2
HistomissSECH81_2	5244535	5255543	HistocapHISSP1014_2	5633508	5644578	color=b3b1b2
HistomissSECH81_2	3412628	3423613	HistocapHISSP1014_2	3589863	3600892	color=b3b1b2
HistomissSECH81_2	4270063	4280900	HistocapHISSP1014_2	4606155	4617086	color=b3b1b2
HistomissSECH81_2	2463145	2473967	HistocapHISSP1014_2	2577986	2588924	color=b3b1b2
HistomissSECH81_2	4206535	4217334	HistocapHISSP1014_2	4539221	4550072	color=b3b1b2
HistomissSECH81_2	948663	959384	HistocapHISSP1014_2	1064623	1075282	color=b3b1b2
HistomissSECH81_2	3515967	3526687	HistocapHISSP1014_2	3702684	3713492	color=b3b1b2
HistomissSECH81_2	2704849	2715417	HistocapHISSP1014_2	2854047	2864454	color=b3b1b2
HistomissSECH81_2	4962133	4972634	HistocapHISSP1014_2	5337774	5348221	color=b3b1b2
HistomissSECH81_2	1212345	1222768	HistocapHISSP1014_2	1320767	1331257	color=b3b1b2
HistomissSECH81_2	3645602	3655930	HistocapHISSP1014_2	3858608	3868873	color=b3b1b2
HistomissSECH81_2	3428256	3438565	HistocapHISSP1014_2	3605457	3615703	color=b3b1b2
HistomissSECH81_2	3687768	3698062	HistocapHISSP1014_2	3900100	3910245	color=b3b1b2
HistomissSECH81_2	964201	974460	HistocapHISSP1014_2	1078972	1089232	color=b3b1b2
HistomissSECH81_2	4978084	4988280	HistocapHISSP1014_2	5353840	5364091	color=b3b1b2
HistomissSECH81_2	902539	912718	HistocapHISSP1014_2	951244	961431	color=b3b1b2
HistomissSECH81_2	2215987	2226156	HistocapHISSP1014_2	2303601	2313764	color=b3b1b2
HistomissSECH81_2	2434723	2444811	HistocapHISSP1014_2	2512339	2522498	color=b3b1b2
HistomissSECH81_2	222539	232506	HistocapHISSP1014_2	217106	227117	color=b3b1b2
HistomissSECH81_2	1385044	1394999	HistocapHISSP1014_2	1471958	1482050	color=b3b1b2
HistomissSECH81_2	4055635	4065554	HistocapHISSP1014_2	4269777	4279704	color=b3b1b2
HistomissSECH81_2	4433875	4443716	HistocapHISSP1014_2	4744921	4754727	color=b3b1b2
HistomissSECH81_2	4680447	4690160	HistocapHISSP1014_2	5019792	5029493	color=b3b1b2
HistomissSECH81_2	1004701	1014357	HistocapHISSP1014_2	1118546	1128361	color=b3b1b2
HistomissSECH81_2	4114883	4124523	HistocapHISSP1014_2	4350009	4359658	color=b3b1b2
HistomissSECH81_2	5145148	5154753	HistocapHISSP1014_2	5563860	5573427	color=b3b1b2
HistomissSECH81_2	592753	602314	HistocapHISSP1014_2	622963	632622	color=b3b1b2
HistomissSECH81_2	3578156	3587688	HistocapHISSP1014_2	3795431	3804933	color=b3b1b2
HistomissSECH81_2	2747772	2757256	HistocapHISSP1014_2	2872429	2881971	color=b3b1b2
HistomissSECH81_2	835952	845412	HistocapHISSP1014_2	897631	907192	color=b3b1b2
HistomissSECH81_2	5329452	5338878	HistocapHISSP1014_2	5721166	5730606	color=b3b1b2
HistomissSECH81_2	3158193	3167575	HistocapHISSP1014_2	3312844	3322166	color=b3b1b2
HistomissSECH81_2	1818437	1827767	HistocapHISSP1014_2	1908100	1917529	color=b3b1b2
HistomissSECH81_2	2821217	2830501	HistocapHISSP1014_2	2917379	2926738	color=b3b1b2
HistomissSECH81_2	3480673	3489937	HistocapHISSP1014_2	3667749	3676915	color=b3b1b2
HistomissSECH81_2	4573516	4582777	HistocapHISSP1014_2	4911348	4920593	color=b3b1b2
HistomissSECH81_2	99399	108643	HistocapHISSP1014_2	95610	104926	color=b3b1b2
HistomissSECH81_2	4332691	4341825	HistocapHISSP1014_2	4645864	4655024	color=b3b1b2
HistomissSECH81_2	5381813	5390897	HistocapHISSP1014_2	5775347	5784519	color=b3b1b2
HistomissSECH81_2	1801795	1810823	HistocapHISSP1014_2	1892854	1901810	color=b3b1b2
HistomissSECH81_2	1721327	1730292	HistocapHISSP1014_2	1822638	1831534	color=b3b1b2
HistomissSECH81_2	1705540	1714499	HistocapHISSP1014_2	1807421	1816387	color=b3b1b2
HistomissSECH81_2	4872897	4881856	HistocapHISSP1014_2	5251462	5260384	color=b3b1b2
HistomissSECH81_2	2403800	2412713	HistocapHISSP1014_2	2481167	2490072	color=b3b1b2
HistomissSECH81_2	1226078	1234973	HistocapHISSP1014_2	1334737	1343685	color=b3b1b2
HistomissSECH81_2	734860	743754	HistocapHISSP1014_2	825594	834502	color=b3b1b2
HistomissSECH81_2	1869372	1878250	HistocapHISSP1014_2	1970362	1979333	color=b3b1b2
HistomissSECH81_2	4197457	4206318	HistocapHISSP1014_2	4530220	4539160	color=b3b1b2
HistomissSECH81_2	3490197	3499057	HistocapHISSP1014_2	3676962	3685867	color=b3b1b2
HistomissSECH81_2	5077181	5085976	HistocapHISSP1014_2	5489962	5498796	color=b3b1b2
HistomissSECH81_2	50063	58843	HistocapHISSP1014_2	53867	62711	color=b3b1b2
HistomissSECH81_2	4419389	4428141	HistocapHISSP1014_2	4729457	4738246	color=b3b1b2
HistomissSECH81_2	371365	379996	HistocapHISSP1014_2	337901	346363	color=b3b1b2
HistomissSECH81_2	1376453	1385042	HistocapHISSP1014_2	1463139	1471836	color=b3b1b2
HistomissSECH81_2	4141310	4149895	HistocapHISSP1014_2	4388819	4397470	color=b3b1b2
HistomissSECH81_2	1410489	1419049	HistocapHISSP1014_2	1497352	1505903	color=b3b1b2
HistomissSECH81_2	1395258	1403741	HistocapHISSP1014_2	1482208	1490715	color=b3b1b2
HistomissSECH81_2	1089148	1097583	HistocapHISSP1014_2	1196912	1205384	color=b3b1b2
HistomissSECH81_2	693714	702142	HistocapHISSP1014_2	783420	791849	color=b3b1b2
HistomissSECH81_2	1602923	1611275	HistocapHISSP1014_2	1718918	1727309	color=b3b1b2
HistomissSECH81_2	1478598	1486921	HistocapHISSP1014_2	1565476	1573822	color=b3b1b2
HistomissSECH81_2	362564	370837	HistocapHISSP1014_2	329698	337853	color=b3b1b2
HistomissSECH81_2	2380994	2389255	HistocapHISSP1014_2	2448666	2456972	color=b3b1b2
HistomissSECH81_2	2641607	2649868	HistocapHISSP1014_2	2793740	2802023	color=b3b1b2
HistomissSECH81_2	4164351	4172612	HistocapHISSP1014_2	4439933	4448307	color=b3b1b2
HistomissSECH81_2	4009828	4018008	HistocapHISSP1014_2	4217679	4225838	color=b3b1b2
HistomissSECH81_2	5278109	5286248	HistocapHISSP1014_2	5654820	5662859	color=b3b1b2
HistomissSECH81_2	1777108	1785245	HistocapHISSP1014_2	1867408	1875563	color=b3b1b2
HistomissSECH81_2	380007	388142	HistocapHISSP1014_2	346545	354772	color=b3b1b2
HistomissSECH81_2	4377510	4385620	HistocapHISSP1014_2	4697951	4705978	color=b3b1b2
HistomissSECH81_2	4181173	4189277	HistocapHISSP1014_2	4448296	4456409	color=b3b1b2
HistomissSECH81_2	5014687	5022779	HistocapHISSP1014_2	5433169	5441174	color=b3b1b2
HistomissSECH81_2	3087047	3095116	HistocapHISSP1014_2	3196234	3204269	color=b3b1b2
HistomissSECH81_2	2313818	2321883	HistocapHISSP1014_2	2378995	2387060	color=b3b1b2
HistomissSECH81_2	199679	207686	HistocapHISSP1014_2	194678	202664	color=b3b1b2
HistomissSECH81_2	4826682	4834612	HistocapHISSP1014_2	5206517	5214485	color=b3b1b2
HistomissSECH81_2	3384872	3392779	HistocapHISSP1014_2	3559030	3566925	color=b3b1b2
HistomissSECH81_2	2968309	2976206	HistocapHISSP1014_2	3073920	3081803	color=b3b1b2
HistomissSECH81_2	1250441	1258310	HistocapHISSP1014_2	1359388	1367289	color=b3b1b2
HistomissSECH81_2	313314	321069	HistocapHISSP1014_2	285740	293580	color=b3b1b2
HistomissSECH81_2	3115409	3123150	HistocapHISSP1014_2	3269197	3276717	color=b3b1b2
HistomissSECH81_2	2359436	2367175	HistocapHISSP1014_2	2427146	2434889	color=b3b1b2
HistomissSECH81_2	2670328	2677983	HistocapHISSP1014_2	2818846	2826484	color=b3b1b2
HistomissSECH81_2	1503934	1511545	HistocapHISSP1014_2	1585386	1593052	color=b3b1b2
HistomissSECH81_2	2564112	2571711	HistocapHISSP1014_2	2714532	2722095	color=b3b1b2
HistomissSECH81_2	4472041	4479624	HistocapHISSP1014_2	4813357	4820970	color=b3b1b2
HistomissSECH81_2	2584229	2591732	HistocapHISSP1014_2	2734569	2742181	color=b3b1b2
HistomissSECH81_2	5358068	5365555	HistocapHISSP1014_2	5750014	5757465	color=b3b1b2
HistomissSECH81_2	2271770	2279252	HistocapHISSP1014_2	2339929	2347490	color=b3b1b2
HistomissSECH81_2	3356376	3363854	HistocapHISSP1014_2	3518724	3526204	color=b3b1b2
HistomissSECH81_2	4443719	4451168	HistocapHISSP1014_2	4754853	4762241	color=b3b1b2
HistomissSECH81_2	2326803	2334224	HistocapHISSP1014_2	2392192	2399550	color=b3b1b2
HistomissSECH81_2	5107734	5115135	HistocapHISSP1014_2	5521494	5528911	color=b3b1b2
HistomissSECH81_2	1169019	1176324	HistocapHISSP1014_2	1254133	1261541	color=b3b1b2
HistomissSECH81_2	3613059	3620363	HistocapHISSP1014_2	3825336	3832692	color=b3b1b2
HistomissSECH81_2	2123838	2131094	HistocapHISSP1014_2	2220622	2227883	color=b3b1b2
HistomissSECH81_2	3728519	3735718	HistocapHISSP1014_2	3936510	3943812	color=b3b1b2
HistomissSECH81_2	3972376	3979541	HistocapHISSP1014_2	4178802	4186001	color=b3b1b2
HistomissSECH81_2	4673060	4680186	HistocapHISSP1014_2	5012473	5019569	color=b3b1b2
HistomissSECH81_2	556270	563322	HistocapHISSP1014_2	590825	597939	color=b3b1b2
HistomissSECH81_2	1686731	1693766	HistocapHISSP1014_2	1792498	1799579	color=b3b1b2
HistomissSECH81_2	1021927	1028955	HistocapHISSP1014_2	1135584	1142603	color=b3b1b2
HistomissSECH81_2	639143	646169	HistocapHISSP1014_2	694810	701934	color=b3b1b2
HistomissSECH81_2	1619538	1626547	HistocapHISSP1014_2	1731191	1738214	color=b3b1b2
HistomissSECH81_2	2684465	2691473	HistocapHISSP1014_2	2833754	2840779	color=b3b1b2
HistomissSECH81_2	3472421	3479418	HistocapHISSP1014_2	3658247	3665391	color=b3b1b2
HistomissSECH81_2	4926093	4933088	HistocapHISSP1014_2	5302980	5309914	color=b3b1b2
HistomissSECH81_2	2164860	2171848	HistocapHISSP1014_2	2255521	2262614	color=b3b1b2
HistomissSECH81_2	3900054	3907020	HistocapHISSP1014_2	4026727	4033708	color=b3b1b2
HistomissSECH81_2	486875	493829	HistocapHISSP1014_2	430426	437445	color=b3b1b2
HistomissSECH81_2	4656757	4663697	HistocapHISSP1014_2	4999828	5006865	color=b3b1b2
HistomissSECH81_2	3074958	3081869	HistocapHISSP1014_2	3184082	3191029	color=b3b1b2
HistomissSECH81_2	979459	986349	HistocapHISSP1014_2	1093811	1100631	color=b3b1b2
HistomissSECH81_2	4098795	4105680	HistocapHISSP1014_2	4334610	4341534	color=b3b1b2
HistomissSECH81_2	2150577	2157432	HistocapHISSP1014_2	2238141	2245053	color=b3b1b2
HistomissSECH81_2	3566469	3573303	HistocapHISSP1014_2	3755095	3761909	color=b3b1b2
HistomissSECH81_2	3318330	3325127	HistocapHISSP1014_2	3483826	3490670	color=b3b1b2
HistomissSECH81_2	3706618	3713380	HistocapHISSP1014_2	3917659	3924401	color=b3b1b2
HistomissSECH81_2	4860023	4866773	HistocapHISSP1014_2	5238872	5245608	color=b3b1b2
HistomissSECH81_2	39593	46338	HistocapHISSP1014_2	43729	50578	color=b3b1b2
HistomissSECH81_2	441462	448192	HistocapHISSP1014_2	384308	391011	color=b3b1b2
HistomissSECH81_2	1949261	1955989	HistocapHISSP1014_2	2049715	2056447	color=b3b1b2
HistomissSECH81_2	2960341	2967035	HistocapHISSP1014_2	3065940	3072667	color=b3b1b2
HistomissSECH81_2	5138296	5144989	HistocapHISSP1014_2	5557051	5563746	color=b3b1b2
HistomissSECH81_2	68638	75299	HistocapHISSP1014_2	71293	77981	color=b3b1b2
HistomissSECH81_2	1770318	1776977	HistocapHISSP1014_2	1860657	1867282	color=b3b1b2
HistomissSECH81_2	1917396	1924043	HistocapHISSP1014_2	2018143	2024891	color=b3b1b2
HistomissSECH81_2	1676405	1683030	HistocapHISSP1014_2	1781925	1788717	color=b3b1b2
HistomissSECH81_2	274400	281011	HistocapHISSP1014_2	260862	267470	color=b3b1b2
HistomissSECH81_2	617157	623740	HistocapHISSP1014_2	672701	679305	color=b3b1b2
HistomissSECH81_2	4837315	4843878	HistocapHISSP1014_2	5217154	5223736	color=b3b1b2
HistomissSECH81_2	1757157	1763704	HistocapHISSP1014_2	1847732	1854301	color=b3b1b2
HistomissSECH81_2	3339709	3346255	HistocapHISSP1014_2	3505661	3512207	color=b3b1b2
HistomissSECH81_2	3873873	3880416	HistocapHISSP1014_2	4000790	4007298	color=b3b1b2
HistomissSECH81_2	770691	777219	HistocapHISSP1014_2	861747	868260	color=b3b1b2
HistomissSECH81_2	935243	941741	HistocapHISSP1014_2	1054011	1060490	color=b3b1b2
HistomissSECH81_2	4559701	4566191	HistocapHISSP1014_2	4897692	4904161	color=b3b1b2
HistomissSECH81_2	704651	711106	HistocapHISSP1014_2	794542	801005	color=b3b1b2
HistomissSECH81_2	1746461	1752875	HistocapHISSP1014_2	1836678	1843108	color=b3b1b2
HistomissSECH81_2	1632193	1638599	HistocapHISSP1014_2	1744237	1750721	color=b3b1b2
HistomissSECH81_2	4767659	4774042	HistocapHISSP1014_2	5135707	5142060	color=b3b1b2
HistomissSECH81_2	928782	935136	HistocapHISSP1014_2	1047459	1053910	color=b3b1b2
HistomissSECH81_2	1437636	1443974	HistocapHISSP1014_2	1524449	1530743	color=b3b1b2
HistomissSECH81_2	4034028	4040319	HistocapHISSP1014_2	4241214	4247470	color=b3b1b2
HistomissSECH81_2	216289	222539	HistocapHISSP1014_2	210778	216930	color=b3b1b2
HistomissSECH81_2	2739566	2745778	HistocapHISSP1014_2	2864604	2870831	color=b3b1b2
HistomissSECH81_2	4587877	4594086	HistocapHISSP1014_2	4929804	4936038	color=b3b1b2
HistomissSECH81_2	3234126	3240324	HistocapHISSP1014_2	3389005	3395108	color=b3b1b2
HistomissSECH81_2	3292634	3298832	HistocapHISSP1014_2	3448854	3454984	color=b3b1b2
HistomissSECH81_2	3149372	3155564	HistocapHISSP1014_2	3304067	3310200	color=b3b1b2
HistomissSECH81_2	1670032	1676221	HistocapHISSP1014_2	1775594	1781819	color=b3b1b2
HistomissSECH81_2	885869	892053	HistocapHISSP1014_2	945035	951246	color=b3b1b2
HistomissSECH81_2	4392796	4398969	HistocapHISSP1014_2	4712950	4719203	color=b3b1b2
HistomissSECH81_2	2858466	2864619	HistocapHISSP1014_2	2926839	2932971	color=b3b1b2
HistomissSECH81_2	2290805	2296956	HistocapHISSP1014_2	2355514	2361717	color=b3b1b2
HistomissSECH81_2	5048235	5054335	HistocapHISSP1014_2	5461719	5467856	color=b3b1b2
HistomissSECH81_2	2087402	2093484	HistocapHISSP1014_2	2185802	2191913	color=b3b1b2
HistomissSECH81_2	504202	510268	HistocapHISSP1014_2	538148	544344	color=b3b1b2
HistomissSECH81_2	1541512	1547559	HistocapHISSP1014_2	1645820	1651815	color=b3b1b2
HistomissSECH81_2	2796570	2802594	HistocapHISSP1014_2	2904424	2910445	color=b3b1b2
HistomissSECH81_2	4347957	4353958	HistocapHISSP1014_2	4663442	4669469	color=b3b1b2
HistomissSECH81_2	1793463	1799451	HistocapHISSP1014_2	1883971	1889978	color=b3b1b2
HistomissSECH81_2	2029561	2035540	HistocapHISSP1014_2	2120964	2126937	color=b3b1b2
HistomissSECH81_2	163503	169478	HistocapHISSP1014_2	162026	168076	color=b3b1b2
HistomissSECH81_2	5124902	5130856	HistocapHISSP1014_2	5543554	5549546	color=b3b1b2
HistomissSECH81_2	1204649	1210602	HistocapHISSP1014_2	1313049	1319035	color=b3b1b2
HistomissSECH81_2	1937655	1943597	HistocapHISSP1014_2	2038459	2044480	color=b3b1b2
HistomissSECH81_2	1591180	1597108	HistocapHISSP1014_2	1700352	1706285	color=b3b1b2
HistomissSECH81_2	655887	661804	HistocapHISSP1014_2	711406	717382	color=b3b1b2
HistomissSECH81_2	1367077	1372978	HistocapHISSP1014_2	1453608	1459542	color=b3b1b2
HistomissSECH81_2	2008931	2014801	HistocapHISSP1014_2	2100671	2106563	color=b3b1b2
HistomissSECH81_2	2939433	2945275	HistocapHISSP1014_2	3046425	3052320	color=b3b1b2
HistomissSECH81_2	5068227	5074051	HistocapHISSP1014_2	5481705	5487469	color=b3b1b2
HistomissSECH81_2	2625321	2631110	HistocapHISSP1014_2	2775021	2780833	color=b3b1b2
HistomissSECH81_2	3259939	3265726	HistocapHISSP1014_2	3411823	3417566	color=b3b1b2
HistomissSECH81_2	4699429	4705202	HistocapHISSP1014_2	5036440	5042211	color=b3b1b2
HistomissSECH81_2	4124532	4130280	HistocapHISSP1014_2	4360075	4365809	color=b3b1b2
HistomissSECH81_2	4520502	4526249	HistocapHISSP1014_2	4863200	4868930	color=b3b1b2
HistomissSECH81_2	3915990	3921730	HistocapHISSP1014_2	4122187	4127935	color=b3b1b2
HistomissSECH81_2	2808594	2814304	HistocapHISSP1014_2	2944287	2938567	color=b3b1b2
HistomissSECH81_2	3197792	3203502	HistocapHISSP1014_2	3352386	3358038	color=b3b1b2
HistomissSECH81_2	3941895	3947591	HistocapHISSP1014_2	4147067	4152858	color=b3b1b2
HistomissSECH81_2	4532360	4538029	HistocapHISSP1014_2	4870865	4876534	color=b3b1b2
HistomissSECH81_2	3867938	3873593	HistocapHISSP1014_2	4021446	4015720	color=b3b1b2
HistomissSECH81_2	4090493	4096136	HistocapHISSP1014_2	4326145	4331720	color=b3b1b2
HistomissSECH81_2	4018217	4023856	HistocapHISSP1014_2	4226080	4231743	color=b3b1b2
HistomissSECH81_2	303965	309594	HistocapHISSP1014_2	279169	284747	color=b3b1b2
HistomissSECH81_2	4065726	4071343	HistocapHISSP1014_2	4279706	4285296	color=b3b1b2
HistomissSECH81_2	724556	730173	HistocapHISSP1014_2	815128	820734	color=b3b1b2
HistomissSECH81_2	4546490	4552102	HistocapHISSP1014_2	4884798	4890395	color=b3b1b2
HistomissSECH81_2	5022788	5028381	HistocapHISSP1014_2	5441275	5446795	color=b3b1b2
HistomissSECH81_2	5035468	5041014	HistocapHISSP1014_2	5453958	5459528	color=b3b1b2
HistomissSECH81_2	14651	20152	HistocapHISSP1014_2	20838	26294	color=b3b1b2
HistomissSECH81_2	2118042	2123532	HistocapHISSP1014_2	2215119	2220596	color=b3b1b2
HistomissSECH81_2	2525743	2531231	HistocapHISSP1014_2	2639695	2645226	color=b3b1b2
HistomissSECH81_2	5001334	5006808	HistocapHISSP1014_2	5397809	5403338	color=b3b1b2
HistomissSECH81_2	2558408	2563861	HistocapHISSP1014_2	2673063	2678514	color=b3b1b2
HistomissSECH81_2	646590	652041	HistocapHISSP1014_2	702170	707627	color=b3b1b2
HistomissSECH81_2	2304621	2310032	HistocapHISSP1014_2	2369097	2374513	color=b3b1b2
HistomissSECH81_2	253233	258643	HistocapHISSP1014_2	239443	244890	color=b3b1b2
HistomissSECH81_2	4491158	4496566	HistocapHISSP1014_2	4833128	4838512	color=b3b1b2
HistomissSECH81_2	4398971	4404359	HistocapHISSP1014_2	4719354	4724740	color=b3b1b2
HistomissSECH81_2	4084777	4090160	HistocapHISSP1014_2	4320138	4325571	color=b3b1b2
HistomissSECH81_2	1115324	1120705	HistocapHISSP1014_2	1222942	1228389	color=b3b1b2
HistomissSECH81_2	661963	667333	HistocapHISSP1014_2	717483	722838	color=b3b1b2
HistomissSECH81_2	80323	85686	HistocapHISSP1014_2	79624	84933	color=b3b1b2
HistomissSECH81_2	4866907	4872258	HistocapHISSP1014_2	5245608	5250946	color=b3b1b2
HistomissSECH81_2	403609	408933	HistocapHISSP1014_2	370005	375294	color=b3b1b2
HistomissSECH81_2	2699387	2704710	HistocapHISSP1014_2	2848806	2854056	color=b3b1b2
HistomissSECH81_2	410483	415803	HistocapHISSP1014_2	376677	381923	color=b3b1b2
HistomissSECH81_2	4458756	4464070	HistocapHISSP1014_2	4769106	4774466	color=b3b1b2
HistomissSECH81_2	207686	212994	HistocapHISSP1014_2	202791	208099	color=b3b1b2
HistomissSECH81_2	1532884	1538176	HistocapHISSP1014_2	1636880	1642173	color=b3b1b2
HistomissSECH81_2	142672	147908	HistocapHISSP1014_2	141251	146480	color=b3b1b2
HistomissSECH81_2	5131169	5136392	HistocapHISSP1014_2	5549844	5555099	color=b3b1b2
HistomissSECH81_2	3677700	3682919	HistocapHISSP1014_2	3890579	3895813	color=b3b1b2
HistomissSECH81_2	1827768	1832986	HistocapHISSP1014_2	1917771	1922960	color=b3b1b2
HistomissSECH81_2	548926	554131	HistocapHISSP1014_2	579808	584986	color=b3b1b2
HistomissSECH81_2	2803330	2808533	HistocapHISSP1014_2	2949574	2944388	color=b3b1b2
HistomissSECH81_2	4916345	4921548	HistocapHISSP1014_2	5293223	5298458	color=b3b1b2
HistomissSECH81_2	4910903	4916104	HistocapHISSP1014_2	5287769	5292984	color=b3b1b2
HistomissSECH81_2	3621479	3626646	HistocapHISSP1014_2	3833318	3838555	color=b3b1b2
HistomissSECH81_2	860190	865346	HistocapHISSP1014_2	921847	926979	color=b3b1b2
HistomissSECH81_2	3271974	3277114	HistocapHISSP1014_2	3428426	3433558	color=b3b1b2
HistomissSECH81_2	3745762	3750897	HistocapHISSP1014_2	3952600	3957710	color=b3b1b2
HistomissSECH81_2	354592	359715	HistocapHISSP1014_2	321347	326497	color=b3b1b2
HistomissSECH81_2	5420511	5425627	HistocapHISSP1014_2	5811901	5817069	color=b3b1b2
HistomissSECH81_2	34481	39593	HistocapHISSP1014_2	38343	43466	color=b3b1b2
HistomissSECH81_2	2593816	2598923	HistocapHISSP1014_2	2743739	2748875	color=b3b1b2
HistomissSECH81_2	4025165	4030255	HistocapHISSP1014_2	4233270	4238351	color=b3b1b2
HistomissSECH81_2	4664633	4669711	HistocapHISSP1014_2	5007297	5012384	color=b3b1b2
HistomissSECH81_2	2905826	2910893	HistocapHISSP1014_2	2986448	2991535	color=b3b1b2
HistomissSECH81_2	1052338	1057403	HistocapHISSP1014_2	1162983	1168181	color=b3b1b2
HistomissSECH81_2	4949667	4954731	HistocapHISSP1014_2	5324715	5329781	color=b3b1b2
HistomissSECH81_2	4847646	4852671	HistocapHISSP1014_2	5227424	5232422	color=b3b1b2
HistomissSECH81_2	1486955	1491974	HistocapHISSP1014_2	564834	569890	color=b3b1b2
HistomissSECH81_2	1879170	1884183	HistocapHISSP1014_2	1980570	1985502	color=b3b1b2
HistomissSECH81_2	876192	881182	HistocapHISSP1014_2	934339	939345	color=b3b1b2
HistomissSECH81_2	2945307	2950240	HistocapHISSP1014_2	3052506	3057411	color=b3b1b2
HistomissSECH81_2	5345971	5350888	HistocapHISSP1014_2	5738102	5742983	color=b3b1b2
HistomissSECH81_2	2137573	2142418	HistocapHISSP1014_2	2230752	2235626	color=b3b1b2
HistomissSECH81_2	3718841	3723659	HistocapHISSP1014_2	3929088	3933910	color=b3b1b2
HistomissSECH81_2	1187480	1192292	HistocapHISSP1014_2	1272727	1277476	color=b3b1b2
HistomissSECH81_2	1559405	1564205	HistocapHISSP1014_2	1663870	1668686	color=b3b1b2
HistomissSECH81_2	4134826	4139619	HistocapHISSP1014_2	4370767	4375534	color=b3b1b2
HistomissSECH81_2	3885888	3890674	HistocapHISSP1014_2	4011016	4015719	color=b3b1b2
HistomissSECH81_2	60731	65513	HistocapHISSP1014_2	63180	67976	color=b3b1b2
HistomissSECH81_2	4782177	4786952	HistocapHISSP1014_2	5150262	5154962	color=b3b1b2
HistomissSECH81_2	777221	781990	HistocapHISSP1014_2	868363	873115	color=b3b1b2
HistomissSECH81_2	2864626	2869385	HistocapHISSP1014_2	2933099	2937856	color=b3b1b2
HistomissSECH81_2	5215719	5220465	HistocapHISSP1014_2	5586614	5591331	color=b3b1b2
HistomissSECH81_2	4812315	4817058	HistocapHISSP1014_2	5183973	5188708	color=b3b1b2
HistomissSECH81_2	241476	246218	HistocapHISSP1014_2	2997642	2992846	color=b3b1b2
HistomissSECH81_2	3375625	3380364	HistocapHISSP1014_2	3550000	3554760	color=b3b1b2
HistomissSECH81_2	3930222	3934927	HistocapHISSP1014_2	4135658	4140315	color=b3b1b2
HistomissSECH81_2	4314777	4319444	HistocapHISSP1014_2	4634283	4638961	color=b3b1b2
HistomissSECH81_2	1851939	1856602	HistocapHISSP1014_2	1952760	1957446	color=b3b1b2
HistomissSECH81_2	3908331	3912980	HistocapHISSP1014_2	4034978	4039634	color=b3b1b2
HistomissSECH81_2	2420740	2425358	HistocapHISSP1014_2	2499338	2503928	color=b3b1b2
HistomissSECH81_2	4001912	4006530	HistocapHISSP1014_2	4207831	4212425	color=b3b1b2
HistomissSECH81_2	3631115	3635728	HistocapHISSP1014_2	3843040	3847648	color=b3b1b2
HistomissSECH81_2	1080909	1085500	HistocapHISSP1014_2	1188185	1192745	color=b3b1b2
HistomissSECH81_2	762819	767389	HistocapHISSP1014_2	855261	859851	color=b3b1b2
HistomissSECH81_2	5403625	5408193	HistocapHISSP1014_2	5795396	5800005	color=b3b1b2
HistomissSECH81_2	602549	607110	HistocapHISSP1014_2	632761	637259	color=b3b1b2
HistomissSECH81_2	4386934	4391494	HistocapHISSP1014_2	4707161	4711730	color=b3b1b2
HistomissSECH81_2	5435322	5439881	HistocapHISSP1014_2	5825623	5830206	color=b3b1b2
HistomissSECH81_2	3058309	3062854	HistocapHISSP1014_2	3167012	3171557	color=b3b1b2
HistomissSECH81_2	2792046	2796570	HistocapHISSP1014_2	2899741	2904303	color=b3b1b2
HistomissSECH81_2	3096043	3100563	HistocapHISSP1014_2	3209343	3204775	color=b3b1b2
HistomissSECH81_2	3895537	3900052	HistocapHISSP1014_2	4022065	4026583	color=b3b1b2
HistomissSECH81_2	20154	24646	HistocapHISSP1014_2	26412	30991	color=b3b1b2
HistomissSECH81_2	3980073	3984564	HistocapHISSP1014_2	4186475	4191038	color=b3b1b2
HistomissSECH81_2	1651888	1656370	HistocapHISSP1014_2	1757358	1761872	color=b3b1b2
HistomissSECH81_2	3423773	3428241	HistocapHISSP1014_2	3600886	3605353	color=b3b1b2
HistomissSECH81_2	2501724	2506174	HistocapHISSP1014_2	2613714	2618146	color=b3b1b2
HistomissSECH81_2	682042	686492	HistocapHISSP1014_2	808433	803963	color=b3b1b2
HistomissSECH81_2	1847526	1851948	HistocapHISSP1014_2	1948087	1952435	color=b3b1b2
HistomissSECH81_2	1660368	1664765	HistocapHISSP1014_2	1766017	1770340	color=b3b1b2
HistomissSECH81_2	4942029	4946415	HistocapHISSP1014_2	5317137	5321535	color=b3b1b2
HistomissSECH81_2	3267587	3271971	HistocapHISSP1014_2	3423742	3428307	color=b3b1b2
HistomissSECH81_2	4051104	4055488	HistocapHISSP1014_2	4260758	4265188	color=b3b1b2
HistomissSECH81_2	4883113	4887474	HistocapHISSP1014_2	5260785	5265198	color=b3b1b2
HistomissSECH81_2	4794792	4799150	HistocapHISSP1014_2	5163198	5167593	color=b3b1b2
HistomissSECH81_2	4887926	4892273	HistocapHISSP1014_2	5265457	5269812	color=b3b1b2
HistomissSECH81_2	5120375	5124722	HistocapHISSP1014_2	5538636	5542985	color=b3b1b2
HistomissSECH81_2	4539991	4544335	HistocapHISSP1014_2	4878394	4882733	color=b3b1b2
HistomissSECH81_2	4237375	4241702	HistocapHISSP1014_2	4573475	4577845	color=b3b1b2
HistomissSECH81_2	744283	748606	HistocapHISSP1014_2	836510	840795	color=b3b1b2
HistomissSECH81_2	4802941	4807262	HistocapHISSP1014_2	5171965	5176277	color=b3b1b2
HistomissSECH81_2	1664766	1669080	HistocapHISSP1014_2	1770785	1775077	color=b3b1b2
HistomissSECH81_2	4130516	4134825	HistocapHISSP1014_2	4366356	4370663	color=b3b1b2
HistomissSECH81_2	4486308	4490609	HistocapHISSP1014_2	4828629	4833015	color=b3b1b2
HistomissSECH81_2	1960293	1964593	HistocapHISSP1014_2	2060701	2064992	color=b3b1b2
HistomissSECH81_2	453242	457542	HistocapHISSP1014_2	396992	401315	color=b3b1b2
HistomissSECH81_2	607209	611502	HistocapHISSP1014_2	637364	641586	color=b3b1b2
HistomissSECH81_2	3626654	3630939	HistocapHISSP1014_2	3838659	3842939	color=b3b1b2
HistomissSECH81_2	3307481	3311761	HistocapHISSP1014_2	3472888	3477164	color=b3b1b2
HistomissSECH81_2	4230293	4234539	HistocapHISSP1014_2	4566337	4570588	color=b3b1b2
HistomissSECH81_2	2267369	2271598	HistocapHISSP1014_2	2333655	2337922	color=b3b1b2
HistomissSECH81_2	3954838	3959060	HistocapHISSP1014_2	4160660	4164905	color=b3b1b2
HistomissSECH81_2	1422344	1426559	HistocapHISSP1014_2	1508696	1512865	color=b3b1b2
HistomissSECH81_2	4709659	4713856	HistocapHISSP1014_2	5047218	5051408	color=b3b1b2
HistomissSECH81_2	3922408	3926601	HistocapHISSP1014_2	4128090	4132244	color=b3b1b2
HistomissSECH81_2	5408294	5412485	HistocapHISSP1014_2	5799951	5804140	color=b3b1b2
HistomissSECH81_2	2399376	2403557	HistocapHISSP1014_2	2476889	2481041	color=b3b1b2
HistomissSECH81_2	2322453	2326625	HistocapHISSP1014_2	2387776	2392009	color=b3b1b2
HistomissSECH81_2	2345719	2349877	HistocapHISSP1014_2	2411520	2415677	color=b3b1b2
HistomissSECH81_2	1586931	1591081	HistocapHISSP1014_2	1694144	1698309	color=b3b1b2
HistomissSECH81_2	4191986	4196131	HistocapHISSP1014_2	4461452	4465599	color=b3b1b2
HistomissSECH81_2	4077298	4081441	HistocapHISSP1014_2	4294222	4298366	color=b3b1b2
HistomissSECH81_2	670418	674514	HistocapHISSP1014_2	765215	769361	color=b3b1b2
HistomissSECH81_2	5338941	5343036	HistocapHISSP1014_2	5730710	5734805	color=b3b1b2
HistomissSECH81_2	2678086	2682168	HistocapHISSP1014_2	2826789	2830856	color=b3b1b2
HistomissSECH81_2	1582697	1586774	HistocapHISSP1014_2	1689839	1693966	color=b3b1b2
HistomissSECH81_2	2573715	2577777	HistocapHISSP1014_2	2723819	2727836	color=b3b1b2
HistomissSECH81_2	2531310	2535370	HistocapHISSP1014_2	2645666	2649712	color=b3b1b2
HistomissSECH81_2	2632308	2636368	HistocapHISSP1014_2	2782227	2786307	color=b3b1b2
HistomissSECH81_2	3713380	3717436	HistocapHISSP1014_2	3924511	3928552	color=b3b1b2
HistomissSECH81_2	532068	536122	HistocapHISSP1014_2	571783	575779	color=b3b1b2
HistomissSECH81_2	169717	173768	HistocapHISSP1014_2	168101	172172	color=b3b1b2
HistomissSECH81_2	5086054	5090091	HistocapHISSP1014_2	5498898	5502938	color=b3b1b2
HistomissSECH81_2	4777929	4781963	HistocapHISSP1014_2	5145590	5149615	color=b3b1b2
HistomissSECH81_2	5413757	5417755	HistocapHISSP1014_2	5805077	5809104	color=b3b1b2
HistomissSECH81_2	4583861	4587857	HistocapHISSP1014_2	4925708	4929703	color=b3b1b2
HistomissSECH81_2	3107465	3111458	HistocapHISSP1014_2	3217456	3221526	color=b3b1b2
HistomissSECH81_2	4854038	4858029	HistocapHISSP1014_2	5232684	5236658	color=b3b1b2
HistomissSECH81_2	3450863	3454846	HistocapHISSP1014_2	3640022	3643883	color=b3b1b2
HistomissSECH81_2	1359069	1363044	HistocapHISSP1014_2	3527991	3531952	color=b3b1b2
HistomissSECH81_2	2430460	2434422	HistocapHISSP1014_2	2508295	2512244	color=b3b1b2
HistomissSECH81_2	3464487	3468439	HistocapHISSP1014_2	3650211	3654198	color=b3b1b2
HistomissSECH81_2	3609105	3613057	HistocapHISSP1014_2	3821254	3825220	color=b3b1b2
HistomissSECH81_2	2286806	2290755	HistocapHISSP1014_2	2351443	2355413	color=b3b1b2
HistomissSECH81_2	2760212	2764154	HistocapHISSP1014_2	2884617	2888522	color=b3b1b2
HistomissSECH81_2	5230793	5234734	HistocapHISSP1014_2	5599859	5603749	color=b3b1b2
HistomissSECH81_2	4497602	4501532	HistocapHISSP1014_2	4840189	4844136	color=b3b1b2
HistomissSECH81_2	2096726	2100653	HistocapHISSP1014_2	2195059	2198989	color=b3b1b2
HistomissSECH81_2	2695463	2699385	HistocapHISSP1014_2	2844856	2848700	color=b3b1b2
HistomissSECH81_2	4933528	4937445	HistocapHISSP1014_2	5310314	5314222	color=b3b1b2
HistomissSECH81_2	3950956	3954843	HistocapHISSP1014_2	4156734	4160573	color=b3b1b2
HistomissSECH81_2	4046453	4050324	HistocapHISSP1014_2	4253632	4257493	color=b3b1b2
HistomissSECH81_2	4297318	4301177	HistocapHISSP1014_2	4617126	4621003	color=b3b1b2
HistomissSECH81_2	4732534	4736388	HistocapHISSP1014_2	5064067	5067934	color=b3b1b2
HistomissSECH81_2	674498	678341	HistocapHISSP1014_2	769462	773326	color=b3b1b2
HistomissSECH81_2	1788150	1791992	HistocapHISSP1014_2	1878415	1882244	color=b3b1b2
HistomissSECH81_2	2475258	2479085	HistocapHISSP1014_2	2588927	2592733	color=b3b1b2
HistomissSECH81_2	536123	539948	HistocapHISSP1014_2	575889	579732	color=b3b1b2
HistomissSECH81_2	4990915	4994733	HistocapHISSP1014_2	5386793	5390614	color=b3b1b2
HistomissSECH81_2	2637657	2641474	HistocapHISSP1014_2	2789639	2793487	color=b3b1b2
HistomissSECH81_2	3229860	3233667	HistocapHISSP1014_2	3385094	3388901	color=b3b1b2
HistomissSECH81_2	3176324	3180106	HistocapHISSP1014_2	3329723	3333527	color=b3b1b2
HistomissSECH81_2	3831654	3835420	HistocapHISSP1014_2	3965175	3968881	color=b3b1b2
HistomissSECH81_2	2599731	2603488	HistocapHISSP1014_2	2749367	2753151	color=b3b1b2
HistomissSECH81_2	4727568	4731324	HistocapHISSP1014_2	5059403	5063157	color=b3b1b2
HistomissSECH81_2	5273779	5277534	HistocapHISSP1014_2	5650486	5654261	color=b3b1b2
HistomissSECH81_2	91154	94897	HistocapHISSP1014_2	89829	93558	color=b3b1b2
HistomissSECH81_2	2110925	2114663	HistocapHISSP1014_2	2208547	2212271	color=b3b1b2
HistomissSECH81_2	3848461	3852198	HistocapHISSP1014_2	3979842	3983560	color=b3b1b2
HistomissSECH81_2	1062809	1066540	HistocapHISSP1014_2	1170119	1173805	color=b3b1b2
HistomissSECH81_2	4553968	4557698	HistocapHISSP1014_2	4892211	4895848	color=b3b1b2
HistomissSECH81_2	5392252	5395977	HistocapHISSP1014_2	5786155	5789734	color=b3b1b2
HistomissSECH81_2	4569592	4573298	HistocapHISSP1014_2	4907650	4911349	color=b3b1b2
HistomissSECH81_2	756695	760400	HistocapHISSP1014_2	849023	852746	color=b3b1b2
HistomissSECH81_2	3635721	3639422	HistocapHISSP1014_2	3847749	3851488	color=b3b1b2
HistomissSECH81_2	1498597	1502290	HistocapHISSP1014_2	1579481	1583273	color=b3b1b2
HistomissSECH81_2	5240838	5244529	HistocapHISSP1014_2	5629673	5633383	color=b3b1b2
HistomissSECH81_2	3559666	3563335	HistocapHISSP1014_2	3748032	3751723	color=b3b1b2
HistomissSECH81_2	3468490	3472157	HistocapHISSP1014_2	3654383	3657986	color=b3b1b2
HistomissSECH81_2	3684083	3687737	HistocapHISSP1014_2	3896311	3899999	color=b3b1b2
HistomissSECH81_2	612139	615785	HistocapHISSP1014_2	641882	645452	color=b3b1b2
HistomissSECH81_2	4962	8592	HistocapHISSP1014_2	16541	20186	color=b3b1b2
HistomissSECH81_2	249490	253118	HistocapHISSP1014_2	235793	239435	color=b3b1b2
HistomissSECH81_2	4799217	4802844	HistocapHISSP1014_2	5167702	5171305	color=b3b1b2
HistomissSECH81_2	652248	655866	HistocapHISSP1014_2	707642	711217	color=b3b1b2
HistomissSECH81_2	395865	399476	HistocapHISSP1014_2	361909	365549	color=b3b1b2
HistomissSECH81_2	493822	497430	HistocapHISSP1014_2	437546	441159	color=b3b1b2
HistomissSECH81_2	4430066	4433669	HistocapHISSP1014_2	4741075	4744686	color=b3b1b2
HistomissSECH81_2	5115917	5119516	HistocapHISSP1014_2	5534095	5537602	color=b3b1b2
HistomissSECH81_2	3439354	3442951	HistocapHISSP1014_2	3616868	3620505	color=b3b1b2
HistomissSECH81_2	1693792	1697377	HistocapHISSP1014_2	1800711	1804304	color=b3b1b2
HistomissSECH81_2	2933745	2937328	HistocapHISSP1014_2	3041055	3044642	color=b3b1b2
HistomissSECH81_2	181878	185460	HistocapHISSP1014_2	177380	180975	color=b3b1b2
HistomissSECH81_2	1683189	1686770	HistocapHISSP1014_2	1788721	1792345	color=b3b1b2
HistomissSECH81_2	3214616	3218194	HistocapHISSP1014_2	3369753	3373445	color=b3b1b2
HistomissSECH81_2	4073423	4076982	HistocapHISSP1014_2	4287271	4290824	color=b3b1b2
HistomissSECH81_2	3937831	3941389	HistocapHISSP1014_2	4143108	4146586	color=b3b1b2
HistomissSECH81_2	483283	486832	HistocapHISSP1014_2	426765	430321	color=b3b1b2
HistomissSECH81_2	1994809	1998353	HistocapHISSP1014_2	2096086	2099628	color=b3b1b2
HistomissSECH81_2	5030059	5033595	HistocapHISSP1014_2	5448559	5452122	color=b3b1b2
HistomissSECH81_2	4843870	4847405	HistocapHISSP1014_2	5223837	5227370	color=b3b1b2
HistomissSECH81_2	4691595	4695116	HistocapHISSP1014_2	5030729	5034218	color=b3b1b2
HistomissSECH81_2	999177	1002698	HistocapHISSP1014_2	1113041	1116600	color=b3b1b2
HistomissSECH81_2	2183249	2186762	HistocapHISSP1014_2	2277904	2281420	color=b3b1b2
HistomissSECH81_2	690089	693594	HistocapHISSP1014_2	779916	783415	color=b3b1b2
HistomissSECH81_2	3187799	3191298	HistocapHISSP1014_2	3341603	3345149	color=b3b1b2
HistomissSECH81_2	5350888	5354383	HistocapHISSP1014_2	5743098	5746603	color=b3b1b2
HistomissSECH81_2	3843927	3847404	HistocapHISSP1014_2	3972844	3976328	color=b3b1b2
HistomissSECH81_2	2342273	2345719	HistocapHISSP1014_2	2407961	2411406	color=b3b1b2
HistomissSECH81_2	1021	4466	HistocapHISSP1014_2	944	4386	color=b3b1b2
HistomissSECH81_2	577396	580820	HistocapHISSP1014_2	612593	616016	color=b3b1b2
HistomissSECH81_2	2172238	2175658	HistocapHISSP1014_2	2262900	2266334	color=b3b1b2
HistomissSECH81_2	1068052	1071471	HistocapHISSP1014_2	1175504	1178944	color=b3b1b2
HistomissSECH81_2	3835607	3839014	HistocapHISSP1014_2	3969189	3972486	color=b3b1b2
HistomissSECH81_2	5427891	5431293	HistocapHISSP1014_2	5819155	5822552	color=b3b1b2
HistomissSECH81_2	3223634	3227024	HistocapHISSP1014_2	3379087	3382475	color=b3b1b2
HistomissSECH81_2	5268186	5271571	HistocapHISSP1014_2	5644580	5648008	color=b3b1b2
HistomissSECH81_2	87538	90914	HistocapHISSP1014_2	86441	89809	color=b3b1b2
HistomissSECH81_2	3880416	3883772	HistocapHISSP1014_2	4007399	4010768	color=b3b1b2
HistomissSECH81_2	3674140	3677487	HistocapHISSP1014_2	3886895	3890239	color=b3b1b2
HistomissSECH81_2	4266686	4270030	HistocapHISSP1014_2	4602623	4605945	color=b3b1b2
HistomissSECH81_2	3670593	3673924	HistocapHISSP1014_2	3883468	3886764	color=b3b1b2
HistomissSECH81_2	2350233	2353548	HistocapHISSP1014_2	2417589	2420916	color=b3b1b2
HistomissSECH81_2	1222777	1226078	HistocapHISSP1014_2	1331358	1334622	color=b3b1b2
HistomissSECH81_2	3313293	3316583	HistocapHISSP1014_2	3478693	3481983	color=b3b1b2
HistomissSECH81_2	4374151	4377420	HistocapHISSP1014_2	4694661	4697949	color=b3b1b2
HistomissSECH81_2	3526842	3530080	HistocapHISSP1014_2	3713496	3716688	color=b3b1b2
HistomissSECH81_2	3573430	3576656	HistocapHISSP1014_2	3761918	3765176	color=b3b1b2
HistomissSECH81_2	3993208	3996431	HistocapHISSP1014_2	4199270	4202418	color=b3b1b2
HistomissSECH81_2	4998115	5001329	HistocapHISSP1014_2	5394541	5397745	color=b3b1b2
HistomissSECH81_2	1495236	1498447	HistocapHISSP1014_2	1576107	1579380	color=b3b1b2
HistomissSECH81_2	3597870	3601068	HistocapHISSP1014_2	3814485	3817685	color=b3b1b2
HistomissSECH81_2	3192516	3195702	HistocapHISSP1014_2	3346945	3350132	color=b3b1b2
HistomissSECH81_2	3392789	3395956	HistocapHISSP1014_2	3568266	3571478	color=b3b1b2
HistomissSECH81_2	4566499	4569661	HistocapHISSP1014_2	4904266	4907549	color=b3b1b2
HistomissSECH81_2	3969068	3972229	HistocapHISSP1014_2	4171011	4174212	color=b3b1b2
HistomissSECH81_2	1752878	1756038	HistocapHISSP1014_2	1843214	1846337	color=b3b1b2
HistomissSECH81_2	881775	884925	HistocapHISSP1014_2	940741	943922	color=b3b1b2
HistomissSECH81_2	1428985	1432131	HistocapHISSP1014_2	1515497	1518676	color=b3b1b2
HistomissSECH81_2	258643	261789	HistocapHISSP1014_2	245005	248149	color=b3b1b2
HistomissSECH81_2	119581	122709	HistocapHISSP1014_2	115477	118608	color=b3b1b2
HistomissSECH81_2	2258922	2262048	HistocapHISSP1014_2	2328959	2332089	color=b3b1b2
HistomissSECH81_2	2976215	2979338	HistocapHISSP1014_2	3081952	3085081	color=b3b1b2
HistomissSECH81_2	4042958	4046081	HistocapHISSP1014_2	4249960	4253099	color=b3b1b2
HistomissSECH81_2	1599654	1602776	HistocapHISSP1014_2	1715845	1718924	color=b3b1b2
HistomissSECH81_2	2337054	2340173	HistocapHISSP1014_2	2402679	2405774	color=b3b1b2
HistomissSECH81_2	3182825	3185941	HistocapHISSP1014_2	3336358	3339502	color=b3b1b2
HistomissSECH81_2	1263933	1267045	HistocapHISSP1014_2	1373641	1376720	color=b3b1b2
HistomissSECH81_2	269119	272228	HistocapHISSP1014_2	256231	259222	color=b3b1b2
HistomissSECH81_2	65513	68618	HistocapHISSP1014_2	68068	71186	color=b3b1b2
HistomissSECH81_2	4946569	4949660	HistocapHISSP1014_2	5321535	5324608	color=b3b1b2
HistomissSECH81_2	112074	115152	HistocapHISSP1014_2	108089	111205	color=b3b1b2
HistomissSECH81_2	343399	346467	HistocapHISSP1014_2	310173	313247	color=b3b1b2
HistomissSECH81_2	4154785	4157842	HistocapHISSP1014_2	4401572	4404596	color=b3b1b2
HistomissSECH81_2	246387	249435	HistocapHISSP1014_2	231683	234747	color=b3b1b2
HistomissSECH81_2	4308178	4311219	HistocapHISSP1014_2	4627671	4630722	color=b3b1b2
HistomissSECH81_2	29487	32523	HistocapHISSP1014_2	33341	36381	color=b3b1b2
HistomissSECH81_2	2622072	2625105	HistocapHISSP1014_2	2771833	2774874	color=b3b1b2
HistomissSECH81_2	3381542	3384566	HistocapHISSP1014_2	3555842	3558826	color=b3b1b2
HistomissSECH81_2	5310557	5313570	HistocapHISSP1014_2	5698848	5701894	color=b3b1b2
HistomissSECH81_2	3827188	3830200	HistocapHISSP1014_2	3960155	3963108	color=b3b1b2
HistomissSECH81_2	2299266	2302277	HistocapHISSP1014_2	2364173	2367177	color=b3b1b2
HistomissSECH81_2	1839569	1842571	HistocapHISSP1014_2	1939575	1942511	color=b3b1b2
HistomissSECH81_2	3203533	3206533	HistocapHISSP1014_2	3358206	3361266	color=b3b1b2
HistomissSECH81_2	3325129	3328129	HistocapHISSP1014_2	3491721	3494697	color=b3b1b2
HistomissSECH81_2	4222338	4225337	HistocapHISSP1014_2	4557176	4560214	color=b3b1b2
HistomissSECH81_2	109074	112072	HistocapHISSP1014_2	105031	107983	color=b3b1b2
HistomissSECH81_2	265993	268990	HistocapHISSP1014_2	253040	256071	color=b3b1b2
HistomissSECH81_2	1071478	1074469	HistocapHISSP1014_2	1179049	1181956	color=b3b1b2
HistomissSECH81_2	3277190	3280180	HistocapHISSP1014_2	3433664	3436609	color=b3b1b2
HistomissSECH81_2	4455737	4458715	HistocapHISSP1014_2	4765980	4768995	color=b3b1b2
HistomissSECH81_2	2310226	2313170	HistocapHISSP1014_2	2374498	2377443	color=b3b1b2
HistomissSECH81_2	1564415	1567346	HistocapHISSP1014_2	1668674	1671653	color=b3b1b2
HistomissSECH81_2	1200226	1203147	HistocapHISSP1014_2	1308327	1311276	color=b3b1b2
HistomissSECH81_2	3299013	3301917	HistocapHISSP1014_2	3455718	3458609	color=b3b1b2
HistomissSECH81_2	2817376	2820269	HistocapHISSP1014_2	2913400	2916331	color=b3b1b2
HistomissSECH81_2	5224684	5227572	HistocapHISSP1014_2	5595443	5598258	color=b3b1b2
HistomissSECH81_2	1763764	1766651	HistocapHISSP1014_2	1854402	1857279	color=b3b1b2
HistomissSECH81_2	5234835	5237719	HistocapHISSP1014_2	5622160	5625061	color=b3b1b2
HistomissSECH81_2	2579969	2582851	HistocapHISSP1014_2	2730250	2733127	color=b3b1b2
HistomissSECH81_2	5378279	5381157	HistocapHISSP1014_2	5770566	5773448	color=b3b1b2
HistomissSECH81_2	584472	587342	HistocapHISSP1014_2	620031	622901	color=b3b1b2
HistomissSECH81_2	3082037	3084895	HistocapHISSP1014_2	3191204	3193995	color=b3b1b2
HistomissSECH81_2	1364229	1367081	HistocapHISSP1014_2	1447508	1450313	color=b3b1b2
HistomissSECH81_2	941839	944689	HistocapHISSP1014_2	1060823	1063686	color=b3b1b2
HistomissSECH81_2	1351680	1354507	HistocapHISSP1014_2	1441177	1444007	color=b3b1b2
HistomissSECH81_2	4937489	4940311	HistocapHISSP1014_2	5314323	5317142	color=b3b1b2
HistomissSECH81_2	1857402	1860223	HistocapHISSP1014_2	1958102	1960929	color=b3b1b2
HistomissSECH81_2	4482114	4484931	HistocapHISSP1014_2	4824294	4827145	color=b3b1b2
HistomissSECH81_2	714349	717149	HistocapHISSP1014_2	801042	803839	color=b3b1b2
HistomissSECH81_2	5343047	5345831	HistocapHISSP1014_2	5734919	5737670	color=b3b1b2
HistomissSECH81_2	1291236	1294018	HistocapHISSP1014_2	1380818	1383614	color=b3b1b2
HistomissSECH81_2	2180487	2183247	HistocapHISSP1014_2	2275049	2277796	color=b3b1b2
HistomissSECH81_2	5221760	5224514	HistocapHISSP1014_2	5592697	5595442	color=b3b1b2
HistomissSECH81_2	2913482	2916232	HistocapHISSP1014_2	3005412	3008106	color=b3b1b2
HistomissSECH81_2	1785417	1788165	HistocapHISSP1014_2	1875563	1878314	color=b3b1b2
HistomissSECH81_2	2769992	2772732	HistocapHISSP1014_2	2889982	2892700	color=b3b1b2
HistomissSECH81_2	3053145	3055883	HistocapHISSP1014_2	3160398	3163108	color=b3b1b2
HistomissSECH81_2	1943752	1946488	HistocapHISSP1014_2	2044503	2047235	color=b3b1b2
HistomissSECH81_2	2982484	2985213	HistocapHISSP1014_2	3089779	3092506	color=b3b1b2
HistomissSECH81_2	1294068	1296793	HistocapHISSP1014_2	1383717	1386507	color=b3b1b2
HistomissSECH81_2	581253	583963	HistocapHISSP1014_2	616955	619654	color=b3b1b2
HistomissSECH81_2	5237941	5240644	HistocapHISSP1014_2	5625060	5627763	color=b3b1b2
HistomissSECH81_2	393136	395835	HistocapHISSP1014_2	359169	361808	color=b3b1b2
HistomissSECH81_2	1075047	1077743	HistocapHISSP1014_2	1182849	1185499	color=b3b1b2
HistomissSECH81_2	3220856	3223549	HistocapHISSP1014_2	3376447	3379092	color=b3b1b2
HistomissSECH81_2	4954749	4957442	HistocapHISSP1014_2	5329888	5332583	color=b3b1b2
HistomissSECH81_2	4304524	4307212	HistocapHISSP1014_2	4623684	4626364	color=b3b1b2
HistomissSECH81_2	3588216	3590903	HistocapHISSP1014_2	3805139	3807847	color=b3b1b2
HistomissSECH81_2	3935146	3937829	HistocapHISSP1014_2	4140305	4142972	color=b3b1b2
HistomissSECH81_2	4921772	4924453	HistocapHISSP1014_2	5298537	5301190	color=b3b1b2
HistomissSECH81_2	4234699	4237375	HistocapHISSP1014_2	4570698	4573365	color=b3b1b2
HistomissSECH81_2	4791195	4793870	HistocapHISSP1014_2	5159539	5162223	color=b3b1b2
HistomissSECH81_2	2106066	2108732	HistocapHISSP1014_2	2203674	2206347	color=b3b1b2
HistomissSECH81_2	3591744	3594405	HistocapHISSP1014_2	3808609	3811330	color=b3b1b2
HistomissSECH81_2	5417856	5420509	HistocapHISSP1014_2	5809050	5811719	color=b3b1b2
HistomissSECH81_2	3735858	3738506	HistocapHISSP1014_2	3943861	3946516	color=b3b1b2
HistomissSECH81_2	3742805	3745449	HistocapHISSP1014_2	3949842	3952474	color=b3b1b2
HistomissSECH81_2	2870428	2873055	HistocapHISSP1014_2	2949980	2952559	color=b3b1b2
HistomissSECH81_2	2102636	2105258	HistocapHISSP1014_2	2200044	2202717	color=b3b1b2
HistomissSECH81_2	1260050	1262669	HistocapHISSP1014_2	1369363	1371978	color=b3b1b2
HistomissSECH81_2	2389265	2391880	HistocapHISSP1014_2	2457074	2459594	color=b3b1b2
HistomissSECH81_2	389918	392518	HistocapHISSP1014_2	355270	357888	color=b3b1b2
HistomissSECH81_2	233630	236216	HistocapHISSP1014_2	229187	231689	color=b3b1b2
HistomissSECH81_2	730900	733479	HistocapHISSP1014_2	821623	824201	color=b3b1b2
HistomissSECH81_2	3336030	3338608	HistocapHISSP1014_2	3503108	3505662	color=b3b1b2
HistomissSECH81_2	5366181	5368754	HistocapHISSP1014_2	5758231	5760876	color=b3b1b2
HistomissSECH81_2	238781	241347	HistocapHISSP1014_2	3000245	2997658	color=b3b1b2
HistomissSECH81_2	3302348	3304910	HistocapHISSP1014_2	3467565	3470159	color=b3b1b2
HistomissSECH81_2	2093643	2096201	HistocapHISSP1014_2	2191912	2194527	color=b3b1b2
HistomissSECH81_2	4301320	4303871	HistocapHISSP1014_2	4621094	4623683	color=b3b1b2
HistomissSECH81_2	4834769	4837315	HistocapHISSP1014_2	5214487	5217039	color=b3b1b2
HistomissSECH81_2	4106789	4109334	HistocapHISSP1014_2	4343193	4345776	color=b3b1b2
HistomissSECH81_2	3642864	3645381	HistocapHISSP1014_2	3855953	3858495	color=b3b1b2
HistomissSECH81_2	3926761	3929268	HistocapHISSP1014_2	4132256	4134798	color=b3b1b2
HistomissSECH81_2	2080434	2082929	HistocapHISSP1014_2	2172238	2174754	color=b3b1b2
HistomissSECH81_2	3180334	3182828	HistocapHISSP1014_2	3333675	3336165	color=b3b1b2
HistomissSECH81_2	702177	704652	HistocapHISSP1014_2	791950	794441	color=b3b1b2
HistomissSECH81_2	1738282	1740754	HistocapHISSP1014_2	5585299	5582814	color=b3b1b2
HistomissSECH81_2	1946636	1949102	HistocapHISSP1014_2	2047245	2049712	color=b3b1b2
HistomissSECH81_2	3594566	3597030	HistocapHISSP1014_2	3811330	3813810	color=b3b1b2
HistomissSECH81_2	213663	216122	HistocapHISSP1014_2	208247	210771	color=b3b1b2
HistomissSECH81_2	1732009	1734463	HistocapHISSP1014_2	1832849	1835365	color=b3b1b2
HistomissSECH81_2	1884595	1887041	HistocapHISSP1014_2	1985496	1987878	color=b3b1b2
HistomissSECH81_2	460399	462836	HistocapHISSP1014_2	403899	406313	color=b3b1b2
HistomissSECH81_2	4817086	4819499	HistocapHISSP1014_2	5193893	5196311	color=b3b1b2
HistomissSECH81_2	1016497	1018890	HistocapHISSP1014_2	1129998	1132384	color=b3b1b2
HistomissSECH81_2	4006724	4009112	HistocapHISSP1014_2	4212434	4214768	color=b3b1b2
HistomissSECH81_2	1419339	1421722	HistocapHISSP1014_2	1506017	1508378	color=b3b1b2
HistomissSECH81_2	261829	264209	HistocapHISSP1014_2	248343	250719	color=b3b1b2
HistomissSECH81_2	2692784	2695159	HistocapHISSP1014_2	2842257	2844600	color=b3b1b2
HistomissSECH81_2	3255394	3257760	HistocapHISSP1014_2	3409401	3411824	color=b3b1b2
HistomissSECH81_2	3564102	3566465	HistocapHISSP1014_2	3752535	3754877	color=b3b1b2
HistomissSECH81_2	3448484	3450837	HistocapHISSP1014_2	3637571	3639921	color=b3b1b2
HistomissSECH81_2	4988404	4990745	HistocapHISSP1014_2	5384095	5386431	color=b3b1b2
HistomissSECH81_2	327354	329689	HistocapHISSP1014_2	300559	302884	color=b3b1b2
HistomissSECH81_2	350218	352549	HistocapHISSP1014_2	317019	319395	color=b3b1b2
HistomissSECH81_2	3999294	4001616	HistocapHISSP1014_2	4205237	4207547	color=b3b1b2
HistomissSECH81_2	3037206	3039524	HistocapHISSP1014_2	3144122	3146438	color=b3b1b2
HistomissSECH81_2	3207452	3209768	HistocapHISSP1014_2	3364777	3367103	color=b3b1b2
HistomissSECH81_2	869505	871817	HistocapHISSP1014_2	927783	930089	color=b3b1b2
HistomissSECH81_2	1957843	1960144	HistocapHISSP1014_2	2058352	2060642	color=b3b1b2
HistomissSECH81_2	3948477	3950777	HistocapHISSP1014_2	4154324	4156710	color=b3b1b2
HistomissSECH81_2	24869	27167	HistocapHISSP1014_2	30988	33291	color=b3b1b2
HistomissSECH81_2	2682170	2684464	HistocapHISSP1014_2	2830971	2833291	color=b3b1b2
HistomissSECH81_2	2979338	2981629	HistocapHISSP1014_2	3085185	3087470	color=b3b1b2
HistomissSECH81_2	5314551	5316841	HistocapHISSP1014_2	5703026	5705380	color=b3b1b2
HistomissSECH81_2	4824221	4826501	HistocapHISSP1014_2	5202742	5205039	color=b3b1b2
HistomissSECH81_2	5045324	5047601	HistocapHISSP1014_2	5459455	5461727	color=b3b1b2
HistomissSECH81_2	136492	138760	HistocapHISSP1014_2	135147	137413	color=b3b1b2
HistomissSECH81_2	47167	49430	HistocapHISSP1014_2	51631	53866	color=b3b1b2
HistomissSECH81_2	140107	142359	HistocapHISSP1014_2	139018	141252	color=b3b1b2
HistomissSECH81_2	1814992	1817227	HistocapHISSP1014_2	1904291	1906500	color=b3b1b2
HistomissSECH81_2	1354619	1356846	HistocapHISSP1014_2	1444001	1446210	color=b3b1b2
HistomissSECH81_2	2951206	2953433	HistocapHISSP1014_2	3058329	3060554	color=b3b1b2
HistomissSECH81_2	2296977	2299202	HistocapHISSP1014_2	2361818	2364056	color=b3b1b2
HistomissSECH81_2	1628194	1630413	HistocapHISSP1014_2	1740080	1742338	color=b3b1b2
HistomissSECH81_2	4217745	4219950	HistocapHISSP1014_2	4550173	4552405	color=b3b1b2
HistomissSECH81_2	5177964	5180168	HistocapHISSP1014_2	5577959	5575733	color=b3b1b2
HistomissSECH81_2	3100588	3102783	HistocapHISSP1014_2	3209821	3212019	color=b3b1b2
HistomissSECH81_2	4219949	4222140	HistocapHISSP1014_2	4554919	4557177	color=b3b1b2
HistomissSECH81_2	2577777	2579967	HistocapHISSP1014_2	2727951	2730137	color=b3b1b2
HistomissSECH81_2	1715075	1717255	HistocapHISSP1014_2	1816384	1818587	color=b3b1b2
HistomissSECH81_2	1511542	1513716	HistocapHISSP1014_2	1593153	1595322	color=b3b1b2
HistomissSECH81_2	3966745	3968907	HistocapHISSP1014_2	4168807	4171011	color=b3b1b2
HistomissSECH81_2	3155840	3157997	HistocapHISSP1014_2	3310640	3312726	color=b3b1b2
HistomissSECH81_2	5074227	5076380	HistocapHISSP1014_2	5487598	5489757	color=b3b1b2
HistomissSECH81_2	4624177	4626326	HistocapHISSP1014_2	4966750	4968912	color=b3b1b2
HistomissSECH81_2	1346070	1348218	HistocapHISSP1014_2	1435723	1437907	color=b3b1b2
HistomissSECH81_2	2506192	2508336	HistocapHISSP1014_2	2618317	2620491	color=b3b1b2
HistomissSECH81_2	4189852	4191993	HistocapHISSP1014_2	4459218	4461351	color=b3b1b2
HistomissSECH81_2	2142437	2144575	HistocapHISSP1014_2	2235727	2237874	color=b3b1b2
HistomissSECH81_2	5181009	5183145	HistocapHISSP1014_2	5575733	5573593	color=b3b1b2
HistomissSECH81_2	1493054	1495180	HistocapHISSP1014_2	1573830	1576004	color=b3b1b2
HistomissSECH81_2	5375656	5377772	HistocapHISSP1014_2	5767756	5769875	color=b3b1b2
HistomissSECH81_2	687972	690085	HistocapHISSP1014_2	777676	779812	color=b3b1b2
HistomissSECH81_2	2925805	2927901	HistocapHISSP1014_2	3016333	3018496	color=b3b1b2
HistomissSECH81_2	1373134	1375217	HistocapHISSP1014_2	1459548	1461653	color=b3b1b2
HistomissSECH81_2	1435533	1437615	HistocapHISSP1014_2	1522085	1524207	color=b3b1b2
HistomissSECH81_2	4994729	4996809	HistocapHISSP1014_2	5390923	5393006	color=b3b1b2
HistomissSECH81_2	130671	132739	HistocapHISSP1014_2	126759	128759	color=b3b1b2
HistomissSECH81_2	5010150	5012212	HistocapHISSP1014_2	5429289	5431325	color=b3b1b2
HistomissSECH81_2	2393287	2395311	HistocapHISSP1014_2	2470753	2472769	color=b3b1b2
HistomissSECH81_2	3210290	3212309	HistocapHISSP1014_2	3367366	3369425	color=b3b1b2
HistomissSECH81_2	2035592	2037602	HistocapHISSP1014_2	2127154	2129168	color=b3b1b2
HistomissSECH81_2	3195704	3197714	HistocapHISSP1014_2	3350253	3352258	color=b3b1b2
HistomissSECH81_2	1032290	1034297	HistocapHISSP1014_2	1146646	1148652	color=b3b1b2
HistomissSECH81_2	3368884	3370890	HistocapHISSP1014_2	3538124	3540067	color=b3b1b2
HistomissSECH81_2	1717828	1719831	HistocapHISSP1014_2	1818701	1820687	color=b3b1b2
HistomissSECH81_2	760828	762826	HistocapHISSP1014_2	853169	855160	color=b3b1b2
HistomissSECH81_2	1843424	1845411	HistocapHISSP1014_2	1943447	1945455	color=b3b1b2
HistomissSECH81_2	2885149	2887130	HistocapHISSP1014_2	2965654	2967646	color=b3b1b2
HistomissSECH81_2	3461761	3463741	HistocapHISSP1014_2	3647364	3649431	color=b3b1b2
HistomissSECH81_2	2083037	2084997	HistocapHISSP1014_2	2183692	2185666	color=b3b1b2
HistomissSECH81_2	3330771	3332731	HistocapHISSP1014_2	3497501	3499449	color=b3b1b2
HistomissSECH81_2	2213792	2215750	HistocapHISSP1014_2	2301553	2303500	color=b3b1b2
HistomissSECH81_2	2653688	2655646	HistocapHISSP1014_2	2802022	2803993	color=b3b1b2
HistomissSECH81_2	5271563	5273517	HistocapHISSP1014_2	5648109	5650053	color=b3b1b2
HistomissSECH81_2	5288779	5290730	HistocapHISSP1014_2	5663495	5665453	color=b3b1b2
HistomissSECH81_2	2412704	2414651	HistocapHISSP1014_2	2490714	2492644	color=b3b1b2
HistomissSECH81_2	1348321	1350266	HistocapHISSP1014_2	1437909	1439856	color=b3b1b2
HistomissSECH81_2	325355	327287	HistocapHISSP1014_2	298507	300445	color=b3b1b2
HistomissSECH81_2	3513936	3515867	HistocapHISSP1014_2	3700808	3702739	color=b3b1b2
HistomissSECH81_2	322301	324217	HistocapHISSP1014_2	295246	297162	color=b3b1b2
HistomissSECH81_2	179007	180921	HistocapHISSP1014_2	174825	176722	color=b3b1b2
HistomissSECH81_2	2923830	2925730	HistocapHISSP1014_2	3014341	3016232	color=b3b1b2
HistomissSECH81_2	4110971	4112870	HistocapHISSP1014_2	4345768	4347659	color=b3b1b2
HistomissSECH81_2	439570	441457	HistocapHISSP1014_2	382245	384130	color=b3b1b2
HistomissSECH81_2	2758174	2760051	HistocapHISSP1014_2	2882731	2884615	color=b3b1b2
HistomissSECH81_2	4451369	4453245	HistocapHISSP1014_2	4762471	4764388	color=b3b1b2
HistomissSECH81_2	4157997	4159870	HistocapHISSP1014_2	4404840	4406726	color=b3b1b2
HistomissSECH81_2	4707785	4709657	HistocapHISSP1014_2	5045163	5047038	color=b3b1b2
HistomissSECH81_2	3984602	3986473	HistocapHISSP1014_2	4191139	4193004	color=b3b1b2
HistomissSECH81_2	449307	451164	HistocapHISSP1014_2	392647	394508	color=b3b1b2
HistomissSECH81_2	1580801	1582656	HistocapHISSP1014_2	1688006	1689855	color=b3b1b2
HistomissSECH81_2	4822272	4824120	HistocapHISSP1014_2	5200948	5202796	color=b3b1b2
HistomissSECH81_2	4226308	4228152	HistocapHISSP1014_2	4562353	4564200	color=b3b1b2
HistomissSECH81_2	1657240	1659082	HistocapHISSP1014_2	1762802	1764597	color=b3b1b2
HistomissSECH81_2	32649	34481	HistocapHISSP1014_2	36395	38234	color=b3b1b2
HistomissSECH81_2	352656	354475	HistocapHISSP1014_2	319496	321251	color=b3b1b2
HistomissSECH81_2	3959082	3960898	HistocapHISSP1014_2	4165062	4166902	color=b3b1b2
HistomissSECH81_2	4975130	4976929	HistocapHISSP1014_2	5350753	5352544	color=b3b1b2
HistomissSECH81_2	1768485	1770273	HistocapHISSP1014_2	1858718	1860556	color=b3b1b2
HistomissSECH81_2	3145030	3146817	HistocapHISSP1014_2	3300954	3302741	color=b3b1b2
HistomissSECH81_2	2334346	2336129	HistocapHISSP1014_2	2399560	2401343	color=b3b1b2
HistomissSECH81_2	4151265	4153033	HistocapHISSP1014_2	4398664	4400426	color=b3b1b2
HistomissSECH81_2	5090113	5091879	HistocapHISSP1014_2	5503039	5504779	color=b3b1b2
HistomissSECH81_2	3960920	3962685	HistocapHISSP1014_2	4167050	4168813	color=b3b1b2
HistomissSECH81_2	4071469	4073229	HistocapHISSP1014_2	4285463	4287228	color=b3b1b2
HistomissSECH81_2	4621822	4623575	HistocapHISSP1014_2	4964429	4966164	color=b3b1b2
HistomissSECH81_2	719581	721334	HistocapHISSP1014_2	809827	811584	color=b3b1b2
HistomissSECH81_2	464698	466450	HistocapHISSP1014_2	408021	409775	color=b3b1b2
HistomissSECH81_2	458358	460109	HistocapHISSP1014_2	401959	403691	color=b3b1b2
HistomissSECH81_2	4404374	4406119	HistocapHISSP1014_2	4724843	4726613	color=b3b1b2
HistomissSECH81_2	4357620	4359363	HistocapHISSP1014_2	4673009	4674752	color=b3b1b2
HistomissSECH81_2	2175867	2177602	HistocapHISSP1014_2	2266427	2268157	color=b3b1b2
HistomissSECH81_2	1030573	1032307	HistocapHISSP1014_2	1144804	1146545	color=b3b1b2
HistomissSECH81_2	5136545	5138276	HistocapHISSP1014_2	5555210	5556946	color=b3b1b2
HistomissSECH81_2	2116217	2117946	HistocapHISSP1014_2	2213303	2215018	color=b3b1b2
HistomissSECH81_2	1045534	1047260	HistocapHISSP1014_2	1160080	1161777	color=b3b1b2
HistomissSECH81_2	4160079	4161802	HistocapHISSP1014_2	4406873	4408627	color=b3b1b2
HistomissSECH81_2	3112845	3114563	HistocapHISSP1014_2	3227530	3229319	color=b3b1b2
HistomissSECH81_2	2417407	2419121	HistocapHISSP1014_2	2496895	2498602	color=b3b1b2
HistomissSECH81_2	4353976	4355685	HistocapHISSP1014_2	4669570	4671285	color=b3b1b2
HistomissSECH81_2	3328911	3330613	HistocapHISSP1014_2	3495748	3497500	color=b3b1b2
HistomissSECH81_2	1120853	1122550	HistocapHISSP1014_2	1228490	1230169	color=b3b1b2
HistomissSECH81_2	116944	118641	HistocapHISSP1014_2	113147	114882	color=b3b1b2
HistomissSECH81_2	3366217	3367910	HistocapHISSP1014_2	3535580	3537211	color=b3b1b2
HistomissSECH81_2	4161959	4163641	HistocapHISSP1014_2	4437429	4439113	color=b3b1b2
HistomissSECH81_2	4706055	4707733	HistocapHISSP1014_2	5043401	5045059	color=b3b1b2
HistomissSECH81_2	2937490	2939165	HistocapHISSP1014_2	3044649	3046324	color=b3b1b2
HistomissSECH81_2	115228	116902	HistocapHISSP1014_2	111309	112938	color=b3b1b2
HistomissSECH81_2	4557880	4559548	HistocapHISSP1014_2	4895856	4897542	color=b3b1b2
HistomissSECH81_2	1800115	1801774	HistocapHISSP1014_2	1889978	1891614	color=b3b1b2
HistomissSECH81_2	4544790	4546448	HistocapHISSP1014_2	4883025	4884694	color=b3b1b2
HistomissSECH81_2	4355952	4357606	HistocapHISSP1014_2	4671279	4672908	color=b3b1b2
HistomissSECH81_2	5033707	5035355	HistocapHISSP1014_2	5452299	5453943	color=b3b1b2
HistomissSECH81_2	3170184	3171821	HistocapHISSP1014_2	3323490	3325123	color=b3b1b2
HistomissSECH81_2	1113696	1115323	HistocapHISSP1014_2	1221197	1222822	color=b3b1b2
HistomissSECH81_2	3316703	3318329	HistocapHISSP1014_2	3482064	3483674	color=b3b1b2
HistomissSECH81_2	4406282	4407903	HistocapHISSP1014_2	4726607	4728245	color=b3b1b2
HistomissSECH81_2	1258429	1260048	HistocapHISSP1014_2	1367646	1369260	color=b3b1b2
HistomissSECH81_2	4081681	4083298	HistocapHISSP1014_2	4316888	4318511	color=b3b1b2
HistomissSECH81_2	1078997	1080613	HistocapHISSP1014_2	1186320	1187957	color=b3b1b2
HistomissSECH81_2	1641852	1643465	HistocapHISSP1014_2	1752816	1754447	color=b3b1b2
HistomissSECH81_2	1626562	1628173	HistocapHISSP1014_2	1738315	1739931	color=b3b1b2
HistomissSECH81_2	3228242	3229853	HistocapHISSP1014_2	3383384	3384993	color=b3b1b2
HistomissSECH81_2	721390	722999	HistocapHISSP1014_2	811709	813317	color=b3b1b2
HistomissSECH81_2	3265990	3267595	HistocapHISSP1014_2	3420439	3422081	color=b3b1b2
HistomissSECH81_2	3056043	3057644	HistocapHISSP1014_2	3163352	3164961	color=b3b1b2
HistomissSECH81_2	2357630	2359225	HistocapHISSP1014_2	2425417	2427012	color=b3b1b2
HistomissSECH81_2	1210748	1212338	HistocapHISSP1014_2	1319036	1320640	color=b3b1b2
HistomissSECH81_2	4342209	4343797	HistocapHISSP1014_2	4657123	4658692	color=b3b1b2
HistomissSECH81_2	4924503	4926091	HistocapHISSP1014_2	5301310	5302866	color=b3b1b2
HistomissSECH81_2	161420	163005	HistocapHISSP1014_2	160342	161925	color=b3b1b2
HistomissSECH81_2	4655012	4656590	HistocapHISSP1014_2	4998254	4999829	color=b3b1b2
HistomissSECH81_2	4713904	4715480	HistocapHISSP1014_2	5051509	5053080	color=b3b1b2
HistomissSECH81_2	3186105	3187680	HistocapHISSP1014_2	3339505	3341083	color=b3b1b2
HistomissSECH81_2	4530778	4532353	HistocapHISSP1014_2	4869118	4870693	color=b3b1b2
HistomissSECH81_2	3700879	3702452	HistocapHISSP1014_2	3913682	3915238	color=b3b1b2
HistomissSECH81_2	4346329	4347898	HistocapHISSP1014_2	4661644	4663316	color=b3b1b2
HistomissSECH81_2	4467355	4468917	HistocapHISSP1014_2	4777789	4779349	color=b3b1b2
HistomissSECH81_2	1097757	1099318	HistocapHISSP1014_2	1205397	1206936	color=b3b1b2
HistomissSECH81_2	462951	464511	HistocapHISSP1014_2	406319	407870	color=b3b1b2
HistomissSECH81_2	2996600	2998159	HistocapHISSP1014_2	3103736	3105313	color=b3b1b2
HistomissSECH81_2	1860260	1861812	HistocapHISSP1014_2	1961049	1962555	color=b3b1b2
HistomissSECH81_2	5028473	5030023	HistocapHISSP1014_2	5446898	5448458	color=b3b1b2
HistomissSECH81_2	2903766	2905312	HistocapHISSP1014_2	2984314	2985863	color=b3b1b2
HistomissSECH81_2	34473	36001	HistocapHISSP1014_2	38335	39864	color=b3b1b2
HistomissSECH81_2	1267292	1268817	HistocapHISSP1014_2	1376977	1378480	color=b3b1b2
HistomissSECH81_2	2027202	2028724	HistocapHISSP1014_2	2119145	2120679	color=b3b1b2
HistomissSECH81_2	2498291	2499813	HistocapHISSP1014_2	2612236	2613702	color=b3b1b2
HistomissSECH81_2	3085535	3087047	HistocapHISSP1014_2	3194609	3196121	color=b3b1b2
HistomissSECH81_2	3174210	3175720	HistocapHISSP1014_2	3328128	3329723	color=b3b1b2
HistomissSECH81_2	3123187	3124694	HistocapHISSP1014_2	3276818	3278321	color=b3b1b2
HistomissSECH81_2	4265129	4266633	HistocapHISSP1014_2	4601015	4602522	color=b3b1b2
HistomissSECH81_2	497437	498932	HistocapHISSP1014_2	441260	442773	color=b3b1b2
HistomissSECH81_2	5372710	5374205	HistocapHISSP1014_2	5764927	5766447	color=b3b1b2
HistomissSECH81_2	85812	87301	HistocapHISSP1014_2	84946	86445	color=b3b1b2
HistomissSECH81_2	4096138	4097621	HistocapHISSP1014_2	4331842	4333321	color=b3b1b2
HistomissSECH81_2	4083300	4084780	HistocapHISSP1014_2	4318612	4320097	color=b3b1b2
HistomissSECH81_2	498969	500446	HistocapHISSP1014_2	442876	444376	color=b3b1b2
HistomissSECH81_2	4344006	4345482	HistocapHISSP1014_2	4658793	4660258	color=b3b1b2
HistomissSECH81_2	723070	724541	HistocapHISSP1014_2	813550	815027	color=b3b1b2
HistomissSECH81_2	4819612	4821056	HistocapHISSP1014_2	5198272	5199721	color=b3b1b2
HistomissSECH81_2	1028985	1030423	HistocapHISSP1014_2	1142704	1144132	color=b3b1b2
HistomissSECH81_2	1792024	1793462	HistocapHISSP1014_2	1882389	1883812	color=b3b1b2
HistomissSECH81_2	1956087	1957519	HistocapHISSP1014_2	2056390	2057822	color=b3b1b2
HistomissSECH81_2	3460335	3461760	HistocapHISSP1014_2	3645785	3647253	color=b3b1b2
HistomissSECH81_2	2014806	2016225	HistocapHISSP1014_2	2106710	2108129	color=b3b1b2
HistomissSECH81_2	2927957	2929376	HistocapHISSP1014_2	3018597	3019994	color=b3b1b2
HistomissSECH81_2	1868004	1869389	HistocapHISSP1014_2	1968884	1970259	color=b3b1b2
HistomissSECH81_2	782615	784000	HistocapHISSP1014_2	874077	875458	color=b3b1b2
HistomissSECH81_2	2340379	2341740	HistocapHISSP1014_2	2405873	2407220	color=b3b1b2
HistomissSECH81_2	3351594	3352955	HistocapHISSP1014_2	3513281	3514671	color=b3b1b2
HistomissSECH81_2	686577	687938	HistocapHISSP1014_2	776208	777575	color=b3b1b2
HistomissSECH81_2	3171816	3173172	HistocapHISSP1014_2	3325980	3327341	color=b3b1b2
HistomissSECH81_2	5354541	5355889	HistocapHISSP1014_2	5746673	5748020	color=b3b1b2
HistomissSECH81_2	1289889	1291234	HistocapHISSP1014_2	1379361	1380698	color=b3b1b2
HistomissSECH81_2	5227677	5229021	HistocapHISSP1014_2	5598258	5599626	color=b3b1b2
HistomissSECH81_2	2953417	2954756	HistocapHISSP1014_2	3060655	3061954	color=b3b1b2
HistomissSECH81_2	2774582	2775912	HistocapHISSP1014_2	2894293	2895629	color=b3b1b2
HistomissSECH81_2	3105552	3106878	HistocapHISSP1014_2	3215520	3216858	color=b3b1b2
HistomissSECH81_2	554771	556096	HistocapHISSP1014_2	589369	590724	color=b3b1b2
HistomissSECH81_2	4996811	4998133	HistocapHISSP1014_2	5393125	5394440	color=b3b1b2
HistomissSECH81_2	4719332	4720651	HistocapHISSP1014_2	5057023	5058343	color=b3b1b2
HistomissSECH81_2	2998737	3000045	HistocapHISSP1014_2	3105320	3106623	color=b3b1b2
HistomissSECH81_2	4312525	4313833	HistocapHISSP1014_2	4631896	4633195	color=b3b1b2
HistomissSECH81_2	4538184	4539483	HistocapHISSP1014_2	4876613	4877959	color=b3b1b2
HistomissSECH81_2	1598203	1599495	HistocapHISSP1014_2	1714542	1715822	color=b3b1b2
HistomissSECH81_2	3035922	3037194	HistocapHISSP1014_2	3142765	3144021	color=b3b1b2
HistomissSECH81_2	1408693	1409959	HistocapHISSP1014_2	1495598	1496864	color=b3b1b2
HistomissSECH81_2	5432290	5433556	HistocapHISSP1014_2	5822786	5824051	color=b3b1b2
HistomissSECH81_2	1375146	1376406	HistocapHISSP1014_2	1461771	1462970	color=b3b1b2
HistomissSECH81_2	4810248	4811489	HistocapHISSP1014_2	5181703	5182953	color=b3b1b2
HistomissSECH81_2	122765	124000	HistocapHISSP1014_2	118709	119983	color=b3b1b2
HistomissSECH81_2	2691493	2692721	HistocapHISSP1014_2	2840944	2842156	color=b3b1b2
HistomissSECH81_2	3168840	3170060	HistocapHISSP1014_2	3322166	3323388	color=b3b1b2
HistomissSECH81_2	334561	335776	HistocapHISSP1014_2	304569	305794	color=b3b1b2
HistomissSECH81_2	3364899	3366104	HistocapHISSP1014_2	3534353	3535567	color=b3b1b2
HistomissSECH81_2	5309398	5310603	HistocapHISSP1014_2	5697527	5698704	color=b3b1b2
HistomissSECH81_2	321069	322271	HistocapHISSP1014_2	293690	294861	color=b3b1b2
HistomissSECH81_2	1659084	1660281	HistocapHISSP1014_2	1764706	1765916	color=b3b1b2
HistomissSECH81_2	302755	303952	HistocapHISSP1014_2	277878	279068	color=b3b1b2
HistomissSECH81_2	5374460	5375654	HistocapHISSP1014_2	5766443	5767650	color=b3b1b2
HistomissSECH81_2	2631134	2632323	HistocapHISSP1014_2	2780940	2782126	color=b3b1b2
HistomissSECH81_2	5434116	5435302	HistocapHISSP1014_2	5824046	5825250	color=b3b1b2
HistomissSECH81_2	4972824	4974009	HistocapHISSP1014_2	5348247	5349428	color=b3b1b2
HistomissSECH81_2	3191300	3192477	HistocapHISSP1014_2	3345495	3346674	color=b3b1b2
HistomissSECH81_2	4484934	4486111	HistocapHISSP1014_2	4827392	4828554	color=b3b1b2
HistomissSECH81_2	1650715	1651889	HistocapHISSP1014_2	1756160	1757295	color=b3b1b2
HistomissSECH81_2	4031554	4032723	HistocapHISSP1014_2	4239437	4240609	color=b3b1b2
HistomissSECH81_2	2816040	2817201	HistocapHISSP1014_2	2911956	2913121	color=b3b1b2
HistomissSECH81_2	2023249	2024407	HistocapHISSP1014_2	2115786	2116946	color=b3b1b2
HistomissSECH81_2	3725798	3726944	HistocapHISSP1014_2	3933909	3935051	color=b3b1b2
HistomissSECH81_2	1020776	1021906	HistocapHISSP1014_2	1134357	1135483	color=b3b1b2
HistomissSECH81_2	1845421	1846550	HistocapHISSP1014_2	1945680	1946810	color=b3b1b2
HistomissSECH81_2	4974009	4975128	HistocapHISSP1014_2	5349535	5350652	color=b3b1b2
HistomissSECH81_2	2535451	2536569	HistocapHISSP1014_2	2650110	2651230	color=b3b1b2
HistomissSECH81_2	3727229	3728335	HistocapHISSP1014_2	3935089	3936157	color=b3b1b2
HistomissSECH81_2	1756056	1757161	HistocapHISSP1014_2	1846438	1847536	color=b3b1b2
HistomissSECH81_2	4149898	4150999	HistocapHISSP1014_2	4397591	4398677	color=b3b1b2
HistomissSECH81_2	448198	449288	HistocapHISSP1014_2	391361	392434	color=b3b1b2
HistomissSECH81_2	3411563	3412648	HistocapHISSP1014_2	3588654	3589736	color=b3b1b2
HistomissSECH81_2	986507	987590	HistocapHISSP1014_2	1100658	1101738	color=b3b1b2
HistomissSECH81_2	1357783	1358859	HistocapHISSP1014_2	3526931	3527997	color=b3b1b2
HistomissSECH81_2	4858054	4859120	HistocapHISSP1014_2	5236803	5237866	color=b3b1b2
HistomissSECH81_2	5214611	5215677	HistocapHISSP1014_2	5585400	5586474	color=b3b1b2
HistomissSECH81_2	3907057	3908120	HistocapHISSP1014_2	4033817	4034883	color=b3b1b2
HistomissSECH81_2	4690272	4691333	HistocapHISSP1014_2	5029509	5030551	color=b3b1b2
HistomissSECH81_2	3352993	3354051	HistocapHISSP1014_2	3514778	3515828	color=b3b1b2
HistomissSECH81_2	4469286	4470344	HistocapHISSP1014_2	4779342	4780372	color=b3b1b2
HistomissSECH81_2	1363158	1364213	HistocapHISSP1014_2	1446325	1447378	color=b3b1b2
HistomissSECH81_2	718534	719585	HistocapHISSP1014_2	808498	809522	color=b3b1b2
HistomissSECH81_2	3479624	3480671	HistocapHISSP1014_2	3666593	3667644	color=b3b1b2
HistomissSECH81_2	858741	859786	HistocapHISSP1014_2	920697	921738	color=b3b1b2
HistomissSECH81_2	5308194	5309236	HistocapHISSP1014_2	5696475	5697527	color=b3b1b2
HistomissSECH81_2	3355309	3356346	HistocapHISSP1014_2	3517579	3518623	color=b3b1b2
HistomissSECH81_2	4821271	4822302	HistocapHISSP1014_2	5199822	5200847	color=b3b1b2
HistomissSECH81_2	2336045	2337052	HistocapHISSP1014_2	2401444	2402477	color=b3b1b2
HistomissSECH81_2	301620	302623	HistocapHISSP1014_2	276709	277731	color=b3b1b2
