HistocapES283Z_2	897557	930043	HistoohiSECH98_2	712391	744873	color=b3b1b2
HistocapES283Z_2	5318564	5345138	HistoohiSECH98_2	4989388	5016124	color=b3b1b2
HistocapES283Z_2	1479980	1504166	HistoohiSECH98_2	1280847	1304864	color=b3b1b2
HistocapES283Z_2	1089073	1113052	HistoohiSECH98_2	901118	925081	color=b3b1b2
HistocapES283Z_2	2897576	2920697	HistoohiSECH98_2	2607263	2630404	color=b3b1b2
HistocapES283Z_2	2787002	2809816	HistoohiSECH98_2	2496001	2518845	color=b3b1b2
HistocapES283Z_2	3438598	3461040	HistoohiSECH98_2	3260808	3283370	color=b3b1b2
HistocapES283Z_2	1675494	1697516	HistoohiSECH98_2	1447227	1469301	color=b3b1b2
HistocapES283Z_2	2701302	2722114	HistoohiSECH98_2	2407564	2428401	color=b3b1b2
HistocapES283Z_2	1290321	1310361	HistoohiSECH98_2	1086869	1106853	color=b3b1b2
HistocapES283Z_2	1536450	1556444	HistoohiSECH98_2	1338537	1358524	color=b3b1b2
HistocapES283Z_2	3943444	3962971	HistoohiSECH98_2	3671147	3690805	color=b3b1b2
HistocapES283Z_2	1399101	1418029	HistoohiSECH98_2	1197820	1216648	color=b3b1b2
HistocapES283Z_2	3994113	4012706	HistoohiSECH98_2	3723306	3741717	color=b3b1b2
HistocapES283Z_2	3308659	3327115	HistoohiSECH98_2	3189813	3208295	color=b3b1b2
HistocapES283Z_2	1342377	1360116	HistoohiSECH98_2	1139721	1157552	color=b3b1b2
HistocapES283Z_2	656035	673714	HistoohiSECH98_2	563666	581360	color=b3b1b2
HistocapES283Z_2	1310540	1327974	HistoohiSECH98_2	1106855	1124362	color=b3b1b2
HistocapES283Z_2	2385338	2401990	HistoohiSECH98_2	2170914	2187605	color=b3b1b2
HistocapES283Z_2	1010905	1027499	HistoohiSECH98_2	825708	842379	color=b3b1b2
HistocapES283Z_2	2369003	2385238	HistoohiSECH98_2	2154580	2170991	color=b3b1b2
HistocapES283Z_2	1043252	1059271	HistoohiSECH98_2	858008	874164	color=b3b1b2
HistocapES283Z_2	4634720	4650624	HistoohiSECH98_2	4378042	4393889	color=b3b1b2
HistocapES283Z_2	4955350	4971246	HistoohiSECH98_2	4719175	4735067	color=b3b1b2
HistocapES283Z_2	972651	988513	HistoohiSECH98_2	771186	787017	color=b3b1b2
HistocapES283Z_2	1702283	1718104	HistoohiSECH98_2	1474708	1490554	color=b3b1b2
HistocapES283Z_2	494630	510269	HistoohiSECH98_2	480126	495816	color=b3b1b2
HistocapES283Z_2	1233614	1249157	HistoohiSECH98_2	1027469	1043152	color=b3b1b2
HistocapES283Z_2	21710	36792	HistoohiSECH98_2	21617	36817	color=b3b1b2
HistocapES283Z_2	4055661	4070656	HistoohiSECH98_2	3787222	3802278	color=b3b1b2
HistocapES283Z_2	3633264	3648229	HistoohiSECH98_2	3462798	3477802	color=b3b1b2
HistocapES283Z_2	3788721	3803677	HistoohiSECH98_2	3589654	3604599	color=b3b1b2
HistocapES283Z_2	4485099	4499970	HistoohiSECH98_2	4238638	4253498	color=b3b1b2
HistocapES283Z_2	5223730	5238404	HistoohiSECH98_2	4916136	4930807	color=b3b1b2
HistocapES283Z_2	462156	476710	HistoohiSECH98_2	449047	463652	color=b3b1b2
HistocapES283Z_2	411276	425460	HistoohiSECH98_2	397167	411411	color=b3b1b2
HistocapES283Z_2	1384904	1398945	HistoohiSECH98_2	1183982	1197811	color=b3b1b2
HistocapES283Z_2	3769946	3783943	HistoohiSECH98_2	3566052	3580157	color=b3b1b2
HistocapES283Z_2	4999061	5013027	HistoohiSECH98_2	4749862	4764010	color=b3b1b2
HistocapES283Z_2	4375055	4388682	HistoohiSECH98_2	4128683	4142341	color=b3b1b2
HistocapES283Z_2	1588873	1602464	HistoohiSECH98_2	1391308	1404921	color=b3b1b2
HistocapES283Z_2	5380216	5393757	HistoohiSECH98_2	5051759	5065267	color=b3b1b2
HistocapES283Z_2	1794236	1807700	HistoohiSECH98_2	1575038	1588440	color=b3b1b2
HistocapES283Z_2	4274085	4287386	HistoohiSECH98_2	4064297	4077736	color=b3b1b2
HistocapES283Z_2	3043640	3056756	HistoohiSECH98_2	2791038	2804172	color=b3b1b2
HistocapES283Z_2	2330837	2343722	HistoohiSECH98_2	2117594	2130433	color=b3b1b2
HistocapES283Z_2	2655850	2668639	HistoohiSECH98_2	2244109	2256909	color=b3b1b2
HistocapES283Z_2	255385	267972	HistoohiSECH98_2	243982	256604	color=b3b1b2
HistocapES283Z_2	3889265	3901809	HistoohiSECH98_2	3619801	3632355	color=b3b1b2
HistocapES283Z_2	4659639	4672076	HistoohiSECH98_2	4405284	4417662	color=b3b1b2
HistocapES283Z_2	4472672	4485098	HistoohiSECH98_2	4226105	4238516	color=b3b1b2
HistocapES283Z_2	238013	250435	HistoohiSECH98_2	212238	224679	color=b3b1b2
HistocapES283Z_2	2135682	2148013	HistoohiSECH98_2	1972119	1984560	color=b3b1b2
HistocapES283Z_2	3650291	3662388	HistoohiSECH98_2	3479651	3491760	color=b3b1b2
HistocapES283Z_2	5062283	5074352	HistoohiSECH98_2	4819767	4831870	color=b3b1b2
HistocapES283Z_2	4785598	4797641	HistoohiSECH98_2	4479428	4491500	color=b3b1b2
HistocapES283Z_2	4943139	4955182	HistoohiSECH98_2	4625200	4637427	color=b3b1b2
HistocapES283Z_2	2669721	2681606	HistoohiSECH98_2	2319250	2331194	color=b3b1b2
HistocapES283Z_2	1442330	1454137	HistoohiSECH98_2	1242363	1254285	color=b3b1b2
HistocapES283Z_2	1212653	1224432	HistoohiSECH98_2	1004679	1016412	color=b3b1b2
HistocapES283Z_2	3530291	3542005	HistoohiSECH98_2	3351263	3362974	color=b3b1b2
HistocapES283Z_2	3191420	3203050	HistoohiSECH98_2	3091491	3102992	color=b3b1b2
HistocapES283Z_2	3119287	3130896	HistoohiSECH98_2	2987752	2999380	color=b3b1b2
HistocapES283Z_2	5273487	5285059	HistoohiSECH98_2	4934315	4945938	color=b3b1b2
HistocapES283Z_2	5078750	5090290	HistoohiSECH98_2	4836470	4848058	color=b3b1b2
HistocapES283Z_2	3713149	3724635	HistoohiSECH98_2	3526780	3538320	color=b3b1b2
HistocapES283Z_2	2870861	2882282	HistoohiSECH98_2	2546712	2558080	color=b3b1b2
HistocapES283Z_2	520313	531569	HistoohiSECH98_2	505502	516729	color=b3b1b2
HistocapES283Z_2	3369198	3380188	HistoohiSECH98_2	3244846	3255893	color=b3b1b2
HistocapES283Z_2	1603577	1614445	HistoohiSECH98_2	1404935	1415854	color=b3b1b2
HistocapES283Z_2	1818719	1829540	HistoohiSECH98_2	1598957	1609886	color=b3b1b2
HistocapES283Z_2	4520833	4531642	HistoohiSECH98_2	4276687	4287562	color=b3b1b2
HistocapES283Z_2	126740	137531	HistoohiSECH98_2	127332	138231	color=b3b1b2
HistocapES283Z_2	304427	315199	HistoohiSECH98_2	291482	302259	color=b3b1b2
HistocapES283Z_2	2931989	2942743	HistoohiSECH98_2	2639634	2650253	color=b3b1b2
HistocapES283Z_2	147178	157830	HistoohiSECH98_2	156481	167216	color=b3b1b2
HistocapES283Z_2	200620	211256	HistoohiSECH98_2	174877	185555	color=b3b1b2
HistocapES283Z_2	4309565	4320192	HistoohiSECH98_2	4099862	4110466	color=b3b1b2
HistocapES283Z_2	1131804	1142397	HistoohiSECH98_2	936350	946982	color=b3b1b2
HistocapES283Z_2	1263493	1274081	HistoohiSECH98_2	1056095	1066746	color=b3b1b2
HistocapES283Z_2	3287664	3298091	HistoohiSECH98_2	3171834	3182344	color=b3b1b2
HistocapES283Z_2	5201557	5211964	HistoohiSECH98_2	4893611	4903993	color=b3b1b2
HistocapES283Z_2	4541854	4551968	HistoohiSECH98_2	4298557	4308731	color=b3b1b2
HistocapES283Z_2	2263432	2273532	HistoohiSECH98_2	2050067	2060167	color=b3b1b2
HistocapES283Z_2	1808502	1818592	HistoohiSECH98_2	1588908	1598957	color=b3b1b2
HistocapES283Z_2	4612609	4622683	HistoohiSECH98_2	4354828	4364949	color=b3b1b2
HistocapES283Z_2	4045643	4055667	HistoohiSECH98_2	3773198	3783442	color=b3b1b2
HistocapES283Z_2	4293955	4303858	HistoohiSECH98_2	4084288	4094131	color=b3b1b2
HistocapES283Z_2	4320268	4330140	HistoohiSECH98_2	4110482	4120258	color=b3b1b2
HistocapES283Z_2	1418089	1427940	HistoohiSECH98_2	1216785	1226645	color=b3b1b2
HistocapES283Z_2	2243969	2253809	HistoohiSECH98_2	2030172	2040159	color=b3b1b2
HistocapES283Z_2	5362386	5372219	HistoohiSECH98_2	5033405	5043306	color=b3b1b2
HistocapES283Z_2	3694686	3704504	HistoohiSECH98_2	3508528	3518224	color=b3b1b2
HistocapES283Z_2	699208	709024	HistoohiSECH98_2	607764	617581	color=b3b1b2
HistocapES283Z_2	4672217	4681989	HistoohiSECH98_2	4417834	4427561	color=b3b1b2
HistocapES283Z_2	3134696	3144384	HistoohiSECH98_2	3003141	3012766	color=b3b1b2
HistocapES283Z_2	3616009	3625664	HistoohiSECH98_2	3437360	3447023	color=b3b1b2
HistocapES283Z_2	4133857	4143482	HistoohiSECH98_2	3862184	3871807	color=b3b1b2
HistocapES283Z_2	2300305	2309899	HistoohiSECH98_2	2085655	2095238	color=b3b1b2
HistocapES283Z_2	4602335	4611885	HistoohiSECH98_2	4344560	4354092	color=b3b1b2
HistocapES283Z_2	2746335	2755883	HistoohiSECH98_2	2453289	2462805	color=b3b1b2
HistocapES283Z_2	2071232	2080761	HistoohiSECH98_2	1886210	1895793	color=b3b1b2
HistocapES283Z_2	3177460	3186953	HistoohiSECH98_2	3077097	3086595	color=b3b1b2
HistocapES283Z_2	4257568	4267034	HistoohiSECH98_2	3975834	3985353	color=b3b1b2
HistocapES283Z_2	4159819	4169262	HistoohiSECH98_2	3891880	3901382	color=b3b1b2
HistocapES283Z_2	3002183	3011603	HistoohiSECH98_2	2750014	2759538	color=b3b1b2
HistocapES283Z_2	3976838	3986254	HistoohiSECH98_2	3704155	3713683	color=b3b1b2
HistocapES283Z_2	396020	405377	HistoohiSECH98_2	381560	390975	color=b3b1b2
HistocapES283Z_2	1731389	1740744	HistoohiSECH98_2	1503891	1513320	color=b3b1b2
HistocapES283Z_2	2061820	2071151	HistoohiSECH98_2	1876681	1886033	color=b3b1b2
HistocapES283Z_2	3270662	3279981	HistoohiSECH98_2	3154742	3164081	color=b3b1b2
HistocapES283Z_2	722233	731529	HistoohiSECH98_2	631012	640331	color=b3b1b2
HistocapES283Z_2	2216445	2225643	HistoohiSECH98_2	2002159	2011406	color=b3b1b2
HistocapES283Z_2	2289937	2299132	HistoohiSECH98_2	2075955	2085170	color=b3b1b2
HistocapES283Z_2	2109012	2118206	HistoohiSECH98_2	1952773	1961979	color=b3b1b2
HistocapES283Z_2	4396733	4405882	HistoohiSECH98_2	4150361	4159368	color=b3b1b2
HistocapES283Z_2	333929	343062	HistoohiSECH98_2	321553	330718	color=b3b1b2
HistocapES283Z_2	280289	289404	HistoohiSECH98_2	268285	277379	color=b3b1b2
HistocapES283Z_2	5298616	5307568	HistoohiSECH98_2	4967417	4976341	color=b3b1b2
HistocapES283Z_2	607596	616469	HistoohiSECH98_2	548384	557230	color=b3b1b2
HistocapES283Z_2	1845925	1854770	HistoohiSECH98_2	1617445	1626401	color=b3b1b2
HistocapES283Z_2	443407	452160	HistoohiSECH98_2	428875	437744	color=b3b1b2
HistocapES283Z_2	1330025	1338769	HistoohiSECH98_2	1127405	1136241	color=b3b1b2
HistocapES283Z_2	1156441	1165184	HistoohiSECH98_2	961255	970087	color=b3b1b2
HistocapES283Z_2	882635	891347	HistoohiSECH98_2	684465	693218	color=b3b1b2
HistocapES283Z_2	1562259	1570931	HistoohiSECH98_2	1364398	1373079	color=b3b1b2
HistocapES283Z_2	1974554	1983199	HistoohiSECH98_2	1798331	1807013	color=b3b1b2
HistocapES283Z_2	2884905	2893527	HistoohiSECH98_2	2560795	2569412	color=b3b1b2
HistocapES283Z_2	1429673	1438227	HistoohiSECH98_2	1228149	1236450	color=b3b1b2
HistocapES283Z_2	1875957	1884496	HistoohiSECH98_2	1633782	1642267	color=b3b1b2
HistocapES283Z_2	2010366	2018903	HistoohiSECH98_2	1825233	1833781	color=b3b1b2
HistocapES283Z_2	1078637	1087116	HistoohiSECH98_2	891106	899524	color=b3b1b2
HistocapES283Z_2	1527460	1535938	HistoohiSECH98_2	1329224	1337765	color=b3b1b2
HistocapES283Z_2	4446193	4454662	HistoohiSECH98_2	4200185	4208712	color=b3b1b2
HistocapES283Z_2	2315076	2323520	HistoohiSECH98_2	2101758	2110189	color=b3b1b2
HistocapES283Z_2	4118	12524	HistoohiSECH98_2	3317	11682	color=b3b1b2
HistocapES283Z_2	686622	695023	HistoohiSECH98_2	596892	605315	color=b3b1b2
HistocapES283Z_2	3907629	3915993	HistoohiSECH98_2	3636470	3644768	color=b3b1b2
HistocapES283Z_2	809075	817435	HistoohiSECH98_2	646979	655286	color=b3b1b2
HistocapES283Z_2	581246	589591	HistoohiSECH98_2	535477	543905	color=b3b1b2
HistocapES283Z_2	4200811	4209081	HistoohiSECH98_2	3934571	3942833	color=b3b1b2
HistocapES283Z_2	4220797	4229020	HistoohiSECH98_2	3955674	3963945	color=b3b1b2
HistocapES283Z_2	3704766	3712970	HistoohiSECH98_2	3518561	3526778	color=b3b1b2
HistocapES283Z_2	1467123	1475312	HistoohiSECH98_2	1267678	1275903	color=b3b1b2
HistocapES283Z_2	3576961	3585129	HistoohiSECH98_2	3397454	3405601	color=b3b1b2
HistocapES283Z_2	2756053	2764215	HistoohiSECH98_2	2468654	2476801	color=b3b1b2
HistocapES283Z_2	4026947	4035070	HistoohiSECH98_2	3756530	3764650	color=b3b1b2
HistocapES283Z_2	4181596	4189681	HistoohiSECH98_2	3915115	3923222	color=b3b1b2
HistocapES283Z_2	2253908	2261987	HistoohiSECH98_2	2040403	2048530	color=b3b1b2
HistocapES283Z_2	533059	541099	HistoohiSECH98_2	518098	526069	color=b3b1b2
HistocapES283Z_2	1759238	1767267	HistoohiSECH98_2	1533090	1541181	color=b3b1b2
HistocapES283Z_2	3466787	3474752	HistoohiSECH98_2	3283370	3291401	color=b3b1b2
HistocapES283Z_2	3549702	3557660	HistoohiSECH98_2	3369930	3377944	color=b3b1b2
HistocapES283Z_2	3935415	3943335	HistoohiSECH98_2	3663184	3671147	color=b3b1b2
HistocapES283Z_2	1938056	1945975	HistoohiSECH98_2	1766591	1774569	color=b3b1b2
HistocapES283Z_2	3103752	3111634	HistoohiSECH98_2	2838695	2846630	color=b3b1b2
HistocapES283Z_2	2690739	2698584	HistoohiSECH98_2	2396658	2404634	color=b3b1b2
HistocapES283Z_2	4934464	4942275	HistoohiSECH98_2	4616204	4624100	color=b3b1b2
HistocapES283Z_2	931050	938861	HistoohiSECH98_2	747188	754995	color=b3b1b2
HistocapES283Z_2	4889130	4896936	HistoohiSECH98_2	4541442	4549210	color=b3b1b2
HistocapES283Z_2	3156393	3164196	HistoohiSECH98_2	3044737	3052425	color=b3b1b2
HistocapES283Z_2	5289035	5296793	HistoohiSECH98_2	4956224	4964092	color=b3b1b2
HistocapES283Z_2	4454937	4462684	HistoohiSECH98_2	4209033	4216716	color=b3b1b2
HistocapES283Z_2	3592577	3600287	HistoohiSECH98_2	3413288	3420946	color=b3b1b2
HistocapES283Z_2	321613	329296	HistoohiSECH98_2	309426	317192	color=b3b1b2
HistocapES283Z_2	4462735	4470413	HistoohiSECH98_2	4216714	4224484	color=b3b1b2
HistocapES283Z_2	1946022	1953585	HistoohiSECH98_2	1774772	1782403	color=b3b1b2
HistocapES283Z_2	3279981	3287531	HistoohiSECH98_2	3164201	3171729	color=b3b1b2
HistocapES283Z_2	3056942	3064477	HistoohiSECH98_2	2804294	2811831	color=b3b1b2
HistocapES283Z_2	1996856	2004373	HistoohiSECH98_2	1817706	1825210	color=b3b1b2
HistocapES283Z_2	3986257	3993739	HistoohiSECH98_2	3714939	3722547	color=b3b1b2
HistocapES283Z_2	4594822	4602238	HistoohiSECH98_2	4337001	4344404	color=b3b1b2
HistocapES283Z_2	5090683	5098064	HistoohiSECH98_2	4848159	4855570	color=b3b1b2
HistocapES283Z_2	1148895	1156274	HistoohiSECH98_2	953812	961227	color=b3b1b2
HistocapES283Z_2	3023942	3031301	HistoohiSECH98_2	2771881	2779254	color=b3b1b2
HistocapES283Z_2	2054386	2061717	HistoohiSECH98_2	1869336	1876679	color=b3b1b2
HistocapES283Z_2	2775888	2783215	HistoohiSECH98_2	2484331	2491576	color=b3b1b2
HistocapES283Z_2	4015473	4022800	HistoohiSECH98_2	3744805	3752190	color=b3b1b2
HistocapES283Z_2	4413862	4421177	HistoohiSECH98_2	4167903	4175310	color=b3b1b2
HistocapES283Z_2	2950358	2957660	HistoohiSECH98_2	2673602	2680953	color=b3b1b2
HistocapES283Z_2	4683812	4691093	HistoohiSECH98_2	4429299	4436609	color=b3b1b2
HistocapES283Z_2	59706	66935	HistoohiSECH98_2	55497	62718	color=b3b1b2
HistocapES283Z_2	2207357	2214584	HistoohiSECH98_2	1992711	1999912	color=b3b1b2
HistocapES283Z_2	4627377	4634545	HistoohiSECH98_2	4369557	4376760	color=b3b1b2
HistocapES283Z_2	3207207	3214368	HistoohiSECH98_2	4644876	4637773	color=b3b1b2
HistocapES283Z_2	2323543	2330670	HistoohiSECH98_2	2110309	2117443	color=b3b1b2
HistocapES283Z_2	1225555	1232539	HistoohiSECH98_2	1019378	1026353	color=b3b1b2
HistocapES283Z_2	1907833	1914792	HistoohiSECH98_2	1666334	1673396	color=b3b1b2
HistocapES283Z_2	571789	578711	HistoohiSECH98_2	526232	533219	color=b3b1b2
HistocapES283Z_2	2682997	2689914	HistoohiSECH98_2	2387939	2394886	color=b3b1b2
HistocapES283Z_2	3164369	3171277	HistoohiSECH98_2	3052412	3059379	color=b3b1b2
HistocapES283Z_2	1377470	1384367	HistoohiSECH98_2	1176153	1183119	color=b3b1b2
HistocapES283Z_2	268901	275762	HistoohiSECH98_2	256967	263794	color=b3b1b2
HistocapES283Z_2	999110	1005968	HistoohiSECH98_2	813171	820048	color=b3b1b2
HistocapES283Z_2	4916252	4923052	HistoohiSECH98_2	4575946	4582699	color=b3b1b2
HistocapES283Z_2	4102464	4109236	HistoohiSECH98_2	3834885	3841696	color=b3b1b2
HistocapES283Z_2	4863313	4870061	HistoohiSECH98_2	4515503	4522357	color=b3b1b2
HistocapES283Z_2	1460165	1466871	HistoohiSECH98_2	1260938	1267678	color=b3b1b2
HistocapES283Z_2	96845	103479	HistoohiSECH98_2	83065	89667	color=b3b1b2
HistocapES283Z_2	1718632	1725264	HistoohiSECH98_2	1490986	1497652	color=b3b1b2
HistocapES283Z_2	4752277	4758865	HistoohiSECH98_2	4466926	4473532	color=b3b1b2
HistocapES283Z_2	874114	880663	HistoohiSECH98_2	675930	682537	color=b3b1b2
HistocapES283Z_2	4212213	4218756	HistoohiSECH98_2	3946949	3953385	color=b3b1b2
HistocapES283Z_2	2735059	2741515	HistoohiSECH98_2	2442110	2448635	color=b3b1b2
HistocapES283Z_2	5393757	5400157	HistoohiSECH98_2	5065421	5071879	color=b3b1b2
HistocapES283Z_2	2347543	2353942	HistoohiSECH98_2	2131339	2137750	color=b3b1b2
HistocapES283Z_2	1067734	1074095	HistoohiSECH98_2	883571	889968	color=b3b1b2
HistocapES283Z_2	2357969	2364302	HistoohiSECH98_2	2142801	2149217	color=b3b1b2
HistocapES283Z_2	4856468	4862785	HistoohiSECH98_2	4508934	4515267	color=b3b1b2
HistocapES283Z_2	376097	382398	HistoohiSECH98_2	361804	368127	color=b3b1b2
HistocapES283Z_2	2233361	2239623	HistoohiSECH98_2	2019145	2025478	color=b3b1b2
HistocapES283Z_2	1142416	1148672	HistoohiSECH98_2	947104	953419	color=b3b1b2
HistocapES283Z_2	4510534	4516774	HistoohiSECH98_2	4264199	4270409	color=b3b1b2
HistocapES283Z_2	4230713	4236952	HistoohiSECH98_2	3965540	3971717	color=b3b1b2
HistocapES283Z_2	4557343	4563553	HistoohiSECH98_2	4313998	4320223	color=b3b1b2
HistocapES283Z_2	5351851	5358061	HistoohiSECH98_2	5023143	5029296	color=b3b1b2
HistocapES283Z_2	2641168	2647352	HistoohiSECH98_2	2233866	2240071	color=b3b1b2
HistocapES283Z_2	3731715	3737897	HistoohiSECH98_2	3544348	3550515	color=b3b1b2
HistocapES283Z_2	3069251	3075417	HistoohiSECH98_2	2815479	2821648	color=b3b1b2
HistocapES283Z_2	958007	964163	HistoohiSECH98_2	764593	770840	color=b3b1b2
HistocapES283Z_2	223999	230137	HistoohiSECH98_2	197976	204159	color=b3b1b2
HistocapES283Z_2	2023359	2029496	HistoohiSECH98_2	1838423	1844635	color=b3b1b2
HistocapES283Z_2	3329022	3335157	HistoohiSECH98_2	3210628	3216742	color=b3b1b2
HistocapES283Z_2	13025	19157	HistoohiSECH98_2	12355	18505	color=b3b1b2
HistocapES283Z_2	211444	217574	HistoohiSECH98_2	185563	191712	color=b3b1b2
HistocapES283Z_2	4979969	4986078	HistoohiSECH98_2	4743203	4749284	color=b3b1b2
HistocapES283Z_2	3668517	3674581	HistoohiSECH98_2	3497771	3503950	color=b3b1b2
HistocapES283Z_2	1983421	1989475	HistoohiSECH98_2	1807714	1813779	color=b3b1b2
HistocapES283Z_2	425621	431646	HistoohiSECH98_2	411632	417665	color=b3b1b2
HistocapES283Z_2	5413641	5419642	HistoohiSECH98_2	5084881	5090878	color=b3b1b2
HistocapES283Z_2	3013504	3019493	HistoohiSECH98_2	2761590	2767567	color=b3b1b2
HistocapES283Z_2	650009	655996	HistoohiSECH98_2	557477	563504	color=b3b1b2
HistocapES283Z_2	1900802	1906771	HistoohiSECH98_2	1658922	1664893	color=b3b1b2
HistocapES283Z_2	4535884	4541818	HistoohiSECH98_2	4292403	4298276	color=b3b1b2
HistocapES283Z_2	431755	437688	HistoohiSECH98_2	417665	423560	color=b3b1b2
HistocapES283Z_2	405379	411276	HistoohiSECH98_2	391104	396999	color=b3b1b2
HistocapES283Z_2	3542006	3547901	HistoohiSECH98_2	3363067	3368958	color=b3b1b2
HistocapES283Z_2	709212	715081	HistoohiSECH98_2	617701	623529	color=b3b1b2
HistocapES283Z_2	1578101	1583952	HistoohiSECH98_2	1380215	1386157	color=b3b1b2
HistocapES283Z_2	3724635	3730480	HistoohiSECH98_2	3538464	3544338	color=b3b1b2
HistocapES283Z_2	3738174	3743984	HistoohiSECH98_2	3550502	3556298	color=b3b1b2
HistocapES283Z_2	82804	88607	HistoohiSECH98_2	73948	79602	color=b3b1b2
HistocapES283Z_2	1780885	1786672	HistoohiSECH98_2	1555488	1561239	color=b3b1b2
HistocapES283Z_2	4839315	4845086	HistoohiSECH98_2	4494215	4499999	color=b3b1b2
HistocapES283Z_2	3111680	3117420	HistoohiSECH98_2	2846819	2852549	color=b3b1b2
HistocapES283Z_2	1771943	1777660	HistoohiSECH98_2	1545526	1551252	color=b3b1b2
HistocapES283Z_2	5100286	5105980	HistoohiSECH98_2	4858522	4864357	color=b3b1b2
HistocapES283Z_2	511708	517328	HistoohiSECH98_2	497106	502761	color=b3b1b2
HistocapES283Z_2	1507979	1513598	HistoohiSECH98_2	1308734	1314364	color=b3b1b2
HistocapES283Z_2	1035095	1040625	HistoohiSECH98_2	849432	854941	color=b3b1b2
HistocapES283Z_2	5115235	5120757	HistoohiSECH98_2	4878049	4883538	color=b3b1b2
HistocapES283Z_2	3144549	3150055	HistoohiSECH98_2	3060415	3065922	color=b3b1b2
HistocapES283Z_2	1454138	1459595	HistoohiSECH98_2	1254465	1259928	color=b3b1b2
HistocapES283Z_2	4725735	4731182	HistoohiSECH98_2	4454550	4459950	color=b3b1b2
HistocapES283Z_2	2280563	2285966	HistoohiSECH98_2	2067426	2072759	color=b3b1b2
HistocapES283Z_2	4654270	4659647	HistoohiSECH98_2	4399373	4404799	color=b3b1b2
HistocapES283Z_2	3561871	3567247	HistoohiSECH98_2	3382010	3387442	color=b3b1b2
HistocapES283Z_2	2043114	2048485	HistoohiSECH98_2	1858104	1863559	color=b3b1b2
HistocapES283Z_2	2925223	2930568	HistoohiSECH98_2	2632353	2637699	color=b3b1b2
HistocapES283Z_2	1168417	1173751	HistoohiSECH98_2	973751	979109	color=b3b1b2
HistocapES283Z_2	5439525	5444831	HistoohiSECH98_2	5102789	5108103	color=b3b1b2
HistocapES283Z_2	3086005	3091255	HistoohiSECH98_2	2825214	2830450	color=b3b1b2
HistocapES283Z_2	4073738	4078958	HistoohiSECH98_2	3805523	3810747	color=b3b1b2
HistocapES283Z_2	941615	946830	HistoohiSECH98_2	759028	764266	color=b3b1b2
HistocapES283Z_2	452263	457469	HistoohiSECH98_2	438449	443674	color=b3b1b2
HistocapES283Z_2	3605397	3610594	HistoohiSECH98_2	3426125	3431297	color=b3b1b2
HistocapES283Z_2	673846	679041	HistoohiSECH98_2	581447	586699	color=b3b1b2
HistocapES283Z_2	3764388	3769578	HistoohiSECH98_2	3560736	3565928	color=b3b1b2
HistocapES283Z_2	4552082	4557250	HistoohiSECH98_2	4308750	4313998	color=b3b1b2
HistocapES283Z_2	1887608	1892769	HistoohiSECH98_2	1648575	1653750	color=b3b1b2
HistocapES283Z_2	315201	320347	HistoohiSECH98_2	302373	307555	color=b3b1b2
HistocapES283Z_2	4035803	4040943	HistoohiSECH98_2	3765687	3770812	color=b3b1b2
HistocapES283Z_2	2856632	2861755	HistoohiSECH98_2	2532311	2537430	color=b3b1b2
HistocapES283Z_2	5193580	5198695	HistoohiSECH98_2	4885049	4890195	color=b3b1b2
HistocapES283Z_2	3150272	3155372	HistoohiSECH98_2	3066407	3071630	color=b3b1b2
HistocapES283Z_2	2048753	2053845	HistoohiSECH98_2	1863557	1868741	color=b3b1b2
HistocapES283Z_2	5013261	5018346	HistoohiSECH98_2	4764166	4769329	color=b3b1b2
HistocapES283Z_2	1788880	1793901	HistoohiSECH98_2	1569680	1574706	color=b3b1b2
HistocapES283Z_2	946844	951830	HistoohiSECH98_2	698285	693233	color=b3b1b2
HistocapES283Z_2	2226268	2231200	HistoohiSECH98_2	2012268	2017223	color=b3b1b2
HistocapES283Z_2	2080762	2085686	HistoohiSECH98_2	1895956	1900927	color=b3b1b2
HistocapES283Z_2	5212017	5216887	HistoohiSECH98_2	4904149	4909012	color=b3b1b2
HistocapES283Z_2	4367476	4372343	HistoohiSECH98_2	4121107	4125926	color=b3b1b2
HistocapES283Z_2	1892871	1897720	HistoohiSECH98_2	1653945	1658806	color=b3b1b2
HistocapES283Z_2	5311597	5316434	HistoohiSECH98_2	4980056	4984892	color=b3b1b2
HistocapES283Z_2	3237724	3242520	HistoohiSECH98_2	3126571	3131373	color=b3b1b2
HistocapES283Z_2	36851	41640	HistoohiSECH98_2	36967	41845	color=b3b1b2
HistocapES283Z_2	4851670	4856450	HistoohiSECH98_2	4504006	4508778	color=b3b1b2
HistocapES283Z_2	137700	142477	HistoohiSECH98_2	144516	149383	color=b3b1b2
HistocapES283Z_2	1653852	1658622	HistoohiSECH98_2	1440523	1445275	color=b3b1b2
HistocapES283Z_2	644181	648950	HistoohiSECH98_2	1566455	1561649	color=b3b1b2
HistocapES283Z_2	4758855	4763559	HistoohiSECH98_2	4473678	4478384	color=b3b1b2
HistocapES283Z_2	3264456	3269153	HistoohiSECH98_2	3148595	3153468	color=b3b1b2
HistocapES283Z_2	4747357	4752048	HistoohiSECH98_2	4462265	4466915	color=b3b1b2
HistocapES283Z_2	4143881	4148564	HistoohiSECH98_2	3875034	3879695	color=b3b1b2
HistocapES283Z_2	487334	492015	HistoohiSECH98_2	472509	477271	color=b3b1b2
HistocapES283Z_2	231533	236206	HistoohiSECH98_2	205024	209705	color=b3b1b2
HistocapES283Z_2	4110443	4115112	HistoohiSECH98_2	3841998	3846623	color=b3b1b2
HistocapES283Z_2	5106845	5111508	HistoohiSECH98_2	4865196	4869780	color=b3b1b2
HistocapES283Z_2	5038562	5043202	HistoohiSECH98_2	4797298	4801990	color=b3b1b2
HistocapES283Z_2	964390	969011	HistoohiSECH98_2	2657271	2661912	color=b3b1b2
HistocapES283Z_2	1522867	1527460	HistoohiSECH98_2	1324507	1329088	color=b3b1b2
HistocapES283Z_2	1855435	1860015	HistoohiSECH98_2	1627288	1631935	color=b3b1b2
HistocapES283Z_2	103715	108294	HistoohiSECH98_2	90005	94584	color=b3b1b2
HistocapES283Z_2	4870413	4874953	HistoohiSECH98_2	4522469	4526974	color=b3b1b2
HistocapES283Z_2	4883426	4887965	HistoohiSECH98_2	4535325	4539882	color=b3b1b2
HistocapES283Z_2	1740831	1745368	HistoohiSECH98_2	1513455	1518058	color=b3b1b2
HistocapES283Z_2	4565784	4570313	HistoohiSECH98_2	4324287	4328835	color=b3b1b2
HistocapES283Z_2	2741694	2746220	HistoohiSECH98_2	2448637	2453152	color=b3b1b2
HistocapES283Z_2	1059525	1064045	HistoohiSECH98_2	874525	879048	color=b3b1b2
HistocapES283Z_2	5434734	5439237	HistoohiSECH98_2	5098194	5102729	color=b3b1b2
HistocapES283Z_2	4897224	4901709	HistoohiSECH98_2	4550438	4554830	color=b3b1b2
HistocapES283Z_2	2310000	2314481	HistoohiSECH98_2	2095949	2100449	color=b3b1b2
HistocapES283Z_2	1475368	1479810	HistoohiSECH98_2	1276085	1280581	color=b3b1b2
HistocapES283Z_2	3364757	3369195	HistoohiSECH98_2	3235160	3239489	color=b3b1b2
HistocapES283Z_2	5400990	5405391	HistoohiSECH98_2	5072680	5077036	color=b3b1b2
HistocapES283Z_2	2273533	2277925	HistoohiSECH98_2	2060268	2064604	color=b3b1b2
HistocapES283Z_2	4441021	4445390	HistoohiSECH98_2	4195855	4200186	color=b3b1b2
HistocapES283Z_2	4714564	4718925	HistoohiSECH98_2	4443835	4448267	color=b3b1b2
HistocapES283Z_2	3922351	3926682	HistoohiSECH98_2	3651010	3655336	color=b3b1b2
HistocapES283Z_2	4304042	4308325	HistoohiSECH98_2	4094207	4098487	color=b3b1b2
HistocapES283Z_2	4093356	4097621	HistoohiSECH98_2	3826236	3830477	color=b3b1b2
HistocapES283Z_2	3019594	3023848	HistoohiSECH98_2	2767491	2771740	color=b3b1b2
HistocapES283Z_2	4408942	4413178	HistoohiSECH98_2	4162741	4166962	color=b3b1b2
HistocapES283Z_2	3572750	3576958	HistoohiSECH98_2	3393082	3397224	color=b3b1b2
HistocapES283Z_2	3690440	3694627	HistoohiSECH98_2	3504153	3508372	color=b3b1b2
HistocapES283Z_2	4388824	4393011	HistoohiSECH98_2	4142342	4146491	color=b3b1b2
HistocapES283Z_2	4907348	4911483	HistoohiSECH98_2	4567430	4571589	color=b3b1b2
HistocapES283Z_2	4720759	4724875	HistoohiSECH98_2	4449882	4453942	color=b3b1b2
HistocapES283Z_2	1274304	1278402	HistoohiSECH98_2	1066772	1070872	color=b3b1b2
HistocapES283Z_2	4928743	4932837	HistoohiSECH98_2	4610585	4614642	color=b3b1b2
HistocapES283Z_2	5032336	5036424	HistoohiSECH98_2	4790220	4794274	color=b3b1b2
HistocapES283Z_2	2998095	3002181	HistoohiSECH98_2	2745771	2749857	color=b3b1b2
HistocapES283Z_2	891534	895599	HistoohiSECH98_2	704169	708231	color=b3b1b2
HistocapES283Z_2	4974912	4978966	HistoohiSECH98_2	4739118	4743180	color=b3b1b2
HistocapES283Z_2	4427524	4431574	HistoohiSECH98_2	4181874	4185945	color=b3b1b2
HistocapES283Z_2	1914803	1918826	HistoohiSECH98_2	1673555	1677666	color=b3b1b2
HistocapES283Z_2	5052418	5056433	HistoohiSECH98_2	4811563	4815511	color=b3b1b2
HistocapES283Z_2	329598	333602	HistoohiSECH98_2	317191	321226	color=b3b1b2
HistocapES283Z_2	2018947	2022939	HistoohiSECH98_2	1833938	1837921	color=b3b1b2
HistocapES283Z_2	4516778	4520732	HistoohiSECH98_2	4270537	4274489	color=b3b1b2
HistocapES283Z_2	4847623	4851577	HistoohiSECH98_2	4500072	4504006	color=b3b1b2
HistocapES283Z_2	951942	955893	HistoohiSECH98_2	704082	700127	color=b3b1b2
HistocapES283Z_2	1841796	1845746	HistoohiSECH98_2	1613415	1617443	color=b3b1b2
HistocapES283Z_2	2722971	2726899	HistoohiSECH98_2	2429166	2433072	color=b3b1b2
HistocapES283Z_2	5024597	5028496	HistoohiSECH98_2	4771702	4775590	color=b3b1b2
HistocapES283Z_2	3557759	3561646	HistoohiSECH98_2	3378102	3381992	color=b3b1b2
HistocapES283Z_2	870126	874013	HistoohiSECH98_2	671293	675199	color=b3b1b2
HistocapES283Z_2	120204	124088	HistoohiSECH98_2	111020	114954	color=b3b1b2
HistocapES283Z_2	2726897	2730767	HistoohiSECH98_2	2433703	2437653	color=b3b1b2
HistocapES283Z_2	4437046	4440916	HistoohiSECH98_2	4191959	4195860	color=b3b1b2
HistocapES283Z_2	382910	386767	HistoohiSECH98_2	372105	375965	color=b3b1b2
HistocapES283Z_2	3187477	3191316	HistoohiSECH98_2	3087539	3091358	color=b3b1b2
HistocapES283Z_2	3504679	3508492	HistoohiSECH98_2	3297820	3301572	color=b3b1b2
HistocapES283Z_2	5058377	5062169	HistoohiSECH98_2	4815977	4819759	color=b3b1b2
HistocapES283Z_2	5045849	5049621	HistoohiSECH98_2	4804815	4808613	color=b3b1b2
HistocapES283Z_2	3970130	3973898	HistoohiSECH98_2	3697530	3701349	color=b3b1b2
HistocapES283Z_2	4431754	4435496	HistoohiSECH98_2	4186734	4190453	color=b3b1b2
HistocapES283Z_2	5216886	5220617	HistoohiSECH98_2	4909170	4912836	color=b3b1b2
HistocapES283Z_2	4705990	4709709	HistoohiSECH98_2	4440117	4443836	color=b3b1b2
HistocapES283Z_2	4502985	4506647	HistoohiSECH98_2	4256559	4260246	color=b3b1b2
HistocapES283Z_2	3131034	3134688	HistoohiSECH98_2	2999366	3003014	color=b3b1b2
HistocapES283Z_2	3588708	3592358	HistoohiSECH98_2	3409551	3413212	color=b3b1b2
HistocapES283Z_2	250897	254532	HistoohiSECH98_2	224752	228405	color=b3b1b2
HistocapES283Z_2	1504346	1507979	HistoohiSECH98_2	1304981	1308624	color=b3b1b2
HistocapES283Z_2	4506806	4510434	HistoohiSECH98_2	4260643	4264275	color=b3b1b2
HistocapES283Z_2	4081323	4084932	HistoohiSECH98_2	3814109	3817728	color=b3b1b2
HistocapES283Z_2	293113	296719	HistoohiSECH98_2	280297	283920	color=b3b1b2
HistocapES283Z_2	3345061	3348655	HistoohiSECH98_2	3226789	3230435	color=b3b1b2
HistocapES283Z_2	1205409	1209001	HistoohiSECH98_2	998361	1001962	color=b3b1b2
HistocapES283Z_2	3227292	3230884	HistoohiSECH98_2	3118216	3121800	color=b3b1b2
HistocapES283Z_2	482140	485729	HistoohiSECH98_2	467555	471125	color=b3b1b2
HistocapES283Z_2	2240217	2243782	HistoohiSECH98_2	2026305	2029917	color=b3b1b2
HistocapES283Z_2	3918685	3922250	HistoohiSECH98_2	3647178	3650592	color=b3b1b2
HistocapES283Z_2	1513599	1517133	HistoohiSECH98_2	1314475	1318016	color=b3b1b2
HistocapES283Z_2	1727713	1731244	HistoohiSECH98_2	1500460	1503927	color=b3b1b2
HistocapES283Z_2	3744169	3747692	HistoohiSECH98_2	3556344	3559878	color=b3b1b2
HistocapES283Z_2	4173657	4177176	HistoohiSECH98_2	3906846	3910300	color=b3b1b2
HistocapES283Z_2	4424015	4427533	HistoohiSECH98_2	4177985	4181453	color=b3b1b2
HistocapES283Z_2	4623726	4627200	HistoohiSECH98_2	4366091	4369557	color=b3b1b2
HistocapES283Z_2	1574464	1577936	HistoohiSECH98_2	1376487	1379937	color=b3b1b2
HistocapES283Z_2	2783289	2786760	HistoohiSECH98_2	2491743	2495286	color=b3b1b2
HistocapES283Z_2	3033247	3036717	HistoohiSECH98_2	2780578	2784098	color=b3b1b2
HistocapES283Z_2	731703	735163	HistoohiSECH98_2	640366	643879	color=b3b1b2
HistocapES283Z_2	5358215	5361633	HistoohiSECH98_2	5029485	5032879	color=b3b1b2
HistocapES283Z_2	1185065	1188466	HistoohiSECH98_2	991031	994448	color=b3b1b2
HistocapES283Z_2	4269150	4272525	HistoohiSECH98_2	4059171	4062521	color=b3b1b2
HistocapES283Z_2	5421412	5424784	HistoohiSECH98_2	5093345	5096769	color=b3b1b2
HistocapES283Z_2	4022966	4026331	HistoohiSECH98_2	3752181	3755526	color=b3b1b2
HistocapES283Z_2	3434192	3437548	HistoohiSECH98_2	3256121	3259508	color=b3b1b2
HistocapES283Z_2	4097631	4100972	HistoohiSECH98_2	3830643	3833987	color=b3b1b2
HistocapES283Z_2	3929517	3932857	HistoohiSECH98_2	3657074	3660320	color=b3b1b2
HistocapES283Z_2	5075375	5078677	HistoohiSECH98_2	4832891	4836153	color=b3b1b2
HistocapES283Z_2	3203746	3207038	HistoohiSECH98_2	3103728	3107025	color=b3b1b2
HistocapES283Z_2	604136	607428	HistoohiSECH98_2	544744	548035	color=b3b1b2
HistocapES283Z_2	3662824	3666099	HistoohiSECH98_2	3491764	3495125	color=b3b1b2
HistocapES283Z_2	4195243	4198516	HistoohiSECH98_2	3928574	3931759	color=b3b1b2
HistocapES283Z_2	1338939	1342205	HistoohiSECH98_2	1136313	1139584	color=b3b1b2
HistocapES283Z_2	2945603	2948859	HistoohiSECH98_2	2668229	2671471	color=b3b1b2
HistocapES283Z_2	3172218	3175472	HistoohiSECH98_2	3073488	3076764	color=b3b1b2
HistocapES283Z_2	437675	440909	HistoohiSECH98_2	423758	426947	color=b3b1b2
HistocapES283Z_2	143945	147172	HistoohiSECH98_2	153050	156372	color=b3b1b2
HistocapES283Z_2	387654	390868	HistoohiSECH98_2	376938	380179	color=b3b1b2
HistocapES283Z_2	3885570	3888783	HistoohiSECH98_2	3615195	3618395	color=b3b1b2
HistocapES283Z_2	5445183	5448389	HistoohiSECH98_2	5108328	5111683	color=b3b1b2
HistocapES283Z_2	1697662	1700866	HistoohiSECH98_2	1469301	1472516	color=b3b1b2
HistocapES283Z_2	3492976	3496157	HistoohiSECH98_2	3293386	3296598	color=b3b1b2
HistocapES283Z_2	1364165	1367324	HistoohiSECH98_2	1161772	1164949	color=b3b1b2
HistocapES283Z_2	2769331	2772488	HistoohiSECH98_2	2480329	2483488	color=b3b1b2
HistocapES283Z_2	1031065	1034209	HistoohiSECH98_2	846159	849324	color=b3b1b2
HistocapES283Z_2	3352072	3355216	HistoohiSECH98_2	3243515	3240390	color=b3b1b2
HistocapES283Z_2	1126227	1129367	HistoohiSECH98_2	930105	933261	color=b3b1b2
HistocapES283Z_2	1897666	1900800	HistoohiSECH98_2	1645436	1648591	color=b3b1b2
HistocapES283Z_2	5270348	5273479	HistoohiSECH98_2	4931037	4934211	color=b3b1b2
HistocapES283Z_2	1181691	1184816	HistoohiSECH98_2	987902	991030	color=b3b1b2
HistocapES283Z_2	4116640	4119731	HistoohiSECH98_2	3849549	3852641	color=b3b1b2
HistocapES283Z_2	4070656	4073733	HistoohiSECH98_2	3802431	3805397	color=b3b1b2
HistocapES283Z_2	369801	372871	HistoohiSECH98_2	355735	358806	color=b3b1b2
HistocapES283Z_2	2994165	2997207	HistoohiSECH98_2	2742697	2745710	color=b3b1b2
HistocapES283Z_2	3242522	3245559	HistoohiSECH98_2	3131517	3134553	color=b3b1b2
HistocapES283Z_2	2286037	2289069	HistoohiSECH98_2	2072917	2075916	color=b3b1b2
HistocapES283Z_2	2417816	2420818	HistoohiSECH98_2	2207211	2210214	color=b3b1b2
HistocapES283Z_2	299904	302898	HistoohiSECH98_2	286676	289704	color=b3b1b2
HistocapES283Z_2	3305570	3308556	HistoohiSECH98_2	3185192	3188128	color=b3b1b2
HistocapES283Z_2	3806031	3809006	HistoohiSECH98_2	3604671	3607656	color=b3b1b2
HistocapES283Z_2	2092967	2095926	HistoohiSECH98_2	1941092	1944136	color=b3b1b2
HistocapES283Z_2	3527049	3530007	HistoohiSECH98_2	3348108	3351107	color=b3b1b2
HistocapES283Z_2	1751489	1754443	HistoohiSECH98_2	1524744	1527693	color=b3b1b2
HistocapES283Z_2	3630035	3632974	HistoohiSECH98_2	3459709	3462682	color=b3b1b2
HistocapES283Z_2	4590904	4593843	HistoohiSECH98_2	4333094	4336108	color=b3b1b2
HistocapES283Z_2	1838239	1841144	HistoohiSECH98_2	1610010	1612934	color=b3b1b2
HistocapES283Z_2	1287420	1290321	HistoohiSECH98_2	1078374	1081275	color=b3b1b2
HistocapES283Z_2	343064	345956	HistoohiSECH98_2	330828	333759	color=b3b1b2
HistocapES283Z_2	276045	278932	HistoohiSECH98_2	264438	267327	color=b3b1b2
HistocapES283Z_2	4500070	4502952	HistoohiSECH98_2	4253421	4256270	color=b3b1b2
HistocapES283Z_2	1884734	1887614	HistoohiSECH98_2	1642376	1645291	color=b3b1b2
HistocapES283Z_2	719262	722133	HistoohiSECH98_2	628293	631089	color=b3b1b2
HistocapES283Z_2	4190545	4193396	HistoohiSECH98_2	3924227	3927109	color=b3b1b2
HistocapES283Z_2	4090334	4093162	HistoohiSECH98_2	3823183	3826035	color=b3b1b2
HistocapES283Z_2	1924125	1926952	HistoohiSECH98_2	1742440	1745440	color=b3b1b2
HistocapES283Z_2	4084878	4087698	HistoohiSECH98_2	3817829	3820668	color=b3b1b2
HistocapES283Z_2	2355055	2357869	HistoohiSECH98_2	2139476	2142190	color=b3b1b2
HistocapES283Z_2	4290425	4293239	HistoohiSECH98_2	4081197	4084042	color=b3b1b2
HistocapES283Z_2	683826	686625	HistoohiSECH98_2	593902	596697	color=b3b1b2
HistocapES283Z_2	1920320	1923116	HistoohiSECH98_2	1680801	1683646	color=b3b1b2
HistocapES283Z_2	4012706	4015470	HistoohiSECH98_2	3741875	3744650	color=b3b1b2
HistocapES283Z_2	1517160	1519916	HistoohiSECH98_2	1318186	1321003	color=b3b1b2
HistocapES283Z_2	1008010	1010765	HistoohiSECH98_2	822841	825667	color=b3b1b2
HistocapES283Z_2	2148217	2150956	HistoohiSECH98_2	1984570	1987306	color=b3b1b2
HistocapES283Z_2	197087	199817	HistoohiSECH98_2	170555	173294	color=b3b1b2
HistocapES283Z_2	5111635	5114361	HistoohiSECH98_2	4872823	4875537	color=b3b1b2
HistocapES283Z_2	4901878	4904596	HistoohiSECH98_2	4555594	4558307	color=b3b1b2
HistocapES283Z_2	1558662	1561365	HistoohiSECH98_2	1360740	1363514	color=b3b1b2
HistocapES283Z_2	221194	223888	HistoohiSECH98_2	195220	197873	color=b3b1b2
HistocapES283Z_2	3809101	3811790	HistoohiSECH98_2	3607660	3610308	color=b3b1b2
HistocapES283Z_2	5029529	5032191	HistoohiSECH98_2	4786873	4789530	color=b3b1b2
HistocapES283Z_2	2852716	2855376	HistoohiSECH98_2	2528750	2531377	color=b3b1b2
HistocapES283Z_2	2698594	2701245	HistoohiSECH98_2	2404740	2407386	color=b3b1b2
HistocapES283Z_2	5049766	5052417	HistoohiSECH98_2	4808779	4811462	color=b3b1b2
HistocapES283Z_2	3098572	3101213	HistoohiSECH98_2	2833783	2836444	color=b3b1b2
HistocapES283Z_2	1028422	1031061	HistoohiSECH98_2	843434	846055	color=b3b1b2
HistocapES283Z_2	1255569	1258189	HistoohiSECH98_2	1047832	1050453	color=b3b1b2
HistocapES283Z_2	1188565	1191183	HistoohiSECH98_2	994370	996989	color=b3b1b2
HistocapES283Z_2	492021	494625	HistoohiSECH98_2	477391	479974	color=b3b1b2
HistocapES283Z_2	1176895	1179484	HistoohiSECH98_2	982569	985150	color=b3b1b2
HistocapES283Z_2	4169535	4172114	HistoohiSECH98_2	3901741	3904317	color=b3b1b2
HistocapES283Z_2	3964744	3967310	HistoohiSECH98_2	3692606	3695221	color=b3b1b2
HistocapES283Z_2	112901	115456	HistoohiSECH98_2	99322	101998	color=b3b1b2
HistocapES283Z_2	4372525	4375055	HistoohiSECH98_2	4126049	4128555	color=b3b1b2
HistocapES283Z_2	5199034	5201554	HistoohiSECH98_2	4890984	4893481	color=b3b1b2
HistocapES283Z_2	3250597	3253105	HistoohiSECH98_2	3139455	3142054	color=b3b1b2
HistocapES283Z_2	3974154	3976644	HistoohiSECH98_2	3701344	3703823	color=b3b1b2
HistocapES283Z_2	3610609	3613092	HistoohiSECH98_2	3431413	3433901	color=b3b1b2
HistocapES283Z_2	2648976	2651455	HistoohiSECH98_2	2241642	2244110	color=b3b1b2
HistocapES283Z_2	3882941	3885418	HistoohiSECH98_2	3612598	3615051	color=b3b1b2
HistocapES283Z_2	819877	822347	HistoohiSECH98_2	660223	662681	color=b3b1b2
HistocapES283Z_2	3585296	3587753	HistoohiSECH98_2	3406127	3408586	color=b3b1b2
HistocapES283Z_2	5373875	5376328	HistoohiSECH98_2	5044864	5047293	color=b3b1b2
HistocapES283Z_2	4287980	4290429	HistoohiSECH98_2	4078518	4080979	color=b3b1b2
HistocapES283Z_2	1360256	1362690	HistoohiSECH98_2	1158296	1160763	color=b3b1b2
HistocapES283Z_2	995095	997529	HistoohiSECH98_2	808949	811358	color=b3b1b2
HistocapES283Z_2	4904919	4907346	HistoohiSECH98_2	4558323	4560733	color=b3b1b2
HistocapES283Z_2	3512014	3514411	HistoohiSECH98_2	3305895	3308266	color=b3b1b2
HistocapES283Z_2	3613620	3616013	HistoohiSECH98_2	3434733	3437132	color=b3b1b2
HistocapES283Z_2	3786084	3788475	HistoohiSECH98_2	3582113	3584535	color=b3b1b2
HistocapES283Z_2	2097646	2100035	HistoohiSECH98_2	1946069	1948468	color=b3b1b2
HistocapES283Z_2	3247554	3249940	HistoohiSECH98_2	3136290	3138724	color=b3b1b2
HistocapES283Z_2	1777666	1780040	HistoohiSECH98_2	1551604	1553992	color=b3b1b2
HistocapES283Z_2	4148765	4151136	HistoohiSECH98_2	3879696	3882094	color=b3b1b2
HistocapES283Z_2	2036758	2039128	HistoohiSECH98_2	1851431	1853826	color=b3b1b2
HistocapES283Z_2	1570985	1573354	HistoohiSECH98_2	1373247	1375619	color=b3b1b2
HistocapES283Z_2	2863830	2866197	HistoohiSECH98_2	2539840	2542176	color=b3b1b2
HistocapES283Z_2	715081	717436	HistoohiSECH98_2	623632	625991	color=b3b1b2
HistocapES283Z_2	3218660	3221011	HistoohiSECH98_2	3111610	3114002	color=b3b1b2
HistocapES283Z_2	2411051	2413389	HistoohiSECH98_2	2194254	2196601	color=b3b1b2
HistocapES283Z_2	3916156	3918473	HistoohiSECH98_2	3644773	3647097	color=b3b1b2
HistocapES283Z_2	2415430	2417744	HistoohiSECH98_2	2204650	2206951	color=b3b1b2
HistocapES283Z_2	19266	21574	HistoohiSECH98_2	19069	21367	color=b3b1b2
HistocapES283Z_2	2170899	2173198	HistoohiSECH98_2	371362	369021	color=b3b1b2
HistocapES283Z_2	457481	459772	HistoohiSECH98_2	443814	446102	color=b3b1b2
HistocapES283Z_2	4879946	4882232	HistoohiSECH98_2	4531879	4534186	color=b3b1b2
HistocapES283Z_2	4394214	4396495	HistoohiSECH98_2	4147581	4149841	color=b3b1b2
HistocapES283Z_2	459875	462156	HistoohiSECH98_2	446566	448893	color=b3b1b2
HistocapES283Z_2	1368371	1370643	HistoohiSECH98_2	1165809	1168087	color=b3b1b2
HistocapES283Z_2	2089467	2091716	HistoohiSECH98_2	1937057	1939304	color=b3b1b2
HistocapES283Z_2	108449	110654	HistoohiSECH98_2	94598	96817	color=b3b1b2
HistocapES283Z_2	2366525	2368729	HistoohiSECH98_2	2152262	2154429	color=b3b1b2
HistocapES283Z_2	3567445	3569644	HistoohiSECH98_2	3387513	3389687	color=b3b1b2
HistocapES283Z_2	1173923	1176118	HistoohiSECH98_2	979113	981345	color=b3b1b2
HistocapES283Z_2	2086472	2088653	HistoohiSECH98_2	1932544	1934726	color=b3b1b2
HistocapES283Z_2	3666107	3668283	HistoohiSECH98_2	3495330	3497518	color=b3b1b2
HistocapES283Z_2	3601873	3604026	HistoohiSECH98_2	3422646	3424800	color=b3b1b2
HistocapES283Z_2	3262302	3264452	HistoohiSECH98_2	3146306	3148472	color=b3b1b2
HistocapES283Z_2	4563654	4565804	HistoohiSECH98_2	4320147	4322304	color=b3b1b2
HistocapES283Z_2	2973228	2975376	HistoohiSECH98_2	2740541	2742655	color=b3b1b2
HistocapES283Z_2	88724	90866	HistoohiSECH98_2	79623	81772	color=b3b1b2
HistocapES283Z_2	1520596	1522737	HistoohiSECH98_2	1322304	1324504	color=b3b1b2
HistocapES283Z_2	2868632	2870768	HistoohiSECH98_2	2544399	2546503	color=b3b1b2
HistocapES283Z_2	5043695	5045831	HistoohiSECH98_2	4802496	4804636	color=b3b1b2
HistocapES283Z_2	1932090	1934220	HistoohiSECH98_2	1760953	1763123	color=b3b1b2
HistocapES283Z_2	1065506	1067633	HistoohiSECH98_2	880635	882764	color=b3b1b2
HistocapES283Z_2	4972108	4974215	HistoohiSECH98_2	4736130	4738253	color=b3b1b2
HistocapES283Z_2	2846805	2848905	HistoohiSECH98_2	2523583	2525672	color=b3b1b2
HistocapES283Z_2	1556568	1558659	HistoohiSECH98_2	1358524	1360625	color=b3b1b2
HistocapES283Z_2	2130705	2132781	HistoohiSECH98_2	1963407	1965462	color=b3b1b2
HistocapES283Z_2	578997	581071	HistoohiSECH98_2	533326	535477	color=b3b1b2
HistocapES283Z_2	5347172	5349235	HistoohiSECH98_2	5018483	5020613	color=b3b1b2
HistocapES283Z_2	1934225	1936284	HistoohiSECH98_2	1763244	1765310	color=b3b1b2
HistocapES283Z_2	1585289	1587344	HistoohiSECH98_2	1387498	1389579	color=b3b1b2
HistocapES283Z_2	4406863	4408918	HistoohiSECH98_2	4160496	4162601	color=b3b1b2
HistocapES283Z_2	2423039	2425088	HistoohiSECH98_2	2215397	2217453	color=b3b1b2
HistocapES283Z_2	1283040	1285075	HistoohiSECH98_2	1073634	1075673	color=b3b1b2
HistocapES283Z_2	4129044	4131077	HistoohiSECH98_2	3860029	3862064	color=b3b1b2
HistocapES283Z_2	3231020	3233039	HistoohiSECH98_2	710275	708249	color=b3b1b2
HistocapES283Z_2	988511	990528	HistoohiSECH98_2	787272	789286	color=b3b1b2
HistocapES283Z_2	3903555	3905563	HistoohiSECH98_2	3634193	3636212	color=b3b1b2
HistocapES283Z_2	5220715	5222719	HistoohiSECH98_2	4912754	4914738	color=b3b1b2
HistocapES283Z_2	1253570	1255567	HistoohiSECH98_2	1045779	1047729	color=b3b1b2
HistocapES283Z_2	4218792	4220788	HistoohiSECH98_2	3953562	3955534	color=b3b1b2
HistocapES283Z_2	115457	117451	HistoohiSECH98_2	102099	104144	color=b3b1b2
HistocapES283Z_2	4125265	4127252	HistoohiSECH98_2	3856263	3858193	color=b3b1b2
HistocapES283Z_2	3041657	3043632	HistoohiSECH98_2	2788932	2790910	color=b3b1b2
HistocapES283Z_2	3967411	3969363	HistoohiSECH98_2	3695145	3697026	color=b3b1b2
HistocapES283Z_2	5345231	5347167	HistoohiSECH98_2	5016379	5018328	color=b3b1b2
HistocapES283Z_2	969813	971741	HistoohiSECH98_2	2662064	2663995	color=b3b1b2
HistocapES283Z_2	4119891	4121816	HistoohiSECH98_2	3853802	3855734	color=b3b1b2
HistocapES283Z_2	4911729	4913649	HistoohiSECH98_2	4571806	4573726	color=b3b1b2
HistocapES283Z_2	1179663	1181580	HistoohiSECH98_2	985152	987085	color=b3b1b2
HistocapES283Z_2	441135	443045	HistoohiSECH98_2	427020	428872	color=b3b1b2
HistocapES283Z_2	4088431	4090338	HistoohiSECH98_2	3821149	3823081	color=b3b1b2
HistocapES283Z_2	4154557	4156464	HistoohiSECH98_2	3884873	3886750	color=b3b1b2
HistocapES283Z_2	5316676	5318569	HistoohiSECH98_2	4984985	4986877	color=b3b1b2
HistocapES283Z_2	3084109	3086001	HistoohiSECH98_2	2823144	2825010	color=b3b1b2
HistocapES283Z_2	3221010	3222890	HistoohiSECH98_2	3114894	3116808	color=b3b1b2
HistocapES283Z_2	1994845	1996722	HistoohiSECH98_2	1815713	1817571	color=b3b1b2
HistocapES283Z_2	110655	112522	HistoohiSECH98_2	96927	98885	color=b3b1b2
HistocapES283Z_2	2921182	2923040	HistoohiSECH98_2	2630570	2632431	color=b3b1b2
HistocapES283Z_2	3064674	3066522	HistoohiSECH98_2	2812290	2814144	color=b3b1b2
HistocapES283Z_2	5018520	5020328	HistoohiSECH98_2	4769328	4771091	color=b3b1b2
HistocapES283Z_2	5408801	5410599	HistoohiSECH98_2	5080184	5081982	color=b3b1b2
HistocapES283Z_2	289859	291655	HistoohiSECH98_2	277600	279475	color=b3b1b2
HistocapES283Z_2	4267361	4269152	HistoohiSECH98_2	4056862	4058681	color=b3b1b2
HistocapES283Z_2	3927628	3929418	HistoohiSECH98_2	3655345	3657152	color=b3b1b2
HistocapES283Z_2	4179638	4181422	HistoohiSECH98_2	3912495	3914274	color=b3b1b2
HistocapES283Z_2	4703320	4705082	HistoohiSECH98_2	4437348	4439114	color=b3b1b2
HistocapES283Z_2	2923030	2924770	HistoohiSECH98_2	2632313	2630570	color=b3b1b2
HistocapES283Z_2	4156464	4158191	HistoohiSECH98_2	3886876	3888604	color=b3b1b2
HistocapES283Z_2	4422292	4424014	HistoohiSECH98_2	4176166	4177894	color=b3b1b2
HistocapES283Z_2	2095927	2097646	HistoohiSECH98_2	1944237	1945951	color=b3b1b2
HistocapES283Z_2	5056423	5058142	HistoohiSECH98_2	2477815	2479541	color=b3b1b2
HistocapES283Z_2	3648330	3650027	HistoohiSECH98_2	3477796	3479508	color=b3b1b2
HistocapES283Z_2	955902	957595	HistoohiSECH98_2	699971	698291	color=b3b1b2
HistocapES283Z_2	1087214	1088896	HistoohiSECH98_2	899445	901122	color=b3b1b2
HistocapES283Z_2	1281289	1282960	HistoohiSECH98_2	1071826	1073476	color=b3b1b2
HistocapES283Z_2	4913750	4915410	HistoohiSECH98_2	4573650	4575281	color=b3b1b2
HistocapES283Z_2	518415	520054	HistoohiSECH98_2	503594	505224	color=b3b1b2
HistocapES283Z_2	1250206	1251838	HistoohiSECH98_2	1043991	1045623	color=b3b1b2
HistocapES283Z_2	2866143	2867771	HistoohiSECH98_2	2542332	2543983	color=b3b1b2
HistocapES283Z_2	895763	897383	HistoohiSECH98_2	710763	712382	color=b3b1b2
HistocapES283Z_2	374452	376070	HistoohiSECH98_2	360027	361678	color=b3b1b2
HistocapES283Z_2	124268	125885	HistoohiSECH98_2	115120	116752	color=b3b1b2
HistocapES283Z_2	2850220	2851834	HistoohiSECH98_2	2527106	2528748	color=b3b1b2
HistocapES283Z_2	2040754	2042357	HistoohiSECH98_2	1856166	1857769	color=b3b1b2
HistocapES283Z_2	5285104	5286697	HistoohiSECH98_2	4947279	4948845	color=b3b1b2
HistocapES283Z_2	2100206	2101777	HistoohiSECH98_2	1948644	1950236	color=b3b1b2
HistocapES283Z_2	5448785	5450354	HistoohiSECH98_2	5111683	5113290	color=b3b1b2
HistocapES283Z_2	4681993	4683542	HistoohiSECH98_2	4427706	4429259	color=b3b1b2
HistocapES283Z_2	302903	304423	HistoohiSECH98_2	289854	291372	color=b3b1b2
HistocapES283Z_2	4570582	4572100	HistoohiSECH98_2	4329421	4330928	color=b3b1b2
HistocapES283Z_2	1786771	1788272	HistoohiSECH98_2	1567178	1568690	color=b3b1b2
HistocapES283Z_2	1587344	1588841	HistoohiSECH98_2	1389703	1391178	color=b3b1b2
HistocapES283Z_2	2811259	2812740	HistoohiSECH98_2	2520187	2521669	color=b3b1b2
HistocapES283Z_2	1439130	1440610	HistoohiSECH98_2	1236836	1238253	color=b3b1b2
HistocapES283Z_2	2421196	2422662	HistoohiSECH98_2	2212690	2214154	color=b3b1b2
HistocapES283Z_2	997604	999068	HistoohiSECH98_2	811520	813015	color=b3b1b2
HistocapES283Z_2	1757325	1758769	HistoohiSECH98_2	1530636	1532098	color=b3b1b2
HistocapES283Z_2	4435433	4436876	HistoohiSECH98_2	4190559	4191995	color=b3b1b2
HistocapES283Z_2	3075418	3076830	HistoohiSECH98_2	2821764	2823148	color=b3b1b2
HistocapES283Z_2	476867	478275	HistoohiSECH98_2	463788	465198	color=b3b1b2
HistocapES283Z_2	2277963	2279369	HistoohiSECH98_2	2064714	2066115	color=b3b1b2
HistocapES283Z_2	3096890	3098276	HistoohiSECH98_2	2832076	2833397	color=b3b1b2
HistocapES283Z_2	3600388	3601772	HistoohiSECH98_2	3420947	3422337	color=b3b1b2
HistocapES283Z_2	5297055	5298435	HistoohiSECH98_2	4964410	4965829	color=b3b1b2
HistocapES283Z_2	4719220	4720592	HistoohiSECH98_2	4448558	4449900	color=b3b1b2
HistocapES283Z_2	1754918	1756283	HistoohiSECH98_2	1528137	1529548	color=b3b1b2
HistocapES283Z_2	4115278	4116635	HistoohiSECH98_2	3846633	3847986	color=b3b1b2
HistocapES283Z_2	3358138	3359486	HistoohiSECH98_2	3233346	3234699	color=b3b1b2
HistocapES283Z_2	3356672	3358019	HistoohiSECH98_2	3231150	3232541	color=b3b1b2
HistocapES283Z_2	1209242	1210583	HistoohiSECH98_2	1001966	1003331	color=b3b1b2
HistocapES283Z_2	391028	392369	HistoohiSECH98_2	380180	381523	color=b3b1b2
HistocapES283Z_2	4798798	4800133	HistoohiSECH98_2	4492699	4494035	color=b3b1b2
HistocapES283Z_2	3933604	3934930	HistoohiSECH98_2	3661017	3662353	color=b3b1b2
HistocapES283Z_2	1665565	1666877	HistoohiSECH98_2	1445736	1447061	color=b3b1b2
HistocapES283Z_2	3510616	3511914	HistoohiSECH98_2	3303785	3305086	color=b3b1b2
HistocapES283Z_2	478281	479573	HistoohiSECH98_2	465306	466534	color=b3b1b2
HistocapES283Z_2	510427	511714	HistoohiSECH98_2	497109	495826	color=b3b1b2
HistocapES283Z_2	3223057	3224336	HistoohiSECH98_2	3116854	3118133	color=b3b1b2
HistocapES283Z_2	3269254	3270529	HistoohiSECH98_2	3153392	3154670	color=b3b1b2
HistocapES283Z_2	4177885	4179152	HistoohiSECH98_2	3911047	3912322	color=b3b1b2
HistocapES283Z_2	236206	237459	HistoohiSECH98_2	209861	211144	color=b3b1b2
HistocapES283Z_2	1165339	1166575	HistoohiSECH98_2	970217	971457	color=b3b1b2
HistocapES283Z_2	695204	696432	HistoohiSECH98_2	605639	606851	color=b3b1b2
HistocapES283Z_2	3300898	3302125	HistoohiSECH98_2	3182428	3183654	color=b3b1b2
HistocapES283Z_2	2894932	2896153	HistoohiSECH98_2	2605772	2607005	color=b3b1b2
HistocapES283Z_2	2214685	2215898	HistoohiSECH98_2	2000567	2001792	color=b3b1b2
HistocapES283Z_2	2809886	2811076	HistoohiSECH98_2	2518991	2520185	color=b3b1b2
HistocapES283Z_2	4927544	4928732	HistoohiSECH98_2	4609287	4610470	color=b3b1b2
HistocapES283Z_2	717701	718887	HistoohiSECH98_2	626438	627653	color=b3b1b2
HistocapES283Z_2	373173	374352	HistoohiSECH98_2	358830	360024	color=b3b1b2
HistocapES283Z_2	1064134	1065311	HistoohiSECH98_2	879165	880338	color=b3b1b2
HistocapES283Z_2	2930744	2931919	HistoohiSECH98_2	2638225	2639427	color=b3b1b2
HistocapES283Z_2	4651634	4652788	HistoohiSECH98_2	4395475	4396629	color=b3b1b2
HistocapES283Z_2	1211416	1212563	HistoohiSECH98_2	1003527	1004679	color=b3b1b2
HistocapES283Z_2	3304265	3305398	HistoohiSECH98_2	3184049	3185195	color=b3b1b2
HistocapES283Z_2	3491749	3492874	HistoohiSECH98_2	3292259	3293384	color=b3b1b2
HistocapES283Z_2	3254696	3255811	HistoohiSECH98_2	3144355	3145468	color=b3b1b2
HistocapES283Z_2	1328647	1329742	HistoohiSECH98_2	1126248	1127343	color=b3b1b2
HistocapES283Z_2	4210750	4211839	HistoohiSECH98_2	3945494	3946566	color=b3b1b2
HistocapES283Z_2	4308483	4309571	HistoohiSECH98_2	4098650	4099696	color=b3b1b2
HistocapES283Z_2	345959	347045	HistoohiSECH98_2	334068	335136	color=b3b1b2
HistocapES283Z_2	1167303	1168388	HistoohiSECH98_2	972465	973543	color=b3b1b2
HistocapES283Z_2	5372559	5373635	HistoohiSECH98_2	5043749	5044818	color=b3b1b2
HistocapES283Z_2	2944378	2945440	HistoohiSECH98_2	2664109	2665174	color=b3b1b2
HistocapES283Z_2	2091816	2092866	HistoohiSECH98_2	1939304	1940317	color=b3b1b2
HistocapES283Z_2	940573	941619	HistoohiSECH98_2	757654	758719	color=b3b1b2
HistocapES283Z_2	4797753	4798796	HistoohiSECH98_2	4491499	4492542	color=b3b1b2
HistocapES283Z_2	1006110	1007146	HistoohiSECH98_2	820499	821549	color=b3b1b2
HistocapES283Z_2	2893700	2894734	HistoohiSECH98_2	2604554	2605594	color=b3b1b2
HistocapES283Z_2	735163	736196	HistoohiSECH98_2	644222	645257	color=b3b1b2
HistocapES283Z_2	3497645	3498669	HistoohiSECH98_2	3296618	3297633	color=b3b1b2
HistocapES283Z_2	298840	299863	HistoohiSECH98_2	285551	286561	color=b3b1b2
HistocapES283Z_2	1224533	1225555	HistoohiSECH98_2	1018165	1019197	color=b3b1b2
