HistocapCB168_6	3572114	3606563	Histocap316p10_6	3779493	3813782	color=b3b1b2
HistocapCB168_6	2038334	2064315	Histocap316p10_6	2195617	2221346	color=b3b1b2
HistocapCB168_6	3482305	3503399	Histocap316p10_6	3583094	3604229	color=b3b1b2
HistocapCB168_6	3670336	3689930	Histocap316p10_6	3875097	3894514	color=b3b1b2
HistocapCB168_6	1494879	1513326	Histocap316p10_6	1625330	1643645	color=b3b1b2
HistocapCB168_6	3065406	3083668	Histocap316p10_6	3189652	3207851	color=b3b1b2
HistocapCB168_6	2140072	2157405	Histocap316p10_6	2314737	2332040	color=b3b1b2
HistocapCB168_6	4178779	4195605	Histocap316p10_6	4375332	4392263	color=b3b1b2
HistocapCB168_6	4679744	4696065	Histocap316p10_6	4875329	4891608	color=b3b1b2
HistocapCB168_6	4652711	4669006	Histocap316p10_6	4849567	4865686	color=b3b1b2
HistocapCB168_6	1121789	1137955	Histocap316p10_6	1209915	1226031	color=b3b1b2
HistocapCB168_6	2261357	2277370	Histocap316p10_6	2437912	2453874	color=b3b1b2
HistocapCB168_6	1077059	1093047	Histocap316p10_6	1163980	1179915	color=b3b1b2
HistocapCB168_6	824779	840716	Histocap316p10_6	829602	845634	color=b3b1b2
HistocapCB168_6	2219117	2234616	Histocap316p10_6	2394676	2410096	color=b3b1b2
HistocapCB168_6	1301984	1317212	Histocap316p10_6	1391315	1406436	color=b3b1b2
HistocapCB168_6	842339	857550	Histocap316p10_6	847199	862389	color=b3b1b2
HistocapCB168_6	3541880	3556365	Histocap316p10_6	3748285	3762601	color=b3b1b2
HistocapCB168_6	3032676	3046867	Histocap316p10_6	3157912	3172212	color=b3b1b2
HistocapCB168_6	1909032	1923088	Histocap316p10_6	2049706	2063689	color=b3b1b2
HistocapCB168_6	1626726	1640041	Histocap316p10_6	1758930	1772145	color=b3b1b2
HistocapCB168_6	2724667	2737886	Histocap316p10_6	2850101	2863452	color=b3b1b2
HistocapCB168_6	610498	623632	Histocap316p10_6	631968	644993	color=b3b1b2
HistocapCB168_6	381477	394447	Histocap316p10_6	382488	395364	color=b3b1b2
HistocapCB168_6	2650862	2663655	Histocap316p10_6	2755523	2768314	color=b3b1b2
HistocapCB168_6	3559291	3572062	Histocap316p10_6	3766429	3779179	color=b3b1b2
HistocapCB168_6	684776	697341	Histocap316p10_6	703675	716177	color=b3b1b2
HistocapCB168_6	3643444	3655874	Histocap316p10_6	3844930	3857376	color=b3b1b2
HistocapCB168_6	2277471	2289758	Histocap316p10_6	2454754	2467004	color=b3b1b2
HistocapCB168_6	721687	733897	Histocap316p10_6	736976	749074	color=b3b1b2
HistocapCB168_6	5082801	5094809	Histocap316p10_6	5297082	5309047	color=b3b1b2
HistocapCB168_6	4063672	4075440	Histocap316p10_6	4248672	4260406	color=b3b1b2
HistocapCB168_6	3822591	3834292	Histocap316p10_6	4021388	4032958	color=b3b1b2
HistocapCB168_6	4927069	4938630	Histocap316p10_6	5114626	5126083	color=b3b1b2
HistocapCB168_6	1355024	1366565	Histocap316p10_6	1476939	1488560	color=b3b1b2
HistocapCB168_6	4320881	4332305	Histocap316p10_6	4513663	4525070	color=b3b1b2
HistocapCB168_6	3364503	3375895	Histocap316p10_6	3496358	3507777	color=b3b1b2
HistocapCB168_6	803841	815204	Histocap316p10_6	814220	825512	color=b3b1b2
HistocapCB168_6	1247955	1259063	Histocap316p10_6	1331319	1342419	color=b3b1b2
HistocapCB168_6	2061428	2072521	Histocap316p10_6	2221447	2232547	color=b3b1b2
HistocapCB168_6	4869367	4880429	Histocap316p10_6	5061347	5072422	color=b3b1b2
HistocapCB168_6	1093487	1104379	Histocap316p10_6	1179904	1190755	color=b3b1b2
HistocapCB168_6	458050	468793	Histocap316p10_6	464903	475576	color=b3b1b2
HistocapCB168_6	4160849	4171559	Histocap316p10_6	4354503	4365161	color=b3b1b2
HistocapCB168_6	4527489	4538181	Histocap316p10_6	4721062	4731752	color=b3b1b2
HistocapCB168_6	2801572	2812230	Histocap316p10_6	2921830	2932533	color=b3b1b2
HistocapCB168_6	2082772	2093361	Histocap316p10_6	2242161	2252737	color=b3b1b2
HistocapCB168_6	1153276	1163558	Histocap316p10_6	1243878	1254062	color=b3b1b2
HistocapCB168_6	2848727	2858820	Histocap316p10_6	2976394	2986560	color=b3b1b2
HistocapCB168_6	1394863	1404861	Histocap316p10_6	1516599	1526453	color=b3b1b2
HistocapCB168_6	1415803	1425799	Histocap316p10_6	1537715	1547784	color=b3b1b2
HistocapCB168_6	5126594	5136587	Histocap316p10_6	5385115	5395228	color=b3b1b2
HistocapCB168_6	3254239	3264161	Histocap316p10_6	3408869	3418769	color=b3b1b2
HistocapCB168_6	184827	194745	Histocap316p10_6	186983	196731	color=b3b1b2
HistocapCB168_6	1231788	1241641	Histocap316p10_6	1314755	1324526	color=b3b1b2
HistocapCB168_6	2108401	2118247	Histocap316p10_6	2270306	2280206	color=b3b1b2
HistocapCB168_6	1694905	1704615	Histocap316p10_6	1824873	1834547	color=b3b1b2
HistocapCB168_6	1327133	1336826	Histocap316p10_6	1431549	1441214	color=b3b1b2
HistocapCB168_6	4849934	4859573	Histocap316p10_6	5040846	5050370	color=b3b1b2
HistocapCB168_6	2416521	2426156	Histocap316p10_6	2577649	2587192	color=b3b1b2
HistocapCB168_6	3989464	3999089	Histocap316p10_6	4185317	4194883	color=b3b1b2
HistocapCB168_6	3913355	3922976	Histocap316p10_6	4109970	4119392	color=b3b1b2
HistocapCB168_6	90861	100386	Histocap316p10_6	98369	107844	color=b3b1b2
HistocapCB168_6	1438282	1447792	Histocap316p10_6	1560995	1570513	color=b3b1b2
HistocapCB168_6	4728427	4737897	Histocap316p10_6	4939808	4949234	color=b3b1b2
HistocapCB168_6	1476803	1486257	Histocap316p10_6	1606363	1615826	color=b3b1b2
HistocapCB168_6	4757241	4766695	Histocap316p10_6	4967759	4977200	color=b3b1b2
HistocapCB168_6	3838379	3847720	Histocap316p10_6	4037340	4046656	color=b3b1b2
HistocapCB168_6	321238	330496	Histocap316p10_6	321482	330751	color=b3b1b2
HistocapCB168_6	1060623	1069768	Histocap316p10_6	1146094	1155092	color=b3b1b2
HistocapCB168_6	755142	764256	Histocap316p10_6	767654	776844	color=b3b1b2
HistocapCB168_6	569711	578793	Histocap316p10_6	589786	598857	color=b3b1b2
HistocapCB168_6	1203788	1212840	Histocap316p10_6	1295093	1304132	color=b3b1b2
HistocapCB168_6	1617726	1626710	Histocap316p10_6	1749770	1758743	color=b3b1b2
HistocapCB168_6	4244938	4253885	Histocap316p10_6	4444809	4453711	color=b3b1b2
HistocapCB168_6	4618448	4627319	Histocap316p10_6	4816128	4824928	color=b3b1b2
HistocapCB168_6	4261460	4270291	Histocap316p10_6	4453762	4462560	color=b3b1b2
HistocapCB168_6	4081767	4090554	Histocap316p10_6	4267730	4276523	color=b3b1b2
HistocapCB168_6	5047053	5055818	Histocap316p10_6	5263090	5271984	color=b3b1b2
HistocapCB168_6	343860	352593	Histocap316p10_6	345198	353878	color=b3b1b2
HistocapCB168_6	2909041	2917746	Histocap316p10_6	3036564	3045313	color=b3b1b2
HistocapCB168_6	4393568	4402245	Histocap316p10_6	4575815	4584443	color=b3b1b2
HistocapCB168_6	4139681	4148221	Histocap316p10_6	4328204	4336738	color=b3b1b2
HistocapCB168_6	1292370	1300886	Histocap316p10_6	1382067	1390605	color=b3b1b2
HistocapCB168_6	2371980	2380484	Histocap316p10_6	2533322	2541813	color=b3b1b2
HistocapCB168_6	1272629	1281099	Histocap316p10_6	1356791	1365074	color=b3b1b2
HistocapCB168_6	601943	610391	Histocap316p10_6	623260	631605	color=b3b1b2
HistocapCB168_6	2247638	2256078	Histocap316p10_6	2424286	2432755	color=b3b1b2
HistocapCB168_6	3720951	3729290	Histocap316p10_6	3925173	3933434	color=b3b1b2
HistocapCB168_6	4604001	4612330	Histocap316p10_6	4802836	4811102	color=b3b1b2
HistocapCB168_6	3926074	3934373	Histocap316p10_6	4123214	4131533	color=b3b1b2
HistocapCB168_6	3521055	3529347	Histocap316p10_6	3646306	3654593	color=b3b1b2
HistocapCB168_6	1967804	1976019	Histocap316p10_6	2105835	2113932	color=b3b1b2
HistocapCB168_6	1406763	1414953	Histocap316p10_6	1529101	1537196	color=b3b1b2
HistocapCB168_6	201518	209708	Histocap316p10_6	202596	210729	color=b3b1b2
HistocapCB168_6	2234730	2242839	Histocap316p10_6	2410100	2418211	color=b3b1b2
HistocapCB168_6	1339603	1347679	Histocap316p10_6	1443475	1451408	color=b3b1b2
HistocapCB168_6	5117558	5125612	Histocap316p10_6	5376435	5384569	color=b3b1b2
HistocapCB168_6	3746261	3754284	Histocap316p10_6	3950797	3958765	color=b3b1b2
HistocapCB168_6	1654252	1662263	Histocap316p10_6	1785992	1794102	color=b3b1b2
HistocapCB168_6	364024	371964	Histocap316p10_6	363456	371377	color=b3b1b2
HistocapCB168_6	5004229	5012148	Histocap316p10_6	5217797	5225658	color=b3b1b2
HistocapCB168_6	2827940	2835845	Histocap316p10_6	2957456	2965321	color=b3b1b2
HistocapCB168_6	2878799	2886586	Histocap316p10_6	3006299	3014112	color=b3b1b2
HistocapCB168_6	3412485	3420243	Histocap316p10_6	3543838	3551590	color=b3b1b2
HistocapCB168_6	1883691	1891435	Histocap316p10_6	512537	504816	color=b3b1b2
HistocapCB168_6	669552	677281	Histocap316p10_6	690367	698070	color=b3b1b2
HistocapCB168_6	440369	448092	Histocap316p10_6	446799	454443	color=b3b1b2
HistocapCB168_6	3156402	3164009	Histocap316p10_6	3297521	3305108	color=b3b1b2
HistocapCB168_6	779603	787197	Histocap316p10_6	789560	797289	color=b3b1b2
HistocapCB168_6	4445315	4452896	Histocap316p10_6	4634020	4641523	color=b3b1b2
HistocapCB168_6	260490	267908	Histocap316p10_6	265428	272810	color=b3b1b2
HistocapCB168_6	4580799	4588205	Histocap316p10_6	4772523	4779808	color=b3b1b2
HistocapCB168_6	4491152	4498555	Histocap316p10_6	4674342	4681660	color=b3b1b2
HistocapCB168_6	2353214	2360584	Histocap316p10_6	2522955	2530362	color=b3b1b2
HistocapCB168_6	354180	361492	Histocap316p10_6	354123	361462	color=b3b1b2
HistocapCB168_6	910732	918041	Histocap316p10_6	964250	971563	color=b3b1b2
HistocapCB168_6	3795460	3802716	Histocap316p10_6	3997671	4004852	color=b3b1b2
HistocapCB168_6	1384633	1391884	Histocap316p10_6	1504744	1511932	color=b3b1b2
HistocapCB168_6	1531485	1538673	Histocap316p10_6	1662831	1670055	color=b3b1b2
HistocapCB168_6	1872210	1879393	Histocap316p10_6	2027152	2034345	color=b3b1b2
HistocapCB168_6	2964256	2971387	Histocap316p10_6	3092924	3100148	color=b3b1b2
HistocapCB168_6	869561	876691	Histocap316p10_6	874393	881524	color=b3b1b2
HistocapCB168_6	3228327	3235449	Histocap316p10_6	3372856	3379946	color=b3b1b2
HistocapCB168_6	3016183	3023303	Histocap316p10_6	3141366	3148453	color=b3b1b2
HistocapCB168_6	3903097	3910210	Histocap316p10_6	4098880	4105954	color=b3b1b2
HistocapCB168_6	4218033	4225133	Histocap316p10_6	4415393	4422393	color=b3b1b2
HistocapCB168_6	1738267	1745365	Histocap316p10_6	1874001	1881053	color=b3b1b2
HistocapCB168_6	1468737	1475831	Histocap316p10_6	1592300	1599371	color=b3b1b2
HistocapCB168_6	2671307	2678369	Histocap316p10_6	2776314	2783427	color=b3b1b2
HistocapCB168_6	4028961	4036019	Histocap316p10_6	4372487	4365379	color=b3b1b2
HistocapCB168_6	4540755	4547728	Histocap316p10_6	4734263	4741197	color=b3b1b2
HistocapCB168_6	5107903	5114766	Histocap316p10_6	5366691	5373550	color=b3b1b2
HistocapCB168_6	1715627	1722487	Histocap316p10_6	1845506	1852272	color=b3b1b2
HistocapCB168_6	3435872	3442722	Histocap316p10_6	3567371	3574240	color=b3b1b2
HistocapCB168_6	544576	551403	Histocap316p10_6	585523	578700	color=b3b1b2
HistocapCB168_6	3755688	3762510	Histocap316p10_6	3960590	3967374	color=b3b1b2
HistocapCB168_6	4511936	4518750	Histocap316p10_6	4708975	4715707	color=b3b1b2
HistocapCB168_6	209808	216617	Histocap316p10_6	210752	217520	color=b3b1b2
HistocapCB168_6	3196643	3203437	Histocap316p10_6	3339033	3345850	color=b3b1b2
HistocapCB168_6	4644546	4651308	Histocap316p10_6	4841406	4848074	color=b3b1b2
HistocapCB168_6	1548476	1555206	Histocap316p10_6	1679063	1685727	color=b3b1b2
HistocapCB168_6	125028	131748	Histocap316p10_6	132379	139090	color=b3b1b2
HistocapCB168_6	2099011	2105690	Histocap316p10_6	2259792	2266470	color=b3b1b2
HistocapCB168_6	3692838	3699516	Histocap316p10_6	3897268	3903973	color=b3b1b2
HistocapCB168_6	2342028	2348691	Histocap316p10_6	2510282	2516951	color=b3b1b2
HistocapCB168_6	2170401	2177059	Histocap316p10_6	2340630	2347259	color=b3b1b2
HistocapCB168_6	1004801	1011456	Histocap316p10_6	1091854	1098602	color=b3b1b2
HistocapCB168_6	1666332	1672971	Histocap316p10_6	1799035	1805580	color=b3b1b2
HistocapCB168_6	662853	669462	Histocap316p10_6	683604	690138	color=b3b1b2
HistocapCB168_6	4009976	4016562	Histocap316p10_6	4205631	4212234	color=b3b1b2
HistocapCB168_6	2763743	2770322	Histocap316p10_6	2890836	2897329	color=b3b1b2
HistocapCB168_6	2409946	2416521	Histocap316p10_6	2570959	2577528	color=b3b1b2
HistocapCB168_6	4504948	4511521	Histocap316p10_6	4684905	4691486	color=b3b1b2
HistocapCB168_6	4303456	4310013	Histocap316p10_6	4497123	4503554	color=b3b1b2
HistocapCB168_6	4456198	4462742	Histocap316p10_6	4645181	4651670	color=b3b1b2
HistocapCB168_6	1193172	1199708	Histocap316p10_6	1284593	1291051	color=b3b1b2
HistocapCB168_6	1945114	1951609	Histocap316p10_6	2083324	2089909	color=b3b1b2
HistocapCB168_6	2642162	2648639	Histocap316p10_6	2746561	2752985	color=b3b1b2
HistocapCB168_6	4971407	4977854	Histocap316p10_6	5184678	5191153	color=b3b1b2
HistocapCB168_6	21552	27902	Histocap316p10_6	21583	27873	color=b3b1b2
HistocapCB168_6	3803331	3809681	Histocap316p10_6	4005361	4011737	color=b3b1b2
HistocapCB168_6	4978093	4984427	Histocap316p10_6	5191210	5197558	color=b3b1b2
HistocapCB168_6	3164010	3170332	Histocap316p10_6	3305336	3311528	color=b3b1b2
HistocapCB168_6	2402169	2408476	Histocap316p10_6	2562147	2568345	color=b3b1b2
HistocapCB168_6	4830267	4836550	Histocap316p10_6	5018912	5025162	color=b3b1b2
HistocapCB168_6	4238305	4244586	Histocap316p10_6	4438020	4444301	color=b3b1b2
HistocapCB168_6	2334331	2340528	Histocap316p10_6	2502384	2508589	color=b3b1b2
HistocapCB168_6	1898381	1904553	Histocap316p10_6	2040580	2046776	color=b3b1b2
HistocapCB168_6	494003	500157	Histocap316p10_6	521664	527758	color=b3b1b2
HistocapCB168_6	174635	180763	Histocap316p10_6	176863	183096	color=b3b1b2
HistocapCB168_6	411146	417270	Histocap316p10_6	410972	416969	color=b3b1b2
HistocapCB168_6	892986	899110	Histocap316p10_6	949219	955264	color=b3b1b2
HistocapCB168_6	487024	493087	Histocap316p10_6	498769	504818	color=b3b1b2
HistocapCB168_6	1986216	1992276	Histocap316p10_6	2125799	2131857	color=b3b1b2
HistocapCB168_6	4047638	4053695	Histocap316p10_6	4233607	4239801	color=b3b1b2
HistocapCB168_6	3134095	3140120	Histocap316p10_6	3273547	3279518	color=b3b1b2
HistocapCB168_6	4997871	5003890	Histocap316p10_6	5210697	5216688	color=b3b1b2
HistocapCB168_6	3531325	3537341	Histocap316p10_6	3737441	3743471	color=b3b1b2
HistocapCB168_6	4271887	4277898	Histocap316p10_6	4462858	4468861	color=b3b1b2
HistocapCB168_6	511861	517822	Histocap316p10_6	535588	541622	color=b3b1b2
HistocapCB168_6	5012266	5018221	Histocap316p10_6	5225751	5231669	color=b3b1b2
HistocapCB168_6	2757653	2763522	Histocap316p10_6	2884741	2890614	color=b3b1b2
HistocapCB168_6	194841	200706	Histocap316p10_6	196597	202550	color=b3b1b2
HistocapCB168_6	2842900	2848725	Histocap316p10_6	2970215	2975987	color=b3b1b2
HistocapCB168_6	2923143	2928947	Histocap316p10_6	3049981	3055866	color=b3b1b2
HistocapCB168_6	5057618	5063420	Histocap316p10_6	5273408	5279256	color=b3b1b2
HistocapCB168_6	1259350	1265151	Histocap316p10_6	1342663	1348335	color=b3b1b2
HistocapCB168_6	4196078	4201879	Histocap316p10_6	4392409	4398185	color=b3b1b2
HistocapCB168_6	4949895	4955654	Histocap316p10_6	5158376	5164119	color=b3b1b2
HistocapCB168_6	2626530	2632288	Histocap316p10_6	2731496	2737221	color=b3b1b2
HistocapCB168_6	60530	66274	Histocap316p10_6	57315	62996	color=b3b1b2
HistocapCB168_6	705432	711168	Histocap316p10_6	719434	725029	color=b3b1b2
HistocapCB168_6	4151175	4156908	Histocap316p10_6	4339895	4345603	color=b3b1b2
HistocapCB168_6	4743355	4749066	Histocap316p10_6	4954392	4960029	color=b3b1b2
HistocapCB168_6	161555	167228	Histocap316p10_6	170549	176173	color=b3b1b2
HistocapCB168_6	4560211	4565881	Histocap316p10_6	4752316	4758053	color=b3b1b2
HistocapCB168_6	1815832	1821486	Histocap316p10_6	1970921	1976519	color=b3b1b2
HistocapCB168_6	583262	588893	Histocap316p10_6	603284	608995	color=b3b1b2
HistocapCB168_6	2866588	2872153	Histocap316p10_6	2996218	3001705	color=b3b1b2
HistocapCB168_6	4770578	4776117	Histocap316p10_6	4977619	4983137	color=b3b1b2
HistocapCB168_6	3936712	3942248	Histocap316p10_6	4134320	4139831	color=b3b1b2
HistocapCB168_6	1673149	1678677	Histocap316p10_6	1805831	1811336	color=b3b1b2
HistocapCB168_6	963077	968599	Histocap316p10_6	1055599	1061097	color=b3b1b2
HistocapCB168_6	3111058	3116578	Histocap316p10_6	3249337	3254896	color=b3b1b2
HistocapCB168_6	4704658	4710172	Histocap316p10_6	4893113	4898601	color=b3b1b2
HistocapCB168_6	1141306	1146813	Histocap316p10_6	1231832	1237338	color=b3b1b2
HistocapCB168_6	3618879	3624346	Histocap316p10_6	3822423	3827892	color=b3b1b2
HistocapCB168_6	3873856	3879273	Histocap316p10_6	4067924	4073360	color=b3b1b2
HistocapCB168_6	3663333	3668749	Histocap316p10_6	3866037	3871482	color=b3b1b2
HistocapCB168_6	2157723	2163131	Histocap316p10_6	2332064	2337465	color=b3b1b2
HistocapCB168_6	3051521	3056903	Histocap316p10_6	3177160	3182457	color=b3b1b2
HistocapCB168_6	2187480	2192855	Histocap316p10_6	2349809	2355160	color=b3b1b2
HistocapCB168_6	3059115	3064489	Histocap316p10_6	3183213	3188589	color=b3b1b2
HistocapCB168_6	3119550	3124916	Histocap316p10_6	3259500	3264774	color=b3b1b2
HistocapCB168_6	2291257	2296608	Histocap316p10_6	2467067	2472385	color=b3b1b2
HistocapCB168_6	537664	543012	Histocap316p10_6	560201	565506	color=b3b1b2
HistocapCB168_6	4099177	4104510	Histocap316p10_6	4285536	4290844	color=b3b1b2
HistocapCB168_6	677827	683157	Histocap316p10_6	698315	703641	color=b3b1b2
HistocapCB168_6	501476	506800	Histocap316p10_6	528927	534268	color=b3b1b2
HistocapCB168_6	1979512	1984831	Histocap316p10_6	2118038	2123385	color=b3b1b2
HistocapCB168_6	4365713	4371017	Histocap316p10_6	4556251	4561562	color=b3b1b2
HistocapCB168_6	4425052	4430354	Histocap316p10_6	4609878	4615176	color=b3b1b2
HistocapCB168_6	3356434	3361671	Histocap316p10_6	3489654	3494925	color=b3b1b2
HistocapCB168_6	4635705	4640925	Histocap316p10_6	4833324	4838527	color=b3b1b2
HistocapCB168_6	4092227	4097432	Histocap316p10_6	4278588	4283766	color=b3b1b2
HistocapCB168_6	1030033	1035224	Histocap316p10_6	1116655	1121818	color=b3b1b2
HistocapCB168_6	2738088	2743277	Histocap316p10_6	2863437	2868660	color=b3b1b2
HistocapCB168_6	1939943	1945125	Histocap316p10_6	2077830	2083028	color=b3b1b2
HistocapCB168_6	4547831	4552980	Histocap316p10_6	4741551	4746702	color=b3b1b2
HistocapCB168_6	551521	556651	Histocap316p10_6	565894	571019	color=b3b1b2
HistocapCB168_6	1773840	1778955	Histocap316p10_6	1908688	1913733	color=b3b1b2
HistocapCB168_6	749796	754901	Histocap316p10_6	762373	767497	color=b3b1b2
HistocapCB168_6	4405356	4410459	Histocap316p10_6	4589468	4594538	color=b3b1b2
HistocapCB168_6	405698	410795	Histocap316p10_6	405553	410560	color=b3b1b2
HistocapCB168_6	879911	885000	Histocap316p10_6	931939	937041	color=b3b1b2
HistocapCB168_6	4417561	4422627	Histocap316p10_6	4601781	4606818	color=b3b1b2
HistocapCB168_6	3774279	3779322	Histocap316p10_6	3980143	3985181	color=b3b1b2
HistocapCB168_6	1953896	1958934	Histocap316p10_6	2092464	2097501	color=b3b1b2
HistocapCB168_6	1852145	1857176	Histocap316p10_6	2005603	2010649	color=b3b1b2
HistocapCB168_6	1185769	1190796	Histocap316p10_6	1276820	1281833	color=b3b1b2
HistocapCB168_6	2637149	2642159	Histocap316p10_6	2741370	2746409	color=b3b1b2
HistocapCB168_6	4780485	4785483	Histocap316p10_6	4987247	4992256	color=b3b1b2
HistocapCB168_6	1148298	1153292	Histocap316p10_6	1238799	1243726	color=b3b1b2
HistocapCB168_6	1226822	1231802	Histocap316p10_6	1309651	1314579	color=b3b1b2
HistocapCB168_6	3766100	3771079	Histocap316p10_6	3970717	3975799	color=b3b1b2
HistocapCB168_6	885056	890026	Histocap316p10_6	937672	942588	color=b3b1b2
HistocapCB168_6	3247496	3252456	Histocap316p10_6	3401759	3406712	color=b3b1b2
HistocapCB168_6	2835975	2840911	Histocap316p10_6	2965340	2970276	color=b3b1b2
HistocapCB168_6	2380650	2385581	Histocap316p10_6	2541826	2546746	color=b3b1b2
HistocapCB168_6	2971488	2976393	Histocap316p10_6	3100022	3104926	color=b3b1b2
HistocapCB168_6	857920	862792	Histocap316p10_6	862568	867422	color=b3b1b2
HistocapCB168_6	4922209	4927075	Histocap316p10_6	5109525	5114377	color=b3b1b2
HistocapCB168_6	3430602	3435456	Histocap316p10_6	3562501	3567338	color=b3b1b2
HistocapCB168_6	3393840	3398690	Histocap316p10_6	3526221	3531004	color=b3b1b2
HistocapCB168_6	3978244	3983094	Histocap316p10_6	4174016	4178978	color=b3b1b2
HistocapCB168_6	5098496	5103337	Histocap316p10_6	5312349	5317183	color=b3b1b2
HistocapCB168_6	100944	105765	Histocap316p10_6	108248	113008	color=b3b1b2
HistocapCB168_6	480937	485757	Histocap316p10_6	493154	497840	color=b3b1b2
HistocapCB168_6	156370	161154	Histocap316p10_6	165837	170529	color=b3b1b2
HistocapCB168_6	374343	379114	Histocap316p10_6	373367	378136	color=b3b1b2
HistocapCB168_6	2256483	2261253	Histocap316p10_6	2433070	2437912	color=b3b1b2
HistocapCB168_6	1242330	1247089	Histocap316p10_6	1326435	1331162	color=b3b1b2
HistocapCB168_6	4436225	4440975	Histocap316p10_6	4624100	4628843	color=b3b1b2
HistocapCB168_6	1799532	1804272	Histocap316p10_6	1946262	1950972	color=b3b1b2
HistocapCB168_6	3175745	3180462	Histocap316p10_6	3317227	3321888	color=b3b1b2
HistocapCB168_6	992016	996728	Histocap316p10_6	1085492	1090187	color=b3b1b2
HistocapCB168_6	920943	925638	Histocap316p10_6	974785	979501	color=b3b1b2
HistocapCB168_6	8529	13221	Histocap316p10_6	9918	14575	color=b3b1b2
HistocapCB168_6	1574535	1579223	Histocap316p10_6	1702050	1706709	color=b3b1b2
HistocapCB168_6	3888238	3892925	Histocap316p10_6	4083830	4088574	color=b3b1b2
HistocapCB168_6	2752603	2757269	Histocap316p10_6	2879377	2883995	color=b3b1b2
HistocapCB168_6	3406760	3411426	Histocap316p10_6	3538323	3542982	color=b3b1b2
HistocapCB168_6	3964257	3968900	Histocap316p10_6	4161722	4166344	color=b3b1b2
HistocapCB168_6	1180916	1185515	Histocap316p10_6	1272245	1276825	color=b3b1b2
HistocapCB168_6	1598128	1602721	Histocap316p10_6	1729175	1733657	color=b3b1b2
HistocapCB168_6	3857859	3862447	Histocap316p10_6	4058186	4062748	color=b3b1b2
HistocapCB168_6	902925	907506	Histocap316p10_6	956330	960944	color=b3b1b2
HistocapCB168_6	2385919	2390490	Histocap316p10_6	2546750	2551277	color=b3b1b2
HistocapCB168_6	958529	963068	Histocap316p10_6	1050940	1055414	color=b3b1b2
HistocapCB168_6	3444660	3449198	Histocap316p10_6	3576372	3580871	color=b3b1b2
HistocapCB168_6	740721	745258	Histocap316p10_6	753682	758186	color=b3b1b2
HistocapCB168_6	2606810	2611332	Histocap316p10_6	2719153	2723704	color=b3b1b2
HistocapCB168_6	2917903	2922417	Histocap316p10_6	3045415	3049913	color=b3b1b2
HistocapCB168_6	2978712	2983219	Histocap316p10_6	3104921	3109441	color=b3b1b2
HistocapCB168_6	770668	775139	Histocap316p10_6	778849	783268	color=b3b1b2
HistocapCB168_6	1825575	1830045	Histocap316p10_6	1979987	1984489	color=b3b1b2
HistocapCB168_6	4410770	4415227	Histocap316p10_6	4594907	4599290	color=b3b1b2
HistocapCB168_6	639760	644201	Histocap316p10_6	660304	664746	color=b3b1b2
HistocapCB168_6	631069	635505	Histocap316p10_6	651151	655591	color=b3b1b2
HistocapCB168_6	1809964	1814387	Histocap316p10_6	1963019	1967425	color=b3b1b2
HistocapCB168_6	2937277	2941695	Histocap316p10_6	3062886	3067296	color=b3b1b2
HistocapCB168_6	4791922	4796332	Histocap316p10_6	4998752	5003173	color=b3b1b2
HistocapCB168_6	597433	601841	Histocap316p10_6	618616	623043	color=b3b1b2
HistocapCB168_6	2994053	2998453	Histocap316p10_6	3116706	3121096	color=b3b1b2
HistocapCB168_6	2078070	2082454	Histocap316p10_6	2237643	2242037	color=b3b1b2
HistocapCB168_6	745356	749688	Histocap316p10_6	758181	762372	color=b3b1b2
HistocapCB168_6	1568564	1572878	Histocap316p10_6	1694908	1699238	color=b3b1b2
HistocapCB168_6	1072712	1077025	Histocap316p10_6	1159069	1163362	color=b3b1b2
HistocapCB168_6	3848186	3852482	Histocap316p10_6	4047107	4051403	color=b3b1b2
HistocapCB168_6	4104558	4108853	Histocap316p10_6	4291147	4295400	color=b3b1b2
HistocapCB168_6	4282567	4286846	Histocap316p10_6	4473870	4478189	color=b3b1b2
HistocapCB168_6	4058739	4063004	Histocap316p10_6	4243493	4247768	color=b3b1b2
HistocapCB168_6	3379698	3383961	Histocap316p10_6	3513561	3517838	color=b3b1b2
HistocapCB168_6	1756669	1760929	Histocap316p10_6	1891603	1895769	color=b3b1b2
HistocapCB168_6	790546	794803	Histocap316p10_6	800123	804358	color=b3b1b2
HistocapCB168_6	2891331	2895560	Histocap316p10_6	3018723	3022908	color=b3b1b2
HistocapCB168_6	4441111	4445328	Histocap316p10_6	4629020	4633266	color=b3b1b2
HistocapCB168_6	3312853	3317066	Histocap316p10_6	3447289	3451480	color=b3b1b2
HistocapCB168_6	4738014	4742227	Histocap316p10_6	4949856	4954098	color=b3b1b2
HistocapCB168_6	1163767	1167977	Histocap316p10_6	1254065	1258248	color=b3b1b2
HistocapCB168_6	4484253	4488459	Histocap316p10_6	4666880	4671089	color=b3b1b2
HistocapCB168_6	2720405	2724597	Histocap316p10_6	2845293	2849491	color=b3b1b2
HistocapCB168_6	4349009	4353200	Histocap316p10_6	4542414	4546614	color=b3b1b2
HistocapCB168_6	3170834	3175015	Histocap316p10_6	3312558	3316739	color=b3b1b2
HistocapCB168_6	141436	145599	Histocap316p10_6	150679	154885	color=b3b1b2
HistocapCB168_6	4776220	4780381	Histocap316p10_6	4983137	4987266	color=b3b1b2
HistocapCB168_6	3505584	3509733	Histocap316p10_6	3623203	3627362	color=b3b1b2
HistocapCB168_6	1603114	1607254	Histocap316p10_6	1734087	1738206	color=b3b1b2
HistocapCB168_6	2744546	2748684	Histocap316p10_6	2871345	2875414	color=b3b1b2
HistocapCB168_6	3400981	3405111	Histocap316p10_6	3532764	3536883	color=b3b1b2
HistocapCB168_6	3420562	3424688	Histocap316p10_6	3551769	3555938	color=b3b1b2
HistocapCB168_6	3702714	3706838	Histocap316p10_6	3907374	3911511	color=b3b1b2
HistocapCB168_6	4863185	4867308	Histocap316p10_6	5054681	5058751	color=b3b1b2
HistocapCB168_6	5173816	5177929	Histocap316p10_6	5413309	5417425	color=b3b1b2
HistocapCB168_6	4523179	4527288	Histocap316p10_6	4716791	4720825	color=b3b1b2
HistocapCB168_6	4360360	4364451	Histocap316p10_6	4550258	4554313	color=b3b1b2
HistocapCB168_6	3320760	3324848	Histocap316p10_6	3455047	3459092	color=b3b1b2
HistocapCB168_6	4204725	4208813	Histocap316p10_6	4401456	4405527	color=b3b1b2
HistocapCB168_6	292842	296927	Histocap316p10_6	295258	299362	color=b3b1b2
HistocapCB168_6	2946150	2950232	Histocap316p10_6	3071917	3076010	color=b3b1b2
HistocapCB168_6	1378130	1382205	Histocap316p10_6	1500359	1504457	color=b3b1b2
HistocapCB168_6	2708342	2712412	Histocap316p10_6	2834503	2838550	color=b3b1b2
HistocapCB168_6	4003237	4007299	Histocap316p10_6	4199112	4203155	color=b3b1b2
HistocapCB168_6	4576745	4580805	Histocap316p10_6	4768189	4772223	color=b3b1b2
HistocapCB168_6	646465	650516	Histocap316p10_6	667304	671342	color=b3b1b2
HistocapCB168_6	4463133	4467171	Histocap316p10_6	4652734	4656768	color=b3b1b2
HistocapCB168_6	2094981	2099009	Histocap316p10_6	2255564	2259613	color=b3b1b2
HistocapCB168_6	1426482	1430496	Histocap316p10_6	1548411	1552396	color=b3b1b2
HistocapCB168_6	2027243	2031256	Histocap316p10_6	2188397	2192421	color=b3b1b2
HistocapCB168_6	2314848	2318853	Histocap316p10_6	2482147	2486175	color=b3b1b2
HistocapCB168_6	151768	155749	Histocap316p10_6	161338	165337	color=b3b1b2
HistocapCB168_6	2125557	2129531	Histocap316p10_6	2289963	2293877	color=b3b1b2
HistocapCB168_6	1707659	1711625	Histocap316p10_6	1837575	1841558	color=b3b1b2
HistocapCB168_6	3097274	3101231	Histocap316p10_6	3234970	3238858	color=b3b1b2
HistocapCB168_6	3026518	3030460	Histocap316p10_6	3151782	3155682	color=b3b1b2
HistocapCB168_6	429419	433338	Histocap316p10_6	430347	434265	color=b3b1b2
HistocapCB168_6	565623	569541	Histocap316p10_6	585933	589836	color=b3b1b2
HistocapCB168_6	3425603	3429515	Histocap316p10_6	3557189	3561124	color=b3b1b2
HistocapCB168_6	2632509	2636413	Histocap316p10_6	2737216	2741151	color=b3b1b2
HistocapCB168_6	523754	527655	Histocap316p10_6	548904	552738	color=b3b1b2
HistocapCB168_6	4627577	4631474	Histocap316p10_6	4825237	4829121	color=b3b1b2
HistocapCB168_6	1583861	1587757	Histocap316p10_6	1708939	1712805	color=b3b1b2
HistocapCB168_6	3290989	3294884	Histocap316p10_6	3428115	3432014	color=b3b1b2
HistocapCB168_6	4938731	4942617	Histocap316p10_6	5126064	5129983	color=b3b1b2
HistocapCB168_6	3942470	3946340	Histocap316p10_6	4140141	4144054	color=b3b1b2
HistocapCB168_6	2196194	2200055	Histocap316p10_6	2366322	2370088	color=b3b1b2
HistocapCB168_6	2697492	2701348	Histocap316p10_6	2823262	2827031	color=b3b1b2
HistocapCB168_6	145825	149678	Histocap316p10_6	155000	158821	color=b3b1b2
HistocapCB168_6	3125044	3128896	Histocap316p10_6	3264901	3268761	color=b3b1b2
HistocapCB168_6	1934202	1938037	Histocap316p10_6	2072184	2075880	color=b3b1b2
HistocapCB168_6	2933398	2937191	Histocap316p10_6	3058858	3062658	color=b3b1b2
HistocapCB168_6	1368998	1372780	Histocap316p10_6	1490069	1493855	color=b3b1b2
HistocapCB168_6	1433749	1437529	Histocap316p10_6	1555557	1559386	color=b3b1b2
HistocapCB168_6	3243681	3247446	Histocap316p10_6	3397282	3400963	color=b3b1b2
HistocapCB168_6	4839237	4842970	Histocap316p10_6	5028726	5032457	color=b3b1b2
HistocapCB168_6	1804201	1807929	Histocap316p10_6	1951192	1954923	color=b3b1b2
HistocapCB168_6	2684468	2688188	Histocap316p10_6	2813697	2817446	color=b3b1b2
HistocapCB168_6	4796498	4800210	Histocap316p10_6	5003324	5006990	color=b3b1b2
HistocapCB168_6	2872338	2876043	Histocap316p10_6	3001888	3005588	color=b3b1b2
HistocapCB168_6	3639734	3643439	Histocap316p10_6	3841002	3844719	color=b3b1b2
HistocapCB168_6	2886811	2890494	Histocap316p10_6	3014540	3018213	color=b3b1b2
HistocapCB168_6	1268865	1272528	Histocap316p10_6	1352802	1356533	color=b3b1b2
HistocapCB168_6	976806	980455	Histocap316p10_6	1067989	1071619	color=b3b1b2
HistocapCB168_6	4342421	4346064	Histocap316p10_6	4535047	4538708	color=b3b1b2
HistocapCB168_6	4119465	4123099	Histocap316p10_6	4307687	4311319	color=b3b1b2
HistocapCB168_6	1052490	1056099	Histocap316p10_6	1138004	1141663	color=b3b1b2
HistocapCB168_6	1037672	1041280	Histocap316p10_6	1123241	1126891	color=b3b1b2
HistocapCB168_6	3299617	3303224	Histocap316p10_6	3435878	3439489	color=b3b1b2
HistocapCB168_6	4631475	4635082	Histocap316p10_6	4829246	4832879	color=b3b1b2
HistocapCB168_6	1730773	1734374	Histocap316p10_6	1863996	1867581	color=b3b1b2
HistocapCB168_6	282841	286433	Histocap316p10_6	284588	288185	color=b3b1b2
HistocapCB168_6	4613608	4617192	Histocap316p10_6	4811278	4814819	color=b3b1b2
HistocapCB168_6	2956470	2960046	Histocap316p10_6	3085296	3088900	color=b3b1b2
HistocapCB168_6	4295777	4299319	Histocap316p10_6	4489705	4493247	color=b3b1b2
HistocapCB168_6	73757	77292	Histocap316p10_6	70302	73793	color=b3b1b2
HistocapCB168_6	3985607	3989140	Histocap316p10_6	4181547	4185082	color=b3b1b2
HistocapCB168_6	3387476	3391007	Histocap316p10_6	3519203	3522740	color=b3b1b2
HistocapCB168_6	3376010	3379538	Histocap316p10_6	3510039	3513563	color=b3b1b2
HistocapCB168_6	2748685	2752212	Histocap316p10_6	2875509	2878999	color=b3b1b2
HistocapCB168_6	227557	231083	Histocap316p10_6	227765	231249	color=b3b1b2
HistocapCB168_6	3809830	3813320	Histocap316p10_6	4012004	4015484	color=b3b1b2
HistocapCB168_6	268895	272382	Histocap316p10_6	273727	277147	color=b3b1b2
HistocapCB168_6	820997	824470	Histocap316p10_6	825930	829435	color=b3b1b2
HistocapCB168_6	3083774	3087231	Histocap316p10_6	3223740	3227197	color=b3b1b2
HistocapCB168_6	3512896	3516349	Histocap316p10_6	3630888	3634341	color=b3b1b2
HistocapCB168_6	1021135	1024582	Histocap316p10_6	1106331	1109783	color=b3b1b2
HistocapCB168_6	1265157	1268593	Histocap316p10_6	1349130	1352572	color=b3b1b2
HistocapCB168_6	45045	48478	Histocap316p10_6	40234	43663	color=b3b1b2
HistocapCB168_6	2941705	2945132	Histocap316p10_6	3067517	3070931	color=b3b1b2
HistocapCB168_6	5032060	5035479	Histocap316p10_6	5243650	5247106	color=b3b1b2
HistocapCB168_6	4313954	4317369	Histocap316p10_6	4507262	4510679	color=b3b1b2
HistocapCB168_6	4884434	4887847	Histocap316p10_6	5076851	5080216	color=b3b1b2
HistocapCB168_6	4430611	4434022	Histocap316p10_6	4615343	4618761	color=b3b1b2
HistocapCB168_6	2897795	2901176	Histocap316p10_6	3023712	3027035	color=b3b1b2
HistocapCB168_6	3762620	3765999	Histocap316p10_6	3967355	3970709	color=b3b1b2
HistocapCB168_6	2305233	2308586	Histocap316p10_6	2476573	2479911	color=b3b1b2
HistocapCB168_6	3893036	3896375	Histocap316p10_6	4088585	4091929	color=b3b1b2
HistocapCB168_6	1281436	1284774	Histocap316p10_6	1365135	1368507	color=b3b1b2
HistocapCB168_6	4291588	4294904	Histocap316p10_6	4480325	4483655	color=b3b1b2
HistocapCB168_6	3214708	3218017	Histocap316p10_6	3359980	3363301	color=b3b1b2
HistocapCB168_6	4235000	4238307	Histocap316p10_6	4431427	4434735	color=b3b1b2
HistocapCB168_6	4388705	4392011	Histocap316p10_6	4569989	4573294	color=b3b1b2
HistocapCB168_6	3659585	3662887	Histocap316p10_6	3862054	3865363	color=b3b1b2
HistocapCB168_6	1524170	1527470	Histocap316p10_6	1654083	1657401	color=b3b1b2
HistocapCB168_6	54946	58235	Histocap316p10_6	49293	52683	color=b3b1b2
HistocapCB168_6	4826762	4830048	Histocap316p10_6	5015593	5018903	color=b3b1b2
HistocapCB168_6	4670256	4673541	Histocap316p10_6	4866624	4869854	color=b3b1b2
HistocapCB168_6	3344435	3347681	Histocap316p10_6	3478497	3481750	color=b3b1b2
HistocapCB168_6	4336418	4339663	Histocap316p10_6	4528830	4532042	color=b3b1b2
HistocapCB168_6	3537437	3540669	Histocap316p10_6	3743831	3747060	color=b3b1b2
HistocapCB168_6	3087493	3090720	Histocap316p10_6	3227310	3230498	color=b3b1b2
HistocapCB168_6	4278402	4281616	Histocap316p10_6	4469360	4472582	color=b3b1b2
HistocapCB168_6	1649809	1653022	Histocap316p10_6	1781122	1784334	color=b3b1b2
HistocapCB168_6	1486496	1489696	Histocap316p10_6	1616300	1619500	color=b3b1b2
HistocapCB168_6	1563602	1566798	Histocap316p10_6	1690605	1693791	color=b3b1b2
HistocapCB168_6	180864	184055	Histocap316p10_6	182966	186136	color=b3b1b2
HistocapCB168_6	5185	8373	Histocap316p10_6	6322	9463	color=b3b1b2
HistocapCB168_6	1449361	1452545	Histocap316p10_6	1572211	1575510	color=b3b1b2
HistocapCB168_6	2861629	2864808	Histocap316p10_6	2989287	2992409	color=b3b1b2
HistocapCB168_6	3103745	3106917	Histocap316p10_6	3242448	3245536	color=b3b1b2
HistocapCB168_6	2121662	2124819	Histocap316p10_6	2285491	2288620	color=b3b1b2
HistocapCB168_6	2319565	2322720	Histocap316p10_6	2486814	2490006	color=b3b1b2
HistocapCB168_6	4042370	4045513	Histocap316p10_6	4229197	4232337	color=b3b1b2
HistocapCB168_6	3896536	3899654	Histocap316p10_6	4092239	4095316	color=b3b1b2
HistocapCB168_6	4157724	4160841	Histocap316p10_6	4351325	4354390	color=b3b1b2
HistocapCB168_6	3003486	3006583	Histocap316p10_6	3128565	3131635	color=b3b1b2
HistocapCB168_6	448222	451315	Histocap316p10_6	454761	457864	color=b3b1b2
HistocapCB168_6	775240	778333	Histocap316p10_6	784679	787816	color=b3b1b2
HistocapCB168_6	3947455	3950537	Histocap316p10_6	4145434	4148520	color=b3b1b2
HistocapCB168_6	1287495	1290567	Histocap316p10_6	1376154	1379209	color=b3b1b2
HistocapCB168_6	5160804	5163875	Histocap316p10_6	5400810	5403859	color=b3b1b2
HistocapCB168_6	1112116	1115177	Histocap316p10_6	1198010	1201091	color=b3b1b2
HistocapCB168_6	579148	582209	Histocap316p10_6	598886	601986	color=b3b1b2
HistocapCB168_6	1041814	1044865	Histocap316p10_6	1127692	1130699	color=b3b1b2
HistocapCB168_6	971642	974690	Histocap316p10_6	1063136	1066193	color=b3b1b2
HistocapCB168_6	3729682	3732729	Histocap316p10_6	3933526	3936595	color=b3b1b2
HistocapCB168_6	335675	338702	Histocap316p10_6	337191	340124	color=b3b1b2
HistocapCB168_6	4130794	4133821	Histocap316p10_6	4319517	4322524	color=b3b1b2
HistocapCB168_6	4123502	4126528	Histocap316p10_6	4312047	4315037	color=b3b1b2
HistocapCB168_6	2118303	2121309	Histocap316p10_6	2282392	2285368	color=b3b1b2
HistocapCB168_6	33261	36266	Histocap316p10_6	33607	36621	color=b3b1b2
HistocapCB168_6	4892281	4895279	Histocap316p10_6	5085754	5088759	color=b3b1b2
HistocapCB168_6	3771077	3774057	Histocap316p10_6	3977076	3980035	color=b3b1b2
HistocapCB168_6	3267756	3270734	Histocap316p10_6	3422555	3425516	color=b3b1b2
HistocapCB168_6	4453244	4456213	Histocap316p10_6	4641862	4644818	color=b3b1b2
HistocapCB168_6	3116584	3119552	Histocap316p10_6	3255114	3258027	color=b3b1b2
HistocapCB168_6	1045020	1047985	Histocap316p10_6	1130736	1133710	color=b3b1b2
HistocapCB168_6	655998	658940	Histocap316p10_6	676550	679452	color=b3b1b2
HistocapCB168_6	3185473	3188411	Histocap316p10_6	3327440	3330376	color=b3b1b2
HistocapCB168_6	4566075	4569013	Histocap316p10_6	4758185	4761039	color=b3b1b2
HistocapCB168_6	2824808	2827731	Histocap316p10_6	2954536	2957439	color=b3b1b2
HistocapCB168_6	66992	69884	Histocap316p10_6	63485	66336	color=b3b1b2
HistocapCB168_6	938588	941469	Histocap316p10_6	1038314	1041179	color=b3b1b2
HistocapCB168_6	4346129	4349009	Histocap316p10_6	4539426	4542293	color=b3b1b2
HistocapCB168_6	1018269	1021126	Histocap316p10_6	1103285	1106133	color=b3b1b2
HistocapCB168_6	1992512	1995351	Histocap316p10_6	2158709	2161580	color=b3b1b2
HistocapCB168_6	451619	454453	Histocap316p10_6	458565	461366	color=b3b1b2
HistocapCB168_6	2432522	2435347	Histocap316p10_6	2666249	2669047	color=b3b1b2
HistocapCB168_6	4201878	4204700	Histocap316p10_6	4398373	4401161	color=b3b1b2
HistocapCB168_6	787361	790181	Histocap316p10_6	797289	800091	color=b3b1b2
HistocapCB168_6	3960520	3963323	Histocap316p10_6	4157651	4160472	color=b3b1b2
HistocapCB168_6	918149	920942	Histocap316p10_6	971910	974697	color=b3b1b2
HistocapCB168_6	2716369	2719158	Histocap316p10_6	2841786	2844572	color=b3b1b2
HistocapCB168_6	2210617	2213400	Histocap316p10_6	2381517	2384347	color=b3b1b2
HistocapCB168_6	400406	403184	Histocap316p10_6	398781	401539	color=b3b1b2
HistocapCB168_6	2618689	2621466	Histocap316p10_6	2728602	2731395	color=b3b1b2
HistocapCB168_6	4502067	4504844	Histocap316p10_6	4681801	4684593	color=b3b1b2
HistocapCB168_6	2987540	2990308	Histocap316p10_6	3109653	3112445	color=b3b1b2
HistocapCB168_6	3129102	3131870	Histocap316p10_6	3268785	3271533	color=b3b1b2
HistocapCB168_6	1392103	1394869	Histocap316p10_6	1512717	1515472	color=b3b1b2
HistocapCB168_6	1728001	1730767	Histocap316p10_6	1861102	1863889	color=b3b1b2
HistocapCB168_6	794895	797661	Histocap316p10_6	804359	807135	color=b3b1b2
HistocapCB168_6	4021448	4024213	Histocap316p10_6	4218253	4221031	color=b3b1b2
HistocapCB168_6	2331233	2333985	Histocap316p10_6	2499578	2502326	color=b3b1b2
HistocapCB168_6	862893	865645	Histocap316p10_6	867556	870265	color=b3b1b2
HistocapCB168_6	2369238	2371989	Histocap316p10_6	2530428	2533156	color=b3b1b2
HistocapCB168_6	48697	51440	Histocap316p10_6	43973	46701	color=b3b1b2
HistocapCB168_6	528958	531684	Histocap316p10_6	553762	556477	color=b3b1b2
HistocapCB168_6	28276	30998	Histocap316p10_6	28602	31245	color=b3b1b2
HistocapCB168_6	1069753	1072454	Histocap316p10_6	1155843	1158563	color=b3b1b2
HistocapCB168_6	4809648	4812346	Histocap316p10_6	5009367	5012059	color=b3b1b2
HistocapCB168_6	222584	225260	Histocap316p10_6	222646	225311	color=b3b1b2
HistocapCB168_6	3951304	3953980	Histocap316p10_6	4149205	4151879	color=b3b1b2
HistocapCB168_6	1057802	1060477	Histocap316p10_6	1142812	1145494	color=b3b1b2
HistocapCB168_6	4911236	4913906	Histocap316p10_6	5102267	5105003	color=b3b1b2
HistocapCB168_6	2713610	2716268	Histocap316p10_6	2838885	2841541	color=b3b1b2
HistocapCB168_6	3296550	3299203	Histocap316p10_6	3433260	3435881	color=b3b1b2
HistocapCB168_6	3191540	3194192	Histocap316p10_6	3333707	3336368	color=b3b1b2
HistocapCB168_6	121017	123642	Histocap316p10_6	129765	132369	color=b3b1b2
HistocapCB168_6	801192	803803	Histocap316p10_6	811284	813880	color=b3b1b2
HistocapCB168_6	4478632	4481239	Histocap316p10_6	4660985	4663583	color=b3b1b2
HistocapCB168_6	2011672	2014273	Histocap316p10_6	2171677	2174209	color=b3b1b2
HistocapCB168_6	2812373	2814971	Histocap316p10_6	2932535	2935133	color=b3b1b2
HistocapCB168_6	3339238	3341835	Histocap316p10_6	3470743	3468121	color=b3b1b2
HistocapCB168_6	4488456	4491052	Histocap316p10_6	4671793	4674357	color=b3b1b2
HistocapCB168_6	982958	985553	Histocap316p10_6	1074042	1076672	color=b3b1b2
HistocapCB168_6	2163498	2166092	Histocap316p10_6	2337566	2340142	color=b3b1b2
HistocapCB168_6	1527603	1530191	Histocap316p10_6	1657393	1659988	color=b3b1b2
HistocapCB168_6	4573796	4576383	Histocap316p10_6	4765543	4768147	color=b3b1b2
HistocapCB168_6	4000557	4003140	Histocap316p10_6	4196100	4198653	color=b3b1b2
HistocapCB168_6	1224049	1226629	Histocap316p10_6	1307043	1309613	color=b3b1b2
HistocapCB168_6	1662813	1665379	Histocap316p10_6	1794581	1797151	color=b3b1b2
HistocapCB168_6	5020998	5023550	Histocap316p10_6	5233391	5235952	color=b3b1b2
HistocapCB168_6	4590190	4592735	Histocap316p10_6	4783853	4786353	color=b3b1b2
HistocapCB168_6	3180478	3183020	Histocap316p10_6	3322115	3324711	color=b3b1b2
HistocapCB168_6	1963982	1966510	Histocap316p10_6	2101870	2104469	color=b3b1b2
HistocapCB168_6	5166582	5169107	Histocap316p10_6	5410403	5412868	color=b3b1b2
HistocapCB168_6	737387	739905	Histocap316p10_6	750672	753201	color=b3b1b2
HistocapCB168_6	1923195	1925709	Histocap316p10_6	2063568	2066090	color=b3b1b2
HistocapCB168_6	1925811	1928322	Histocap316p10_6	2066033	2068572	color=b3b1b2
HistocapCB168_6	4230111	4232619	Histocap316p10_6	4426551	4429010	color=b3b1b2
HistocapCB168_6	287765	290268	Histocap316p10_6	289887	292392	color=b3b1b2
HistocapCB168_6	3817636	3820137	Histocap316p10_6	4015552	4018036	color=b3b1b2
HistocapCB168_6	2816690	2819190	Histocap316p10_6	2936350	2938808	color=b3b1b2
HistocapCB168_6	2819507	2822007	Histocap316p10_6	2938810	2941335	color=b3b1b2
HistocapCB168_6	1591087	1593586	Histocap316p10_6	1715501	1717978	color=b3b1b2
HistocapCB168_6	1842319	1844812	Histocap316p10_6	1998249	2000786	color=b3b1b2
HistocapCB168_6	2435565	2438058	Histocap316p10_6	2669042	2671535	color=b3b1b2
HistocapCB168_6	4836651	4839136	Histocap316p10_6	5026236	5028718	color=b3b1b2
HistocapCB168_6	4569022	4571506	Histocap316p10_6	4761293	4763711	color=b3b1b2
HistocapCB168_6	1587838	1590313	Histocap316p10_6	1713022	1715490	color=b3b1b2
HistocapCB168_6	419361	421832	Histocap316p10_6	419231	421707	color=b3b1b2
HistocapCB168_6	1849669	1852137	Histocap316p10_6	2002852	2005347	color=b3b1b2
HistocapCB168_6	1822763	1825215	Histocap316p10_6	1977437	1979888	color=b3b1b2
HistocapCB168_6	36458	38895	Histocap316p10_6	36784	39179	color=b3b1b2
HistocapCB168_6	1431310	1433739	Histocap316p10_6	1552993	1555432	color=b3b1b2
HistocapCB168_6	4987951	4990378	Histocap316p10_6	5201195	5203620	color=b3b1b2
HistocapCB168_6	947786	950212	Histocap316p10_6	1044094	1046547	color=b3b1b2
HistocapCB168_6	3690323	3692741	Histocap316p10_6	3894689	3897049	color=b3b1b2
HistocapCB168_6	1786750	1789160	Histocap316p10_6	1921981	1924413	color=b3b1b2
HistocapCB168_6	4007406	4009806	Histocap316p10_6	4203161	4205559	color=b3b1b2
HistocapCB168_6	2325204	2327601	Histocap316p10_6	2492722	2495120	color=b3b1b2
HistocapCB168_6	3910436	3912828	Histocap316p10_6	4105958	4108346	color=b3b1b2
HistocapCB168_6	2137555	2139944	Histocap316p10_6	2312098	2314485	color=b3b1b2
HistocapCB168_6	3868503	3870891	Histocap316p10_6	4062932	4065282	color=b3b1b2
HistocapCB168_6	2695018	2697396	Histocap316p10_6	2820603	2822968	color=b3b1b2
HistocapCB168_6	4710465	4712840	Histocap316p10_6	4902680	4905054	color=b3b1b2
HistocapCB168_6	3880430	3882802	Histocap316p10_6	4074274	4076675	color=b3b1b2
HistocapCB168_6	557019	559386	Histocap316p10_6	573477	575818	color=b3b1b2
HistocapCB168_6	2072738	2075096	Histocap316p10_6	2232851	2235233	color=b3b1b2
HistocapCB168_6	3820134	3822490	Histocap316p10_6	4018328	4020688	color=b3b1b2
HistocapCB168_6	2213517	2215871	Histocap316p10_6	2384765	2387127	color=b3b1b2
HistocapCB168_6	3183120	3185474	Histocap316p10_6	3324838	3327191	color=b3b1b2
HistocapCB168_6	246005	248354	Histocap316p10_6	248099	250451	color=b3b1b2
HistocapCB168_6	717548	719897	Histocap316p10_6	734203	736540	color=b3b1b2
HistocapCB168_6	2770545	2772888	Histocap316p10_6	2897409	2899816	color=b3b1b2
HistocapCB168_6	3046866	3049203	Histocap316p10_6	3172506	3174835	color=b3b1b2
HistocapCB168_6	1119460	1121792	Histocap316p10_6	1207126	1209467	color=b3b1b2
HistocapCB168_6	2208066	2210397	Histocap316p10_6	2379217	2381525	color=b3b1b2
HistocapCB168_6	628402	630732	Histocap316p10_6	648405	650785	color=b3b1b2
HistocapCB168_6	3934391	3936714	Histocap316p10_6	4131780	4134066	color=b3b1b2
HistocapCB168_6	1593926	1596244	Histocap316p10_6	1718623	1720914	color=b3b1b2
HistocapCB168_6	797667	799985	Histocap316p10_6	807406	809726	color=b3b1b2
HistocapCB168_6	2998442	3000757	Histocap316p10_6	3121466	3123772	color=b3b1b2
HistocapCB168_6	4722481	4724792	Histocap316p10_6	4914099	4916461	color=b3b1b2
HistocapCB168_6	1680210	1682517	Histocap316p10_6	1812879	1815201	color=b3b1b2
HistocapCB168_6	5164171	5166470	Histocap316p10_6	5407902	5410288	color=b3b1b2
HistocapCB168_6	1869302	1871596	Histocap316p10_6	2024569	2026838	color=b3b1b2
HistocapCB168_6	3636712	3639002	Histocap316p10_6	3833870	3836182	color=b3b1b2
HistocapCB168_6	2602519	2604806	Histocap316p10_6	2673148	2675422	color=b3b1b2
HistocapCB168_6	3517963	3520250	Histocap316p10_6	3640912	3638575	color=b3b1b2
HistocapCB168_6	3517963	3520250	Histocap316p10_6	3643100	3645437	color=b3b1b2
HistocapCB168_6	394700	396976	Histocap316p10_6	395366	397640	color=b3b1b2
HistocapCB168_6	3970057	3972332	Histocap316p10_6	4167053	4169325	color=b3b1b2
HistocapCB168_6	5096071	5098341	Histocap316p10_6	5310116	5312389	color=b3b1b2
HistocapCB168_6	4232631	4234899	Histocap316p10_6	4429129	4431445	color=b3b1b2
HistocapCB168_6	2022441	2024707	Histocap316p10_6	2182201	2184482	color=b3b1b2
HistocapCB168_6	4677366	4679628	Histocap316p10_6	4873080	4875326	color=b3b1b2
HistocapCB168_6	3270749	3273010	Histocap316p10_6	3425759	3428014	color=b3b1b2
HistocapCB168_6	4957048	4959305	Histocap316p10_6	5165126	5167406	color=b3b1b2
HistocapCB168_6	1832146	1834402	Histocap316p10_6	1986026	1988249	color=b3b1b2
HistocapCB168_6	4133922	4136170	Histocap316p10_6	4322339	4324587	color=b3b1b2
HistocapCB168_6	16092	18328	Histocap316p10_6	14923	17168	color=b3b1b2
HistocapCB168_6	3144843	3147075	Histocap316p10_6	3284936	3287173	color=b3b1b2
HistocapCB168_6	3264423	3266654	Histocap316p10_6	3418944	3421177	color=b3b1b2
HistocapCB168_6	4055287	4057495	Histocap316p10_6	4241102	4243351	color=b3b1b2
HistocapCB168_6	4386183	4388386	Histocap316p10_6	4567638	4569822	color=b3b1b2
HistocapCB168_6	77390	79575	Histocap316p10_6	85922	88043	color=b3b1b2
HistocapCB168_6	1011573	1013757	Histocap316p10_6	1098615	1100834	color=b3b1b2
HistocapCB168_6	1930917	1933098	Histocap316p10_6	2068696	2070920	color=b3b1b2
HistocapCB168_6	1372778	1374933	Histocap316p10_6	1494140	1496281	color=b3b1b2
HistocapCB168_6	256234	258383	Histocap316p10_6	260850	262946	color=b3b1b2
HistocapCB168_6	4888015	4890153	Histocap316p10_6	5080214	5082351	color=b3b1b2
HistocapCB168_6	1642195	1644331	Histocap316p10_6	1774008	1776150	color=b3b1b2
HistocapCB168_6	4597420	4599553	Histocap316p10_6	4790738	4792796	color=b3b1b2
HistocapCB168_6	2706209	2708329	Histocap316p10_6	2832205	2834324	color=b3b1b2
HistocapCB168_6	1712572	1714679	Histocap316p10_6	1841986	1844085	color=b3b1b2
HistocapCB168_6	3011682	3013788	Histocap316p10_6	3136719	3138821	color=b3b1b2
HistocapCB168_6	1682511	1684616	Histocap316p10_6	1815277	1817351	color=b3b1b2
HistocapCB168_6	333581	335677	Histocap316p10_6	334780	336847	color=b3b1b2
HistocapCB168_6	218415	220505	Histocap316p10_6	218669	220776	color=b3b1b2
HistocapCB168_6	52686	54776	Histocap316p10_6	46721	48805	color=b3b1b2
HistocapCB168_6	3094768	3096845	Histocap316p10_6	3232765	3234871	color=b3b1b2
HistocapCB168_6	4355494	4357570	Histocap316p10_6	4548204	4550258	color=b3b1b2
HistocapCB168_6	4318695	4320765	Histocap316p10_6	4511571	4513618	color=b3b1b2
HistocapCB168_6	4895414	4897484	Histocap316p10_6	5088802	5090904	color=b3b1b2
HistocapCB168_6	1704776	1706843	Histocap316p10_6	1834548	1836600	color=b3b1b2
HistocapCB168_6	3792478	3794543	Histocap316p10_6	3994938	3997041	color=b3b1b2
HistocapCB168_6	4593726	4595789	Histocap316p10_6	4787281	4789405	color=b3b1b2
HistocapCB168_6	2323052	2325109	Histocap316p10_6	2490028	2492091	color=b3b1b2
HistocapCB168_6	115293	117338	Histocap316p10_6	124181	126222	color=b3b1b2
HistocapCB168_6	252309	254349	Histocap316p10_6	255928	257959	color=b3b1b2
HistocapCB168_6	1581826	1583865	Histocap316p10_6	1706729	1708751	color=b3b1b2
HistocapCB168_6	4040161	4042192	Histocap316p10_6	4227258	4229214	color=b3b1b2
HistocapCB168_6	1692620	1694650	Histocap316p10_6	1821572	1823617	color=b3b1b2
HistocapCB168_6	1454107	1456103	Histocap316p10_6	1576284	1578266	color=b3b1b2
HistocapCB168_6	69957	71951	Histocap316p10_6	66646	68659	color=b3b1b2
HistocapCB168_6	2648720	2650709	Histocap316p10_6	2753358	2755351	color=b3b1b2
HistocapCB168_6	4113751	4115726	Histocap316p10_6	4301237	4303229	color=b3b1b2
HistocapCB168_6	1857183	1859141	Histocap316p10_6	2012636	2014584	color=b3b1b2
HistocapCB168_6	4720136	4722080	Histocap316p10_6	4912015	4913974	color=b3b1b2
HistocapCB168_6	1337174	1339113	Histocap316p10_6	1441098	1443039	color=b3b1b2
HistocapCB168_6	4340386	4342321	Histocap316p10_6	4533239	4535174	color=b3b1b2
HistocapCB168_6	1996291	1998225	Histocap316p10_6	2162385	2164324	color=b3b1b2
HistocapCB168_6	3101549	3103481	Histocap316p10_6	3240386	3242340	color=b3b1b2
HistocapCB168_6	4724953	4726876	Histocap316p10_6	4918214	4920123	color=b3b1b2
HistocapCB168_6	2201614	2203535	Histocap316p10_6	2372172	2374060	color=b3b1b2
HistocapCB168_6	361677	363592	Histocap316p10_6	361537	363445	color=b3b1b2
HistocapCB168_6	2794183	2796090	Histocap316p10_6	2916851	2918696	color=b3b1b2
HistocapCB168_6	2009185	2011088	Histocap316p10_6	2169168	2171064	color=b3b1b2
HistocapCB168_6	4289690	4291593	Histocap316p10_6	4478306	4480216	color=b3b1b2
HistocapCB168_6	1456342	1458244	Histocap316p10_6	1578309	1580266	color=b3b1b2
HistocapCB168_6	933967	935868	Histocap316p10_6	1034979	1036877	color=b3b1b2
HistocapCB168_6	3391104	3393003	Histocap316p10_6	3522995	3524920	color=b3b1b2
HistocapCB168_6	1840428	1842321	Histocap316p10_6	1994241	1996122	color=b3b1b2
HistocapCB168_6	2129813	2131704	Histocap316p10_6	2310102	2311979	color=b3b1b2
HistocapCB168_6	4111571	4113460	Histocap316p10_6	4298568	4300420	color=b3b1b2
HistocapCB168_6	637843	639723	Histocap316p10_6	657298	659171	color=b3b1b2
HistocapCB168_6	3326704	3328572	Histocap316p10_6	3461213	3463071	color=b3b1b2
HistocapCB168_6	197	2060	Histocap316p10_6	1173	3060	color=b3b1b2
HistocapCB168_6	4556179	4558039	Histocap316p10_6	4748456	4750312	color=b3b1b2
HistocapCB168_6	231737	233593	Histocap316p10_6	231818	233667	color=b3b1b2
HistocapCB168_6	3781217	3783068	Histocap316p10_6	3992653	3994506	color=b3b1b2
HistocapCB168_6	3708674	3710523	Histocap316p10_6	3914833	3916648	color=b3b1b2
HistocapCB168_6	3616933	3618781	Histocap316p10_6	3820438	3822284	color=b3b1b2
HistocapCB168_6	588994	590841	Histocap316p10_6	609871	611716	color=b3b1b2
HistocapCB168_6	425739	427584	Histocap316p10_6	426996	428872	color=b3b1b2
HistocapCB168_6	3899935	3901775	Histocap316p10_6	4095794	4097587	color=b3b1b2
HistocapCB168_6	2990436	2992275	Histocap316p10_6	3112440	3114306	color=b3b1b2
HistocapCB168_6	4995542	4997363	Histocap316p10_6	5208878	5210714	color=b3b1b2
HistocapCB168_6	712321	714141	Histocap316p10_6	726146	727979	color=b3b1b2
HistocapCB168_6	2929058	2930874	Histocap316p10_6	3056025	3057832	color=b3b1b2
HistocapCB168_6	2952853	2954666	Histocap316p10_6	3080709	3082533	color=b3b1b2
HistocapCB168_6	4017320	4019132	Histocap316p10_6	4213164	4214935	color=b3b1b2
HistocapCB168_6	1519854	1521658	Histocap316p10_6	1650588	1652389	color=b3b1b2
HistocapCB168_6	235630	237434	Histocap316p10_6	238982	240787	color=b3b1b2
HistocapCB168_6	1465722	1467524	Histocap316p10_6	1589551	1591315	color=b3b1b2
HistocapCB168_6	4117503	4119303	Histocap316p10_6	4305847	4307642	color=b3b1b2
HistocapCB168_6	974789	976586	Histocap316p10_6	1066065	1067802	color=b3b1b2
HistocapCB168_6	4310234	4312024	Histocap316p10_6	4503574	4505329	color=b3b1b2
HistocapCB168_6	2785534	2787318	Histocap316p10_6	2909063	2910847	color=b3b1b2
HistocapCB168_6	3317288	3319068	Histocap316p10_6	3451858	3453636	color=b3b1b2
HistocapCB168_6	278862	280638	Histocap316p10_6	280353	282066	color=b3b1b2
HistocapCB168_6	3503586	3505355	Histocap316p10_6	3604309	3606135	color=b3b1b2
HistocapCB168_6	2217097	2218856	Histocap316p10_6	2387176	2388933	color=b3b1b2
HistocapCB168_6	1561554	1563312	Histocap316p10_6	1688622	1690394	color=b3b1b2
HistocapCB168_6	31367	33114	Histocap316p10_6	31642	33401	color=b3b1b2
HistocapCB168_6	3854195	3855942	Histocap316p10_6	4053379	4055157	color=b3b1b2
HistocapCB168_6	135281	137020	Histocap316p10_6	142471	144194	color=b3b1b2
HistocapCB168_6	4299949	4301687	Histocap316p10_6	4494515	4496255	color=b3b1b2
HistocapCB168_6	2693182	2694917	Histocap316p10_6	2818606	2820355	color=b3b1b2
HistocapCB168_6	107944	109672	Histocap316p10_6	115352	117087	color=b3b1b2
HistocapCB168_6	636026	637745	Histocap316p10_6	655598	657318	color=b3b1b2
HistocapCB168_6	1647622	1649339	Histocap316p10_6	1779109	1780827	color=b3b1b2
HistocapCB168_6	2313030	2314746	Histocap316p10_6	2480314	2482022	color=b3b1b2
HistocapCB168_6	4225499	4227194	Histocap316p10_6	4422439	4424143	color=b3b1b2
HistocapCB168_6	1168072	1169755	Histocap316p10_6	1258248	1259908	color=b3b1b2
HistocapCB168_6	4227360	4229041	Histocap316p10_6	4424286	4425979	color=b3b1b2
HistocapCB168_6	2185748	2187425	Histocap316p10_6	2347681	2349351	color=b3b1b2
HistocapCB168_6	2864808	2866480	Histocap316p10_6	2992649	2994325	color=b3b1b2
HistocapCB168_6	2024718	2026389	Histocap316p10_6	2184624	2186276	color=b3b1b2
HistocapCB168_6	3884232	3885903	Histocap316p10_6	4078101	4079765	color=b3b1b2
HistocapCB168_6	3030574	3032241	Histocap316p10_6	3155858	3157502	color=b3b1b2
HistocapCB168_6	417266	418929	Histocap316p10_6	417389	419051	color=b3b1b2
HistocapCB168_6	1640184	1641846	Histocap316p10_6	1772308	1774010	color=b3b1b2
HistocapCB168_6	341957	343610	Histocap316p10_6	343536	345162	color=b3b1b2
HistocapCB168_6	3557192	3558845	Histocap316p10_6	3763350	3765013	color=b3b1b2
HistocapCB168_6	925824	927467	Histocap316p10_6	979494	981145	color=b3b1b2
HistocapCB168_6	3328638	3330274	Histocap316p10_6	3463572	3465205	color=b3b1b2
HistocapCB168_6	4391936	4393570	Histocap316p10_6	4573321	4574956	color=b3b1b2
HistocapCB168_6	1844814	1846444	Histocap316p10_6	2000902	2002526	color=b3b1b2
HistocapCB168_6	1028391	1030019	Histocap316p10_6	1114838	1116449	color=b3b1b2
HistocapCB168_6	3049303	3050926	Histocap316p10_6	3175445	3177063	color=b3b1b2
HistocapCB168_6	1779977	1781598	Histocap316p10_6	1914496	1916088	color=b3b1b2
HistocapCB168_6	138274	139893	Histocap316p10_6	147088	148724	color=b3b1b2
HistocapCB168_6	3442829	3444445	Histocap316p10_6	3574513	3576109	color=b3b1b2
HistocapCB168_6	1492684	1494289	Histocap316p10_6	1622492	1624100	color=b3b1b2
HistocapCB168_6	559610	561206	Histocap316p10_6	575817	577395	color=b3b1b2
HistocapCB168_6	105989	107584	Histocap316p10_6	113181	114769	color=b3b1b2
HistocapCB168_6	3699964	3701558	Histocap316p10_6	3904141	3905748	color=b3b1b2
HistocapCB168_6	468850	470441	Histocap316p10_6	475768	477327	color=b3b1b2
HistocapCB168_6	4216343	4217932	Histocap316p10_6	4413839	4415393	color=b3b1b2
HistocapCB168_6	517827	519416	Histocap316p10_6	541756	543353	color=b3b1b2
HistocapCB168_6	4822640	4824227	Histocap316p10_6	5012382	5013977	color=b3b1b2
HistocapCB168_6	88916	90493	Histocap316p10_6	96258	97832	color=b3b1b2
HistocapCB168_6	4844298	4845873	Histocap316p10_6	5032580	5034119	color=b3b1b2
HistocapCB168_6	1376460	1378026	Histocap316p10_6	1498564	1500138	color=b3b1b2
HistocapCB168_6	4090555	4092117	Histocap316p10_6	4276832	4278392	color=b3b1b2
HistocapCB168_6	2611385	2612945	Histocap316p10_6	2724032	2725583	color=b3b1b2
HistocapCB168_6	5055971	5057514	Histocap316p10_6	5271987	5273531	color=b3b1b2
HistocapCB168_6	5027952	5029488	Histocap316p10_6	5239323	5240821	color=b3b1b2
HistocapCB168_6	1573033	1574553	Histocap316p10_6	1699756	1701286	color=b3b1b2
HistocapCB168_6	4332758	4334272	Histocap316p10_6	4525530	4527032	color=b3b1b2
HistocapCB168_6	2960666	2962166	Histocap316p10_6	3089189	3090646	color=b3b1b2
HistocapCB168_6	644197	645686	Histocap316p10_6	664788	666285	color=b3b1b2
HistocapCB168_6	4353307	4354793	Histocap316p10_6	4546606	4548061	color=b3b1b2
HistocapCB168_6	4969597	4971074	Histocap316p10_6	5183188	5184679	color=b3b1b2
HistocapCB168_6	4129113	4130575	Histocap316p10_6	4318004	4319440	color=b3b1b2
HistocapCB168_6	307244	308703	Histocap316p10_6	307987	309408	color=b3b1b2
HistocapCB168_6	4847523	4848966	Histocap316p10_6	5036612	5038070	color=b3b1b2
HistocapCB168_6	1546877	1548318	Histocap316p10_6	1677550	1679017	color=b3b1b2
HistocapCB168_6	4097725	4099162	Histocap316p10_6	4283816	4285256	color=b3b1b2
HistocapCB168_6	3924053	3925486	Histocap316p10_6	4121155	4122632	color=b3b1b2
HistocapCB168_6	3147295	3148708	Histocap316p10_6	3287239	3288651	color=b3b1b2
HistocapCB168_6	5143220	5144608	Histocap316p10_6	5397917	5399303	color=b3b1b2
HistocapCB168_6	4755855	4757222	Histocap316p10_6	4966182	4967559	color=b3b1b2
HistocapCB168_6	3330706	3332072	Histocap316p10_6	3465388	3466766	color=b3b1b2
HistocapCB168_6	799905	801268	Histocap316p10_6	809827	811183	color=b3b1b2
HistocapCB168_6	3305741	3307098	Histocap316p10_6	3440996	3442354	color=b3b1b2
HistocapCB168_6	868055	869412	Histocap316p10_6	872659	874001	color=b3b1b2
HistocapCB168_6	2076489	2077837	Histocap316p10_6	2236259	2237602	color=b3b1b2
HistocapCB168_6	109667	111014	Histocap316p10_6	117364	118719	color=b3b1b2
HistocapCB168_6	4750904	4752250	Histocap316p10_6	4961693	4963005	color=b3b1b2
HistocapCB168_6	1353677	1355021	Histocap316p10_6	1474725	1476048	color=b3b1b2
HistocapCB168_6	623644	624987	Histocap316p10_6	645154	646496	color=b3b1b2
HistocapCB168_6	4423610	4424952	Histocap316p10_6	4608533	4609878	color=b3b1b2
HistocapCB168_6	4880651	4881993	Histocap316p10_6	5072631	5073966	color=b3b1b2
HistocapCB168_6	4136315	4137655	Histocap316p10_6	4324707	4326039	color=b3b1b2
HistocapCB168_6	4468351	4469686	Histocap316p10_6	2645214	2643856	color=b3b1b2
HistocapCB168_6	840906	842233	Histocap316p10_6	845715	847034	color=b3b1b2
HistocapCB168_6	149686	151000	Histocap316p10_6	159025	160345	color=b3b1b2
HistocapCB168_6	4019883	4021195	Histocap316p10_6	4216041	4217367	color=b3b1b2
HistocapCB168_6	4882213	4883517	Histocap316p10_6	5074412	5075713	color=b3b1b2
HistocapCB168_6	4916247	4917550	Histocap316p10_6	5107150	5108458	color=b3b1b2
HistocapCB168_6	952199	953501	Histocap316p10_6	1048916	1050232	color=b3b1b2
HistocapCB168_6	2907358	2908648	Histocap316p10_6	3035260	3036559	color=b3b1b2
HistocapCB168_6	4372573	4373861	Histocap316p10_6	4561567	4562856	color=b3b1b2
HistocapCB168_6	4381746	4383032	Histocap316p10_6	4565588	4566884	color=b3b1b2
HistocapCB168_6	3132006	3133280	Histocap316p10_6	3271629	3272897	color=b3b1b2
HistocapCB168_6	4752758	4754015	Histocap316p10_6	4963993	4965253	color=b3b1b2
HistocapCB168_6	3194408	3195664	Histocap316p10_6	3336581	3337837	color=b3b1b2
HistocapCB168_6	1798060	1799309	Histocap316p10_6	1944957	1946204	color=b3b1b2
HistocapCB168_6	2678540	2679787	Histocap316p10_6	2808045	2809264	color=b3b1b2
HistocapCB168_6	970298	971541	Histocap316p10_6	1062008	1063265	color=b3b1b2
HistocapCB168_6	286511	287748	Histocap316p10_6	288401	289612	color=b3b1b2
HistocapCB168_6	4572395	4573627	Histocap316p10_6	4764291	4765498	color=b3b1b2
HistocapCB168_6	2205500	2206721	Histocap316p10_6	2377048	2378263	color=b3b1b2
HistocapCB168_6	4138114	4139329	Histocap316p10_6	4326026	4327233	color=b3b1b2
HistocapCB168_6	237780	238984	Histocap316p10_6	240815	242008	color=b3b1b2
HistocapCB168_6	3872143	3873347	Histocap316p10_6	4066603	4067788	color=b3b1b2
HistocapCB168_6	2203621	2204822	Histocap316p10_6	2374326	2375517	color=b3b1b2
HistocapCB168_6	403302	404502	Histocap316p10_6	401748	402949	color=b3b1b2
HistocapCB168_6	654316	655512	Histocap316p10_6	675309	676542	color=b3b1b2
HistocapCB168_6	1375059	1376241	Histocap316p10_6	1496744	1497933	color=b3b1b2
HistocapCB168_6	3303369	3304551	Histocap316p10_6	3439659	3440840	color=b3b1b2
HistocapCB168_6	1146913	1148093	Histocap316p10_6	1237563	1238761	color=b3b1b2
HistocapCB168_6	3837081	3838257	Histocap316p10_6	4036170	4037337	color=b3b1b2
HistocapCB168_6	3834977	3836140	Histocap316p10_6	4034152	4035321	color=b3b1b2
HistocapCB168_6	319844	320999	Histocap316p10_6	320262	321417	color=b3b1b2
HistocapCB168_6	1726867	1728017	Histocap316p10_6	1859513	1860637	color=b3b1b2
HistocapCB168_6	1056509	1057652	Histocap316p10_6	1141587	1142745	color=b3b1b2
HistocapCB168_6	1653022	1654150	Histocap316p10_6	1784449	1785556	color=b3b1b2
HistocapCB168_6	3319536	3320660	Histocap316p10_6	3453654	3454780	color=b3b1b2
HistocapCB168_6	2781496	2782616	Histocap316p10_6	2903879	2904987	color=b3b1b2
HistocapCB168_6	1644478	1645594	Histocap316p10_6	1776151	1777267	color=b3b1b2
HistocapCB168_6	2962656	2963771	Histocap316p10_6	3091258	3092402	color=b3b1b2
HistocapCB168_6	1179469	1180583	Histocap316p10_6	1271137	1272244	color=b3b1b2
HistocapCB168_6	4334958	4336067	Histocap316p10_6	4527577	4528689	color=b3b1b2
HistocapCB168_6	3852829	3853926	Histocap316p10_6	4051929	4053038	color=b3b1b2
HistocapCB168_6	455865	456954	Histocap316p10_6	463033	464129	color=b3b1b2
HistocapCB168_6	2800490	2801575	Histocap316p10_6	2920616	2921711	color=b3b1b2
HistocapCB168_6	2349027	2350102	Histocap316p10_6	2516943	2518019	color=b3b1b2
HistocapCB168_6	2815303	2816374	Histocap316p10_6	2935246	2936297	color=b3b1b2
HistocapCB168_6	5106731	5107800	Histocap316p10_6	5365028	5366071	color=b3b1b2
HistocapCB168_6	2106762	2107830	Histocap316p10_6	2267951	2269031	color=b3b1b2
HistocapCB168_6	3266695	3267755	Histocap316p10_6	3421358	3422419	color=b3b1b2
HistocapCB168_6	4150083	4151136	Histocap316p10_6	4338371	4339442	color=b3b1b2
HistocapCB168_6	4483138	4484191	Histocap316p10_6	4665682	4666719	color=b3b1b2
HistocapCB168_6	4596074	4597127	Histocap316p10_6	4789680	4790732	color=b3b1b2
HistocapCB168_6	2020559	2021608	Histocap316p10_6	2180252	2181277	color=b3b1b2
HistocapCB168_6	4116425	4117473	Histocap316p10_6	4304676	4305720	color=b3b1b2
HistocapCB168_6	3717127	3718170	Histocap316p10_6	3923825	3924863	color=b3b1b2
HistocapCB168_6	3025357	3026396	Histocap316p10_6	3150431	3151479	color=b3b1b2
HistocapCB168_6	4948576	4949604	Histocap316p10_6	5136169	5137188	color=b3b1b2
HistocapCB168_6	3449314	3450337	Histocap316p10_6	3581057	3582089	color=b3b1b2
HistocapCB168_6	4176019	4177035	Histocap316p10_6	4372620	4373629	color=b3b1b2
HistocapCB168_6	1896202	1897215	Histocap316p10_6	2039199	2040221	color=b3b1b2
