HistomissSECH81_4	640025	648674	HistomissSECH102_4	566085	574733	color=b3b1b2
HistomissSECH81_4	1883448	1890594	HistomissSECH102_4	2021860	2029010	color=b3b1b2
HistomissSECH81_4	1921388	1928066	HistomissSECH102_4	2058449	2065126	color=b3b1b2
HistomissSECH81_4	938705	945082	HistomissSECH102_4	878650	885046	color=b3b1b2
HistomissSECH81_4	281601	287834	HistomissSECH102_4	260150	266383	color=b3b1b2
HistomissSECH81_4	372546	378434	HistomissSECH102_4	338645	344532	color=b3b1b2
HistomissSECH81_4	2407541	2413426	HistomissSECH102_4	2603272	2609148	color=b3b1b2
HistomissSECH81_4	2163831	2169577	HistomissSECH102_4	2343412	2349157	color=b3b1b2
HistomissSECH81_4	1452246	1457833	HistomissSECH102_4	1491705	1497288	color=b3b1b2
HistomissSECH81_4	2457967	2463531	HistomissSECH102_4	2642268	2647832	color=b3b1b2
HistomissSECH81_4	676763	682291	HistomissSECH102_4	601025	606553	color=b3b1b2
HistomissSECH81_4	380994	386343	HistomissSECH102_4	347327	352676	color=b3b1b2
HistomissSECH81_4	1637071	1642379	HistomissSECH102_4	1792445	1797753	color=b3b1b2
HistomissSECH81_4	1429521	1434739	HistomissSECH102_4	1467472	1472689	color=b3b1b2
HistomissSECH81_4	2606810	2611871	HistomissSECH102_4	2840468	2845533	color=b3b1b2
HistomissSECH81_4	2511444	2516426	HistomissSECH102_4	2739018	2743992	color=b3b1b2
HistomissSECH81_4	1291609	1296508	HistomissSECH102_4	1334116	1339012	color=b3b1b2
HistomissSECH81_4	1012983	1017806	HistomissSECH102_4	948769	953592	color=b3b1b2
HistomissSECH81_4	2042531	2047326	HistomissSECH102_4	2203341	2208136	color=b3b1b2
HistomissSECH81_4	2822705	2827470	HistomissSECH102_4	3072751	3077514	color=b3b1b2
HistomissSECH81_4	650524	655288	HistomissSECH102_4	576661	581425	color=b3b1b2
HistomissSECH81_4	2018455	2023172	HistomissSECH102_4	2182365	2187082	color=b3b1b2
HistomissSECH81_4	722590	727287	HistomissSECH102_4	640712	645410	color=b3b1b2
HistomissSECH81_4	322187	326799	HistomissSECH102_4	301977	306589	color=b3b1b2
HistomissSECH81_4	1460144	1464752	HistomissSECH102_4	1499660	1504270	color=b3b1b2
HistomissSECH81_4	2353224	2357822	HistomissSECH102_4	2542266	2546864	color=b3b1b2
HistomissSECH81_4	2149567	2154116	HistomissSECH102_4	2328800	2333349	color=b3b1b2
HistomissSECH81_4	2361001	2365499	HistomissSECH102_4	2551515	2556008	color=b3b1b2
HistomissSECH81_4	2571055	2575497	HistomissSECH102_4	2808068	2812527	color=b3b1b2
HistomissSECH81_4	2853792	2858227	HistomissSECH102_4	3103216	3107657	color=b3b1b2
HistomissSECH81_4	1496473	1500829	HistomissSECH102_4	1534147	1538510	color=b3b1b2
HistomissSECH81_4	220299	224582	HistomissSECH102_4	197019	201303	color=b3b1b2
HistomissSECH81_4	2806154	2810413	HistomissSECH102_4	3056656	3060915	color=b3b1b2
HistomissSECH81_4	801782	805885	HistomissSECH102_4	749900	754003	color=b3b1b2
HistomissSECH81_4	1709903	1713985	HistomissSECH102_4	1851054	1855136	color=b3b1b2
HistomissSECH81_4	2224231	2228282	HistomissSECH102_4	2403348	2407406	color=b3b1b2
HistomissSECH81_4	1851988	1856019	HistomissSECH102_4	1986297	1990328	color=b3b1b2
HistomissSECH81_4	1577403	1581431	HistomissSECH102_4	1612843	1616900	color=b3b1b2
HistomissSECH81_4	2432744	2436758	HistomissSECH102_4	2622695	2626709	color=b3b1b2
HistomissSECH81_4	120945	124876	HistomissSECH102_4	105722	109653	color=b3b1b2
HistomissSECH81_4	610829	614733	HistomissSECH102_4	535317	539194	color=b3b1b2
HistomissSECH81_4	304608	308491	HistomissSECH102_4	283318	287194	color=b3b1b2
HistomissSECH81_4	2827437	2831314	HistomissSECH102_4	3077615	3081492	color=b3b1b2
HistomissSECH81_4	1099683	1103539	HistomissSECH102_4	1035162	1039018	color=b3b1b2
HistomissSECH81_4	1960747	1964519	HistomissSECH102_4	2122661	2126434	color=b3b1b2
HistomissSECH81_4	1671034	1674798	HistomissSECH102_4	1818636	1822400	color=b3b1b2
HistomissSECH81_4	1157449	1161207	HistomissSECH102_4	1092148	1095906	color=b3b1b2
HistomissSECH81_4	900712	904468	HistomissSECH102_4	851093	854850	color=b3b1b2
HistomissSECH81_4	1500862	1504595	HistomissSECH102_4	1538611	1542344	color=b3b1b2
HistomissSECH81_4	1784294	1788020	HistomissSECH102_4	1921803	1925532	color=b3b1b2
HistomissSECH81_4	826294	829955	HistomissSECH102_4	774531	778192	color=b3b1b2
HistomissSECH81_4	1587476	1591128	HistomissSECH102_4	1620540	1624183	color=b3b1b2
HistomissSECH81_4	871649	875245	HistomissSECH102_4	815682	819278	color=b3b1b2
HistomissSECH81_4	400934	404520	HistomissSECH102_4	364161	367747	color=b3b1b2
HistomissSECH81_4	1133189	1136736	HistomissSECH102_4	1065743	1069294	color=b3b1b2
HistomissSECH81_4	1623025	1626552	HistomissSECH102_4	1777373	1780901	color=b3b1b2
HistomissSECH81_4	2763571	2767072	HistomissSECH102_4	3013392	3016893	color=b3b1b2
HistomissSECH81_4	2367807	2371293	HistomissSECH102_4	2558832	2562317	color=b3b1b2
HistomissSECH81_4	57905	61368	HistomissSECH102_4	41723	45186	color=b3b1b2
HistomissSECH81_4	731871	735315	HistomissSECH102_4	649962	653406	color=b3b1b2
HistomissSECH81_4	548798	552235	HistomissSECH102_4	475845	479282	color=b3b1b2
HistomissSECH81_4	2136091	2139513	HistomissSECH102_4	2314555	2317982	color=b3b1b2
HistomissSECH81_4	1797500	1800907	HistomissSECH102_4	1934198	1937605	color=b3b1b2
HistomissSECH81_4	1915878	1919280	HistomissSECH102_4	2052474	2055876	color=b3b1b2
HistomissSECH81_4	2889271	2892663	HistomissSECH102_4	3138732	3142124	color=b3b1b2
HistomissSECH81_4	2096596	2099954	HistomissSECH102_4	2255833	2259191	color=b3b1b2
HistomissSECH81_4	1095068	1098420	HistomissSECH102_4	1030420	1033772	color=b3b1b2
HistomissSECH81_4	2155843	2159184	HistomissSECH102_4	2335386	2338742	color=b3b1b2
HistomissSECH81_4	1775131	1778465	HistomissSECH102_4	1915343	1918690	color=b3b1b2
HistomissSECH81_4	294176	297500	HistomissSECH102_4	272003	275321	color=b3b1b2
HistomissSECH81_4	1726229	1729544	HistomissSECH102_4	1866973	1870288	color=b3b1b2
HistomissSECH81_4	510321	513620	HistomissSECH102_4	439798	443097	color=b3b1b2
HistomissSECH81_4	1714793	1718076	HistomissSECH102_4	1855959	1859242	color=b3b1b2
HistomissSECH81_4	1484082	1487343	HistomissSECH102_4	1521880	1525137	color=b3b1b2
HistomissSECH81_4	2318390	2321625	HistomissSECH102_4	2512251	2515486	color=b3b1b2
HistomissSECH81_4	1747892	1751123	HistomissSECH102_4	1889097	1892342	color=b3b1b2
HistomissSECH81_4	984359	987581	HistomissSECH102_4	919137	922360	color=b3b1b2
HistomissSECH81_4	2787108	2790328	HistomissSECH102_4	3037157	3040377	color=b3b1b2
HistomissSECH81_4	1757828	1761030	HistomissSECH102_4	1897593	1900797	color=b3b1b2
HistomissSECH81_4	2321571	2324761	HistomissSECH102_4	2515587	2518784	color=b3b1b2
HistomissSECH81_4	2321625	2324815	HistomissSECH102_4	2515641	2518838	color=b3b1b2
HistomissSECH81_4	2276077	2279263	HistomissSECH102_4	2469991	2473177	color=b3b1b2
HistomissSECH81_4	868527	871703	HistomissSECH102_4	812405	815581	color=b3b1b2
HistomissSECH81_4	138567	141734	HistomissSECH102_4	123055	126234	color=b3b1b2
HistomissSECH81_4	2081432	2084586	HistomissSECH102_4	2239574	2242728	color=b3b1b2
HistomissSECH81_4	2400746	2403881	HistomissSECH102_4	2595877	2599012	color=b3b1b2
HistomissSECH81_4	299905	303027	HistomissSECH102_4	278164	281286	color=b3b1b2
HistomissSECH81_4	196987	200085	HistomissSECH102_4	172227	175325	color=b3b1b2
HistomissSECH81_4	665054	668152	HistomissSECH102_4	590871	594011	color=b3b1b2
HistomissSECH81_4	2508403	2511498	HistomissSECH102_4	2735822	2738917	color=b3b1b2
HistomissSECH81_4	1846325	1849419	HistomissSECH102_4	1981316	1984410	color=b3b1b2
HistomissSECH81_4	1543245	1546319	HistomissSECH102_4	1582381	1585455	color=b3b1b2
HistomissSECH81_4	1911107	1914175	HistomissSECH102_4	2047805	2050873	color=b3b1b2
HistomissSECH81_4	169700	172760	HistomissSECH102_4	152659	155719	color=b3b1b2
HistomissSECH81_4	2672903	2675953	HistomissSECH102_4	2905468	2908565	color=b3b1b2
HistomissSECH81_4	488611	491653	HistomissSECH102_4	418530	421571	color=b3b1b2
HistomissSECH81_4	2413372	2416412	HistomissSECH102_4	2609249	2612289	color=b3b1b2
HistomissSECH81_4	1810572	1813607	HistomissSECH102_4	1946278	1949313	color=b3b1b2
HistomissSECH81_4	225947	228975	HistomissSECH102_4	202985	206013	color=b3b1b2
HistomissSECH81_4	2709672	2712697	HistomissSECH102_4	2947267	2950292	color=b3b1b2
HistomissSECH81_4	1534746	1537766	HistomissSECH102_4	1573787	1576807	color=b3b1b2
HistomissSECH81_4	2428411	2431415	HistomissSECH102_4	2617971	2620975	color=b3b1b2
HistomissSECH81_4	887359	890363	HistomissSECH102_4	838174	841164	color=b3b1b2
HistomissSECH81_4	621625	624627	HistomissSECH102_4	548462	551464	color=b3b1b2
HistomissSECH81_4	1223883	1226879	HistomissSECH102_4	1164445	1167441	color=b3b1b2
HistomissSECH81_4	244242	247223	HistomissSECH102_4	222388	225369	color=b3b1b2
HistomissSECH81_4	268876	271855	HistomissSECH102_4	246867	249846	color=b3b1b2
HistomissSECH81_4	2335526	2338499	HistomissSECH102_4	2528024	2530997	color=b3b1b2
HistomissSECH81_4	2479742	2482714	HistomissSECH102_4	2720571	2723541	color=b3b1b2
HistomissSECH81_4	257163	260130	HistomissSECH102_4	235078	238045	color=b3b1b2
HistomissSECH81_4	2723221	2726180	HistomissSECH102_4	2961056	2964011	color=b3b1b2
HistomissSECH81_4	1975094	1978049	HistomissSECH102_4	2137304	2140259	color=b3b1b2
HistomissSECH81_4	568363	571313	HistomissSECH102_4	494010	496957	color=b3b1b2
HistomissSECH81_4	524440	527386	HistomissSECH102_4	454326	457272	color=b3b1b2
HistomissSECH81_4	189133	192074	HistomissSECH102_4	163939	166880	color=b3b1b2
HistomissSECH81_4	1084575	1087489	HistomissSECH102_4	1019892	1022806	color=b3b1b2
HistomissSECH81_4	1735672	1738577	HistomissSECH102_4	1877111	1880016	color=b3b1b2
HistomissSECH81_4	1697232	1700133	HistomissSECH102_4	1838202	1841103	color=b3b1b2
HistomissSECH81_4	2592749	2595644	HistomissSECH102_4	2825576	2828471	color=b3b1b2
HistomissSECH81_4	2773804	2776681	HistomissSECH102_4	3024017	3026894	color=b3b1b2
HistomissSECH81_4	2596504	2599371	HistomissSECH102_4	2829641	2832496	color=b3b1b2
HistomissSECH81_4	1387854	1390720	HistomissSECH102_4	1430094	1432960	color=b3b1b2
HistomissSECH81_4	130226	133088	HistomissSECH102_4	115060	117912	color=b3b1b2
HistomissSECH81_4	1447030	1449891	HistomissSECH102_4	1486025	1488885	color=b3b1b2
HistomissSECH81_4	2527010	2529867	HistomissSECH102_4	2772300	2775131	color=b3b1b2
HistomissSECH81_4	1627434	1630286	HistomissSECH102_4	1782093	1784945	color=b3b1b2
HistomissSECH81_4	2101509	2104360	HistomissSECH102_4	2260731	2263582	color=b3b1b2
HistomissSECH81_4	2522186	2525035	HistomissSECH102_4	2745086	2747934	color=b3b1b2
HistomissSECH81_4	1411326	1414169	HistomissSECH102_4	1451847	1454688	color=b3b1b2
HistomissSECH81_4	890747	893583	HistomissSECH102_4	841265	844101	color=b3b1b2
HistomissSECH81_4	1008673	1011506	HistomissSECH102_4	944305	947138	color=b3b1b2
HistomissSECH81_4	993656	996487	HistomissSECH102_4	928116	930945	color=b3b1b2
HistomissSECH81_4	343051	345875	HistomissSECH102_4	312018	314848	color=b3b1b2
HistomissSECH81_4	2451643	2454462	HistomissSECH102_4	2569975	2567154	color=b3b1b2
HistomissSECH81_4	216308	219123	HistomissSECH102_4	193060	195875	color=b3b1b2
HistomissSECH81_4	1732918	1735726	HistomissSECH102_4	1874198	1877010	color=b3b1b2
HistomissSECH81_4	834547	837353	HistomissSECH102_4	780565	783371	color=b3b1b2
HistomissSECH81_4	264447	267250	HistomissSECH102_4	242267	245053	color=b3b1b2
HistomissSECH81_4	1970827	1973626	HistomissSECH102_4	2133517	2136316	color=b3b1b2
HistomissSECH81_4	1020683	1023473	HistomissSECH102_4	956009	958799	color=b3b1b2
HistomissSECH81_4	352693	355481	HistomissSECH102_4	320648	323434	color=b3b1b2
HistomissSECH81_4	1965921	1968695	HistomissSECH102_4	2128146	2130920	color=b3b1b2
HistomissSECH81_4	786949	789722	HistomissSECH102_4	734240	737031	color=b3b1b2
HistomissSECH81_4	2493833	2496604	HistomissSECH102_4	2729686	2732457	color=b3b1b2
HistomissSECH81_4	471016	473780	HistomissSECH102_4	411206	413970	color=b3b1b2
HistomissSECH81_4	2184967	2187724	HistomissSECH102_4	2364812	2367569	color=b3b1b2
HistomissSECH81_4	2841976	2844710	HistomissSECH102_4	3091637	3094389	color=b3b1b2
HistomissSECH81_4	618950	621679	HistomissSECH102_4	545632	548361	color=b3b1b2
HistomissSECH81_4	205964	208690	HistomissSECH102_4	181688	184414	color=b3b1b2
HistomissSECH81_4	1618103	1620819	HistomissSECH102_4	1772084	1774800	color=b3b1b2
HistomissSECH81_4	1546929	1549632	HistomissSECH102_4	1585556	1588258	color=b3b1b2
HistomissSECH81_4	200540	203240	HistomissSECH102_4	176091	178791	color=b3b1b2
HistomissSECH81_4	2110877	2113575	HistomissSECH102_4	2270014	2272712	color=b3b1b2
HistomissSECH81_4	1185632	1188329	HistomissSECH102_4	1115383	1118104	color=b3b1b2
HistomissSECH81_4	2159734	2162429	HistomissSECH102_4	2338849	2341544	color=b3b1b2
HistomissSECH81_4	155159	157853	HistomissSECH102_4	138018	140712	color=b3b1b2
HistomissSECH81_4	1369520	1372208	HistomissSECH102_4	1411527	1414215	color=b3b1b2
HistomissSECH81_4	2373053	2375713	HistomissSECH102_4	2564387	2567026	color=b3b1b2
HistomissSECH81_4	519373	522033	HistomissSECH102_4	449226	451886	color=b3b1b2
HistomissSECH81_4	945607	948262	HistomissSECH102_4	885571	888226	color=b3b1b2
HistomissSECH81_4	579139	581780	HistomissSECH102_4	503878	506519	color=b3b1b2
HistomissSECH81_4	2535527	2538152	HistomissSECH102_4	2781370	2783991	color=b3b1b2
HistomissSECH81_4	2395901	2398520	HistomissSECH102_4	2591104	2593723	color=b3b1b2
HistomissSECH81_4	1365320	1367938	HistomissSECH102_4	1406916	1409534	color=b3b1b2
HistomissSECH81_4	1235771	1238384	HistomissSECH102_4	1177911	1180524	color=b3b1b2
HistomissSECH81_4	692871	695479	HistomissSECH102_4	617880	620488	color=b3b1b2
HistomissSECH81_4	575551	578157	HistomissSECH102_4	501171	503777	color=b3b1b2
HistomissSECH81_4	1381012	1383616	HistomissSECH102_4	1423986	1426590	color=b3b1b2
HistomissSECH81_4	1633623	1636226	HistomissSECH102_4	1788687	1791290	color=b3b1b2
HistomissSECH81_4	1743487	1746069	HistomissSECH102_4	1884694	1887279	color=b3b1b2
HistomissSECH81_4	865390	867966	HistomissSECH102_4	808957	811534	color=b3b1b2
HistomissSECH81_4	1372154	1374728	HistomissSECH102_4	1414316	1416890	color=b3b1b2
HistomissSECH81_4	1958228	1960801	HistomissSECH102_4	2119987	2122560	color=b3b1b2
HistomissSECH81_4	1026712	1029281	HistomissSECH102_4	961948	964517	color=b3b1b2
HistomissSECH81_4	1342927	1345493	HistomissSECH102_4	1384001	1386567	color=b3b1b2
HistomissSECH81_4	1072470	1075024	HistomissSECH102_4	1007079	1009624	color=b3b1b2
HistomissSECH81_4	405191	407744	HistomissSECH102_4	367848	370401	color=b3b1b2
HistomissSECH81_4	761863	764415	HistomissSECH102_4	674218	676769	color=b3b1b2
HistomissSECH81_4	999351	1001899	HistomissSECH102_4	934327	936877	color=b3b1b2
HistomissSECH81_4	2692612	2695149	HistomissSECH102_4	2929321	2931857	color=b3b1b2
HistomissSECH81_4	1177336	1179869	HistomissSECH102_4	1107272	1109775	color=b3b1b2
HistomissSECH81_4	1565267	1567799	HistomissSECH102_4	1604471	1607002	color=b3b1b2
HistomissSECH81_4	1258822	1261351	HistomissSECH102_4	1314636	1317165	color=b3b1b2
HistomissSECH81_4	627445	629970	HistomissSECH102_4	553913	556435	color=b3b1b2
HistomissSECH81_4	2652649	2655167	HistomissSECH102_4	2885526	2888044	color=b3b1b2
HistomissSECH81_4	1793629	1796139	HistomissSECH102_4	1930365	1932878	color=b3b1b2
HistomissSECH81_4	2106558	2109054	HistomissSECH102_4	2265845	2268341	color=b3b1b2
HistomissSECH81_4	2281880	2284346	HistomissSECH102_4	2476414	2478880	color=b3b1b2
HistomissSECH81_4	1253328	1255785	HistomissSECH102_4	1262928	1265390	color=b3b1b2
HistomissSECH81_4	2470317	2472773	HistomissSECH102_4	2711916	2714378	color=b3b1b2
HistomissSECH81_4	690479	692925	HistomissSECH102_4	615333	617779	color=b3b1b2
HistomissSECH81_4	2542506	2544945	HistomissSECH102_4	2787796	2790235	color=b3b1b2
HistomissSECH81_4	1119353	1121788	HistomissSECH102_4	1054835	1057270	color=b3b1b2
HistomissSECH81_4	124822	127248	HistomissSECH102_4	109754	112180	color=b3b1b2
HistomissSECH81_4	1942906	1945332	HistomissSECH102_4	2104980	2107405	color=b3b1b2
HistomissSECH81_4	2845587	2848004	HistomissSECH102_4	3095307	3097724	color=b3b1b2
HistomissSECH81_4	232467	234878	HistomissSECH102_4	209775	212186	color=b3b1b2
HistomissSECH81_4	718530	720938	HistomissSECH102_4	636347	638783	color=b3b1b2
HistomissSECH81_4	2551380	2553783	HistomissSECH102_4	2793874	2796277	color=b3b1b2
HistomissSECH81_4	272115	274517	HistomissSECH102_4	249947	252271	color=b3b1b2
HistomissSECH81_4	2129346	2131744	HistomissSECH102_4	2307401	2309799	color=b3b1b2
HistomissSECH81_4	1471833	1474230	HistomissSECH102_4	1510177	1512574	color=b3b1b2
HistomissSECH81_4	1521808	1524201	HistomissSECH102_4	1561138	1563531	color=b3b1b2
HistomissSECH81_4	1241981	1244372	HistomissSECH102_4	1184631	1187023	color=b3b1b2
HistomissSECH81_4	66676	69060	HistomissSECH102_4	50704	53088	color=b3b1b2
HistomissSECH81_4	2797896	2800279	HistomissSECH102_4	3048147	3050530	color=b3b1b2
HistomissSECH81_4	2847950	2850331	HistomissSECH102_4	3097825	3100206	color=b3b1b2
HistomissSECH81_4	312302	314679	HistomissSECH102_4	291192	293577	color=b3b1b2
HistomissSECH81_4	2695095	2697469	HistomissSECH102_4	2931958	2934332	color=b3b1b2
HistomissSECH81_4	1363001	1365374	HistomissSECH102_4	1404442	1406815	color=b3b1b2
HistomissSECH81_4	1935495	1937861	HistomissSECH102_4	2073712	2076078	color=b3b1b2
HistomissSECH81_4	1738874	1741233	HistomissSECH102_4	1880117	1882476	color=b3b1b2
HistomissSECH81_4	1148056	1150411	HistomissSECH102_4	1082108	1084461	color=b3b1b2
HistomissSECH81_4	595115	597462	HistomissSECH102_4	520093	522440	color=b3b1b2
HistomissSECH81_4	1076561	1078905	HistomissSECH102_4	1011306	1013650	color=b3b1b2
HistomissSECH81_4	2812689	2815031	HistomissSECH102_4	3063533	3065875	color=b3b1b2
HistomissSECH81_4	2700628	2702967	HistomissSECH102_4	2937732	2940071	color=b3b1b2
HistomissSECH81_4	1049031	1051359	HistomissSECH102_4	984422	986750	color=b3b1b2
HistomissSECH81_4	1755111	1757438	HistomissSECH102_4	1895165	1897492	color=b3b1b2
HistomissSECH81_4	1036419	1038744	HistomissSECH102_4	972278	974603	color=b3b1b2
HistomissSECH81_4	141952	144274	HistomissSECH102_4	126335	128657	color=b3b1b2
HistomissSECH81_4	407785	410106	HistomissSECH102_4	370502	372823	color=b3b1b2
HistomissSECH81_4	1227574	1229894	HistomissSECH102_4	1168446	1170766	color=b3b1b2
HistomissSECH81_4	560042	562360	HistomissSECH102_4	486352	488670	color=b3b1b2
HistomissSECH81_4	1305609	1307920	HistomissSECH102_4	1347455	1349764	color=b3b1b2
HistomissSECH81_4	79047	81354	HistomissSECH102_4	63062	65369	color=b3b1b2
HistomissSECH81_4	2599317	2601617	HistomissSECH102_4	2832597	2834897	color=b3b1b2
HistomissSECH81_4	2664716	2667015	HistomissSECH102_4	2897760	2900059	color=b3b1b2
HistomissSECH81_4	1552350	1554646	HistomissSECH102_4	1590949	1593245	color=b3b1b2
HistomissSECH81_4	1864699	1866988	HistomissSECH102_4	2011378	2009089	color=b3b1b2
HistomissSECH81_4	586477	588765	HistomissSECH102_4	511711	513998	color=b3b1b2
HistomissSECH81_4	979022	981302	HistomissSECH102_4	913912	916194	color=b3b1b2
HistomissSECH81_4	974129	976401	HistomissSECH102_4	908742	911014	color=b3b1b2
HistomissSECH81_4	1537898	1540169	HistomissSECH102_4	1576908	1579179	color=b3b1b2
HistomissSECH81_4	793344	795611	HistomissSECH102_4	740504	742771	color=b3b1b2
HistomissSECH81_4	2174442	2176702	HistomissSECH102_4	2354575	2356835	color=b3b1b2
HistomissSECH81_4	194785	197041	HistomissSECH102_4	169871	172126	color=b3b1b2
HistomissSECH81_4	423496	425746	HistomissSECH102_4	386263	388513	color=b3b1b2
HistomissSECH81_4	2730885	2733133	HistomissSECH102_4	2968165	2970413	color=b3b1b2
HistomissSECH81_4	668438	670685	HistomissSECH102_4	594112	596359	color=b3b1b2
HistomissSECH81_4	2522	4767	HistomissSECH102_4	2385	4630	color=b3b1b2
HistomissSECH81_4	2582668	2584909	HistomissSECH102_4	2815736	2817978	color=b3b1b2
HistomissSECH81_4	1042207	1044441	HistomissSECH102_4	978327	980540	color=b3b1b2
HistomissSECH81_4	806189	808422	HistomissSECH102_4	754104	756337	color=b3b1b2
HistomissSECH81_4	1720434	1722663	HistomissSECH102_4	1861812	1864041	color=b3b1b2
HistomissSECH81_4	2588995	2591221	HistomissSECH102_4	2821512	2823738	color=b3b1b2
HistomissSECH81_4	1406799	1409024	HistomissSECH102_4	1447332	1449557	color=b3b1b2
HistomissSECH81_4	317350	319571	HistomissSECH102_4	296713	298934	color=b3b1b2
HistomissSECH81_4	52340	54559	HistomissSECH102_4	36902	39121	color=b3b1b2
HistomissSECH81_4	152510	154723	HistomissSECH102_4	135682	137917	color=b3b1b2
HistomissSECH81_4	1650237	1652450	HistomissSECH102_4	1797867	1800080	color=b3b1b2
HistomissSECH81_4	114773	116982	HistomissSECH102_4	99707	101916	color=b3b1b2
HistomissSECH81_4	1181383	1183590	HistomissSECH102_4	1110869	1113068	color=b3b1b2
HistomissSECH81_4	1056727	1058933	HistomissSECH102_4	992910	995116	color=b3b1b2
HistomissSECH81_4	1788227	1790433	HistomissSECH102_4	1926510	1928729	color=b3b1b2
HistomissSECH81_4	2780596	2782802	HistomissSECH102_4	3030648	3032854	color=b3b1b2
HistomissSECH81_4	1005473	1007678	HistomissSECH102_4	940795	943000	color=b3b1b2
HistomissSECH81_4	1760976	1763180	HistomissSECH102_4	1900898	1903102	color=b3b1b2
HistomissSECH81_4	386289	388493	HistomissSECH102_4	352777	354977	color=b3b1b2
HistomissSECH81_4	2549182	2551376	HistomissSECH102_4	2797285	2799479	color=b3b1b2
HistomissSECH81_4	2894525	2896712	HistomissSECH102_4	3143097	3145284	color=b3b1b2
HistomissSECH81_4	1375670	1377855	HistomissSECH102_4	1418142	1420327	color=b3b1b2
HistomissSECH81_4	1661627	1663805	HistomissSECH102_4	1808835	1811013	color=b3b1b2
HistomissSECH81_4	506963	509137	HistomissSECH102_4	436465	438639	color=b3b1b2
HistomissSECH81_4	2284508	2286679	HistomissSECH102_4	2478982	2481153	color=b3b1b2
HistomissSECH81_4	637528	639699	HistomissSECH102_4	563813	565984	color=b3b1b2
HistomissSECH81_4	832061	834232	HistomissSECH102_4	778293	780464	color=b3b1b2
HistomissSECH81_4	90515	92685	HistomissSECH102_4	70889	73059	color=b3b1b2
HistomissSECH81_4	600053	602213	HistomissSECH102_4	525529	527685	color=b3b1b2
HistomissSECH81_4	1906797	1908953	HistomissSECH102_4	2042881	2045037	color=b3b1b2
HistomissSECH81_4	2443339	2445494	HistomissSECH102_4	2633254	2635392	color=b3b1b2
HistomissSECH81_4	841108	843260	HistomissSECH102_4	786824	788978	color=b3b1b2
HistomissSECH81_4	2144429	2146579	HistomissSECH102_4	2323220	2325370	color=b3b1b2
HistomissSECH81_4	1286172	1288320	HistomissSECH102_4	1329254	1331402	color=b3b1b2
HistomissSECH81_4	398119	400266	HistomissSECH102_4	361915	364060	color=b3b1b2
HistomissSECH81_4	951372	953518	HistomissSECH102_4	891802	893948	color=b3b1b2
HistomissSECH81_4	1843177	1845309	HistomissSECH102_4	1977858	1979990	color=b3b1b2
HistomissSECH81_4	36439	38571	HistomissSECH102_4	22878	25010	color=b3b1b2
HistomissSECH81_4	2468076	2470207	HistomissSECH102_4	2652697	2654828	color=b3b1b2
HistomissSECH81_4	1838971	1841101	HistomissSECH102_4	1973986	1976116	color=b3b1b2
HistomissSECH81_4	2305759	2307889	HistomissSECH102_4	2500087	2502217	color=b3b1b2
HistomissSECH81_4	2127271	2129400	HistomissSECH102_4	2305171	2307300	color=b3b1b2
HistomissSECH81_4	1831890	1834013	HistomissSECH102_4	1966732	1968855	color=b3b1b2
HistomissSECH81_4	367561	369683	HistomissSECH102_4	335583	337703	color=b3b1b2
HistomissSECH81_4	1358020	1360139	HistomissSECH102_4	1399475	1401594	color=b3b1b2
HistomissSECH81_4	1143723	1145839	HistomissSECH102_4	1077518	1079652	color=b3b1b2
HistomissSECH81_4	2085720	2087830	HistomissSECH102_4	2244017	2246127	color=b3b1b2
HistomissSECH81_4	438820	440930	HistomissSECH102_4	400874	402984	color=b3b1b2
HistomissSECH81_4	1556737	1558839	HistomissSECH102_4	1595344	1597446	color=b3b1b2
HistomissSECH81_4	1987704	1989802	HistomissSECH102_4	2150427	2152525	color=b3b1b2
HistomissSECH81_4	2391837	2393931	HistomissSECH102_4	2587302	2589391	color=b3b1b2
HistomissSECH81_4	816112	818204	HistomissSECH102_4	764887	766969	color=b3b1b2
HistomissSECH81_4	2644069	2646156	HistomissSECH102_4	2876159	2878246	color=b3b1b2
HistomissSECH81_4	395950	398037	HistomissSECH102_4	359724	361811	color=b3b1b2
HistomissSECH81_4	915319	917397	HistomissSECH102_4	861680	863764	color=b3b1b2
HistomissSECH81_4	1378473	1380548	HistomissSECH102_4	1421137	1423212	color=b3b1b2
HistomissSECH81_4	1062328	1064401	HistomissSECH102_4	996495	998568	color=b3b1b2
HistomissSECH81_4	1985036	1987099	HistomissSECH102_4	2147488	2149550	color=b3b1b2
HistomissSECH81_4	2346805	2348863	HistomissSECH102_4	2538072	2540130	color=b3b1b2
HistomissSECH81_4	2491273	2493330	HistomissSECH102_4	2727528	2729585	color=b3b1b2
HistomissSECH81_4	1352936	1354988	HistomissSECH102_4	1394366	1396418	color=b3b1b2
HistomissSECH81_4	2073352	2075402	HistomissSECH102_4	2231329	2233379	color=b3b1b2
HistomissSECH81_4	2087776	2089819	HistomissSECH102_4	2246228	2248271	color=b3b1b2
HistomissSECH81_4	1207559	1209600	HistomissSECH102_4	1155597	1157638	color=b3b1b2
HistomissSECH81_4	1302909	1304948	HistomissSECH102_4	1345315	1347354	color=b3b1b2
HistomissSECH81_4	758804	760840	HistomissSECH102_4	671397	673433	color=b3b1b2
HistomissSECH81_4	674108	676143	HistomissSECH102_4	598889	600924	color=b3b1b2
HistomissSECH81_4	2239747	2241781	HistomissSECH102_4	2437042	2439076	color=b3b1b2
HistomissSECH81_4	1385883	1387908	HistomissSECH102_4	1427968	1429993	color=b3b1b2
HistomissSECH81_4	1631656	1633677	HistomissSECH102_4	1786565	1788586	color=b3b1b2
HistomissSECH81_4	2630774	2632795	HistomissSECH102_4	2864346	2866367	color=b3b1b2
HistomissSECH81_4	2058699	2060714	HistomissSECH102_4	2218407	2220422	color=b3b1b2
HistomissSECH81_4	1574669	1576683	HistomissSECH102_4	1609797	1611813	color=b3b1b2
HistomissSECH81_4	949417	951426	HistomissSECH102_4	889691	891701	color=b3b1b2
HistomissSECH81_4	2790274	2792279	HistomissSECH102_4	3040478	3042483	color=b3b1b2
HistomissSECH81_4	1691572	1693576	HistomissSECH102_4	1833020	1835024	color=b3b1b2
HistomissSECH81_4	1723492	1725490	HistomissSECH102_4	1864874	1866872	color=b3b1b2
HistomissSECH81_4	2804210	2806208	HistomissSECH102_4	3054557	3056555	color=b3b1b2
HistomissSECH81_4	1054784	1056781	HistomissSECH102_4	990810	992809	color=b3b1b2
HistomissSECH81_4	2698513	2700508	HistomissSECH102_4	2935636	2937631	color=b3b1b2
HistomissSECH81_4	1524147	1526139	HistomissSECH102_4	1563632	1565588	color=b3b1b2
HistomissSECH81_4	134607	136595	HistomissSECH102_4	119167	121155	color=b3b1b2
HistomissSECH81_4	1514318	1516302	HistomissSECH102_4	1553029	1555013	color=b3b1b2
HistomissSECH81_4	2221941	2223923	HistomissSECH102_4	2401265	2403247	color=b3b1b2
HistomissSECH81_4	1355374	1357355	HistomissSECH102_4	1396519	1398500	color=b3b1b2
HistomissSECH81_4	749369	751346	HistomissSECH102_4	660913	662890	color=b3b1b2
HistomissSECH81_4	2620760	2622736	HistomissSECH102_4	2853427	2855403	color=b3b1b2
HistomissSECH81_4	615902	617878	HistomissSECH102_4	542684	544660	color=b3b1b2
HistomissSECH81_4	2882653	2884627	HistomissSECH102_4	3131918	3133892	color=b3b1b2
HistomissSECH81_4	1489478	1491449	HistomissSECH102_4	1526852	1528823	color=b3b1b2
HistomissSECH81_4	2726126	2728094	HistomissSECH102_4	2964112	2966072	color=b3b1b2
HistomissSECH81_4	1247339	1249299	HistomissSECH102_4	1257179	1259139	color=b3b1b2
HistomissSECH81_4	2736735	2738693	HistomissSECH102_4	2974791	2976749	color=b3b1b2
HistomissSECH81_4	607872	609828	HistomissSECH102_4	532394	534350	color=b3b1b2
HistomissSECH81_4	2439153	2441108	HistomissSECH102_4	2629050	2631005	color=b3b1b2
HistomissSECH81_4	1869257	1871210	HistomissSECH102_4	2013036	2014989	color=b3b1b2
HistomissSECH81_4	2067865	2069816	HistomissSECH102_4	2226080	2228034	color=b3b1b2
HistomissSECH81_4	1137698	1139648	HistomissSECH102_4	1070320	1072270	color=b3b1b2
HistomissSECH81_4	658362	660309	HistomissSECH102_4	584308	586255	color=b3b1b2
HistomissSECH81_4	2171170	2173115	HistomissSECH102_4	2350993	2352938	color=b3b1b2
HistomissSECH81_4	1602829	1604767	HistomissSECH102_4	1631263	1633202	color=b3b1b2
HistomissSECH81_4	529420	531351	HistomissSECH102_4	459753	461684	color=b3b1b2
HistomissSECH81_4	1196516	1198443	HistomissSECH102_4	1145600	1147527	color=b3b1b2
HistomissSECH81_4	2301351	2303277	HistomissSECH102_4	2495214	2497140	color=b3b1b2
HistomissSECH81_4	2861078	2863002	HistomissSECH102_4	3110598	3112522	color=b3b1b2
HistomissSECH81_4	1476019	1477937	HistomissSECH102_4	1513967	1515885	color=b3b1b2
HistomissSECH81_4	1656685	1658603	HistomissSECH102_4	1803852	1805770	color=b3b1b2
HistomissSECH81_4	2768497	2770415	HistomissSECH102_4	3018505	3020423	color=b3b1b2
HistomissSECH81_4	2376392	2378308	HistomissSECH102_4	2571659	2573566	color=b3b1b2
HistomissSECH81_4	251533	253448	HistomissSECH102_4	229329	231244	color=b3b1b2
HistomissSECH81_4	546115	548028	HistomissSECH102_4	472812	474726	color=b3b1b2
HistomissSECH81_4	357833	359745	HistomissSECH102_4	325630	327542	color=b3b1b2
HistomissSECH81_4	2351367	2353278	HistomissSECH102_4	2540254	2542165	color=b3b1b2
HistomissSECH81_4	2792225	2794135	HistomissSECH102_4	3042584	3044494	color=b3b1b2
HistomissSECH81_4	442351	444261	HistomissSECH102_4	403085	404995	color=b3b1b2
HistomissSECH81_4	2070881	2072783	HistomissSECH102_4	2229326	2231228	color=b3b1b2
HistomissSECH81_4	582621	584521	HistomissSECH102_4	507670	509570	color=b3b1b2
HistomissSECH81_4	1771288	1773187	HistomissSECH102_4	1911129	1913028	color=b3b1b2
HistomissSECH81_4	2545651	2547549	HistomissSECH102_4	2791251	2793149	color=b3b1b2
HistomissSECH81_4	513803	515699	HistomissSECH102_4	443198	445094	color=b3b1b2
HistomissSECH81_4	1554592	1556487	HistomissSECH102_4	1593346	1595243	color=b3b1b2
HistomissSECH81_4	390020	391915	HistomissSECH102_4	356434	358329	color=b3b1b2
HistomissSECH81_4	2879749	2881637	HistomissSECH102_4	3128602	3130537	color=b3b1b2
HistomissSECH81_4	855957	857839	HistomissSECH102_4	801687	803568	color=b3b1b2
HistomissSECH81_4	1150354	1152235	HistomissSECH102_4	1084562	1086440	color=b3b1b2
HistomissSECH81_4	2243039	2244913	HistomissSECH102_4	2439177	2441051	color=b3b1b2
HistomissSECH81_4	1836863	1838733	HistomissSECH102_4	1972015	1973885	color=b3b1b2
HistomissSECH81_4	2371239	2373107	HistomissSECH102_4	2562418	2564286	color=b3b1b2
HistomissSECH81_4	2746364	2748228	HistomissSECH102_4	2995842	2997705	color=b3b1b2
HistomissSECH81_4	1729490	1731345	HistomissSECH102_4	1870389	1872244	color=b3b1b2
HistomissSECH81_4	1899842	1901695	HistomissSECH102_4	2037042	2038895	color=b3b1b2
HistomissSECH81_4	2658667	2660520	HistomissSECH102_4	2892579	2894432	color=b3b1b2
HistomissSECH81_4	417379	419225	HistomissSECH102_4	379870	381716	color=b3b1b2
HistomissSECH81_4	967097	968939	HistomissSECH102_4	902948	904788	color=b3b1b2
HistomissSECH81_4	2027194	2029032	HistomissSECH102_4	2190678	2192516	color=b3b1b2
HistomissSECH81_4	2496550	2498386	HistomissSECH102_4	2732558	2734394	color=b3b1b2
HistomissSECH81_4	2154062	2155897	HistomissSECH102_4	2333450	2335285	color=b3b1b2
HistomissSECH81_4	660255	662090	HistomissSECH102_4	586356	588191	color=b3b1b2
HistomissSECH81_4	288719	290553	HistomissSECH102_4	267578	269382	color=b3b1b2
HistomissSECH81_4	2313049	2314877	HistomissSECH102_4	2507386	2509214	color=b3b1b2
HistomissSECH81_4	700427	702245	HistomissSECH102_4	625481	627275	color=b3b1b2
HistomissSECH81_4	319555	321369	HistomissSECH102_4	299035	300849	color=b3b1b2
HistomissSECH81_4	2602060	2603871	HistomissSECH102_4	2835650	2837462	color=b3b1b2
HistomissSECH81_4	1402553	1404363	HistomissSECH102_4	1445421	1447231	color=b3b1b2
HistomissSECH81_4	1360085	1361893	HistomissSECH102_4	1401695	1403503	color=b3b1b2
HistomissSECH81_4	1994105	1995913	HistomissSECH102_4	2157389	2159197	color=b3b1b2
HistomissSECH81_4	2191077	2192884	HistomissSECH102_4	2370891	2372698	color=b3b1b2
HistomissSECH81_4	564006	565809	HistomissSECH102_4	490510	492313	color=b3b1b2
HistomissSECH81_4	2004444	2006244	HistomissSECH102_4	2168429	2170229	color=b3b1b2
HistomissSECH81_4	2869425	2871217	HistomissSECH102_4	3118978	3120770	color=b3b1b2
HistomissSECH81_4	92631	94422	HistomissSECH102_4	73160	74951	color=b3b1b2
HistomissSECH81_4	1078851	1080638	HistomissSECH102_4	1013751	1015533	color=b3b1b2
HistomissSECH81_4	1092217	1094004	HistomissSECH102_4	1027259	1029046	color=b3b1b2
HistomissSECH81_4	2688631	2690416	HistomissSECH102_4	2925425	2927238	color=b3b1b2
HistomissSECH81_4	1700375	1702157	HistomissSECH102_4	1841204	1842986	color=b3b1b2
HistomissSECH81_4	1769561	1771342	HistomissSECH102_4	1909247	1911028	color=b3b1b2
HistomissSECH81_4	2147818	2149599	HistomissSECH102_4	2326918	2328699	color=b3b1b2
HistomissSECH81_4	2015036	2016816	HistomissSECH102_4	2178481	2180261	color=b3b1b2
HistomissSECH81_4	819384	821164	HistomissSECH102_4	767995	769775	color=b3b1b2
HistomissSECH81_4	2268418	2270196	HistomissSECH102_4	2461593	2463369	color=b3b1b2
HistomissSECH81_4	72512	74283	HistomissSECH102_4	56265	58035	color=b3b1b2
HistomissSECH81_4	1621311	1623079	HistomissSECH102_4	1775516	1777272	color=b3b1b2
HistomissSECH81_4	32154	33922	HistomissSECH102_4	18217	19972	color=b3b1b2
HistomissSECH81_4	1979720	1981487	HistomissSECH102_4	2142550	2144317	color=b3b1b2
HistomissSECH81_4	415666	417433	HistomissSECH102_4	378002	379769	color=b3b1b2
HistomissSECH81_4	2196761	2198523	HistomissSECH102_4	2376951	2378713	color=b3b1b2
HistomissSECH81_4	1827162	1828923	HistomissSECH102_4	1961209	1962970	color=b3b1b2
HistomissSECH81_4	2013333	2015090	HistomissSECH102_4	2176623	2178380	color=b3b1b2
HistomissSECH81_4	2456266	2458021	HistomissSECH102_4	2640413	2642167	color=b3b1b2
HistomissSECH81_4	103829	105582	HistomissSECH102_4	84741	86494	color=b3b1b2
HistomissSECH81_4	1337449	1339202	HistomissSECH102_4	1377917	1379670	color=b3b1b2
HistomissSECH81_4	1064347	1066096	HistomissSECH102_4	998669	1000418	color=b3b1b2
HistomissSECH81_4	70432	72181	HistomissSECH102_4	54415	56164	color=b3b1b2
HistomissSECH81_4	843309	845058	HistomissSECH102_4	789079	790828	color=b3b1b2
HistomissSECH81_4	911056	912800	HistomissSECH102_4	858237	859981	color=b3b1b2
HistomissSECH81_4	1504759	1506497	HistomissSECH102_4	1542461	1544199	color=b3b1b2
HistomissSECH81_4	648846	650578	HistomissSECH102_4	574834	576560	color=b3b1b2
HistomissSECH81_4	2568861	2570589	HistomissSECH102_4	2806175	2807903	color=b3b1b2
HistomissSECH81_4	2310849	2312573	HistomissSECH102_4	2504876	2506600	color=b3b1b2
HistomissSECH81_4	1189029	1190752	HistomissSECH102_4	1118996	1120719	color=b3b1b2
HistomissSECH81_4	2056288	2058010	HistomissSECH102_4	2215686	2217408	color=b3b1b2
HistomissSECH81_4	2668667	2670388	HistomissSECH102_4	2900990	2902711	color=b3b1b2
HistomissSECH81_4	878693	880413	HistomissSECH102_4	829121	830841	color=b3b1b2
HistomissSECH81_4	2034751	2036468	HistomissSECH102_4	2195816	2197533	color=b3b1b2
HistomissSECH81_4	1818282	1819994	HistomissSECH102_4	1954163	1955875	color=b3b1b2
HistomissSECH81_4	1669322	1671032	HistomissSECH102_4	1816818	1818535	color=b3b1b2
HistomissSECH81_4	720884	722594	HistomissSECH102_4	638884	640594	color=b3b1b2
HistomissSECH81_4	737420	739130	HistomissSECH102_4	655031	656740	color=b3b1b2
HistomissSECH81_4	1998122	1999830	HistomissSECH102_4	2161341	2163048	color=b3b1b2
HistomissSECH81_4	2559181	2560888	HistomissSECH102_4	2804367	2806074	color=b3b1b2
HistomissSECH81_4	1753460	1755165	HistomissSECH102_4	1893359	1895064	color=b3b1b2
HistomissSECH81_4	2303223	2304927	HistomissSECH102_4	2497241	2498945	color=b3b1b2
HistomissSECH81_4	2871831	2873535	HistomissSECH102_4	3121534	3123238	color=b3b1b2
HistomissSECH81_4	1689923	1691626	HistomissSECH102_4	1831216	1832919	color=b3b1b2
HistomissSECH81_4	2476370	2478073	HistomissSECH102_4	2716734	2718437	color=b3b1b2
HistomissSECH81_4	136580	138278	HistomissSECH102_4	121256	122954	color=b3b1b2
HistomissSECH81_4	848703	850401	HistomissSECH102_4	794183	795881	color=b3b1b2
HistomissSECH81_4	2866283	2867976	HistomissSECH102_4	3115794	3117485	color=b3b1b2
HistomissSECH81_4	1103485	1105176	HistomissSECH102_4	1039119	1040810	color=b3b1b2
HistomissSECH81_4	1152940	1154631	HistomissSECH102_4	1087323	1089014	color=b3b1b2
HistomissSECH81_4	1765601	1767292	HistomissSECH102_4	1905969	1907660	color=b3b1b2
HistomissSECH81_4	2615292	2616978	HistomissSECH102_4	2848770	2850456	color=b3b1b2
HistomissSECH81_4	1550720	1552404	HistomissSECH102_4	1589166	1590848	color=b3b1b2
HistomissSECH81_4	2344481	2346160	HistomissSECH102_4	2536292	2537971	color=b3b1b2
HistomissSECH81_4	1850152	1851830	HistomissSECH102_4	1984511	1986190	color=b3b1b2
HistomissSECH81_4	2209634	2211312	HistomissSECH102_4	2388563	2390241	color=b3b1b2
HistomissSECH81_4	697854	699524	HistomissSECH102_4	623053	624723	color=b3b1b2
HistomissSECH81_4	147951	149619	HistomissSECH102_4	131939	133607	color=b3b1b2
HistomissSECH81_4	1421903	1423569	HistomissSECH102_4	1462039	1463705	color=b3b1b2
HistomissSECH81_4	419717	421382	HistomissSECH102_4	382518	384183	color=b3b1b2
HistomissSECH81_4	2649704	2651366	HistomissSECH102_4	2882415	2884077	color=b3b1b2
HistomissSECH81_4	1804615	1806276	HistomissSECH102_4	1940353	1942014	color=b3b1b2
HistomissSECH81_4	540970	542629	HistomissSECH102_4	467993	469652	color=b3b1b2
HistomissSECH81_4	2292268	2293926	HistomissSECH102_4	2487394	2489053	color=b3b1b2
HistomissSECH81_4	2783575	2785231	HistomissSECH102_4	3033744	3035400	color=b3b1b2
HistomissSECH81_4	1174173	1175828	HistomissSECH102_4	1104046	1105701	color=b3b1b2
HistomissSECH81_4	1939380	1941032	HistomissSECH102_4	2077681	2079333	color=b3b1b2
HistomissSECH81_4	2271495	2273146	HistomissSECH102_4	2464853	2466504	color=b3b1b2
HistomissSECH81_4	2704383	2706031	HistomissSECH102_4	2941797	2943444	color=b3b1b2
HistomissSECH81_4	213318	214965	HistomissSECH102_4	189815	191462	color=b3b1b2
HistomissSECH81_4	592736	594383	HistomissSECH102_4	517501	519148	color=b3b1b2
HistomissSECH81_4	1396324	1397966	HistomissSECH102_4	1438935	1440576	color=b3b1b2
HistomissSECH81_4	517681	519322	HistomissSECH102_4	447484	449125	color=b3b1b2
HistomissSECH81_4	962669	964310	HistomissSECH102_4	898240	899881	color=b3b1b2
HistomissSECH81_4	2023118	2024758	HistomissSECH102_4	2187183	2188823	color=b3b1b2
HistomissSECH81_4	2538512	2540152	HistomissSECH102_4	2784092	2785732	color=b3b1b2
HistomissSECH81_4	2120842	2122481	HistomissSECH102_4	2278323	2279962	color=b3b1b2
HistomissSECH81_4	2279209	2280848	HistomissSECH102_4	2473278	2474917	color=b3b1b2
HistomissSECH81_4	1674985	1676621	HistomissSECH102_4	1822501	1824137	color=b3b1b2
HistomissSECH81_4	2309267	2310903	HistomissSECH102_4	2503139	2504775	color=b3b1b2
HistomissSECH81_4	235063	236699	HistomissSECH102_4	212312	213948	color=b3b1b2
HistomissSECH81_4	2591167	2592803	HistomissSECH102_4	2823839	2825475	color=b3b1b2
HistomissSECH81_4	1834582	1836216	HistomissSECH102_4	1969634	1971268	color=b3b1b2
HistomissSECH81_4	2200885	2202519	HistomissSECH102_4	2379997	2381631	color=b3b1b2
HistomissSECH81_4	988546	990177	HistomissSECH102_4	923554	925185	color=b3b1b2
HistomissSECH81_4	1427095	1428724	HistomissSECH102_4	1465017	1466646	color=b3b1b2
HistomissSECH81_4	2742267	2743895	HistomissSECH102_4	2980493	2982122	color=b3b1b2
HistomissSECH81_4	814325	815953	HistomissSECH102_4	763082	764710	color=b3b1b2
HistomissSECH81_4	1894419	1896046	HistomissSECH102_4	2032653	2034280	color=b3b1b2
HistomissSECH81_4	536310	537937	HistomissSECH102_4	464710	466336	color=b3b1b2
HistomissSECH81_4	778292	779915	HistomissSECH102_4	727614	729237	color=b3b1b2
HistomissSECH81_4	522873	524494	HistomissSECH102_4	452604	454225	color=b3b1b2
HistomissSECH81_4	236645	238265	HistomissSECH102_4	214049	215669	color=b3b1b2
HistomissSECH81_4	823488	825107	HistomissSECH102_4	771829	773448	color=b3b1b2
HistomissSECH81_4	2851980	2853597	HistomissSECH102_4	3101498	3103115	color=b3b1b2
HistomissSECH81_4	431315	432929	HistomissSECH102_4	394272	395886	color=b3b1b2
HistomissSECH81_4	2817761	2819374	HistomissSECH102_4	3068355	3069968	color=b3b1b2
HistomissSECH81_4	2802652	2804264	HistomissSECH102_4	3052844	3054456	color=b3b1b2
HistomissSECH81_4	729409	731021	HistomissSECH102_4	647348	648960	color=b3b1b2
HistomissSECH81_4	2218496	2220107	HistomissSECH102_4	2398375	2399998	color=b3b1b2
HistomissSECH81_4	727803	729414	HistomissSECH102_4	645635	647247	color=b3b1b2
HistomissSECH81_4	531537	533147	HistomissSECH102_4	461847	463457	color=b3b1b2
HistomissSECH81_4	1968641	1970249	HistomissSECH102_4	2131021	2132629	color=b3b1b2
HistomissSECH81_4	2134537	2136145	HistomissSECH102_4	2312846	2314454	color=b3b1b2
HistomissSECH81_4	1333469	1335076	HistomissSECH102_4	1374135	1375742	color=b3b1b2
HistomissSECH81_4	1339148	1340754	HistomissSECH102_4	1379771	1381377	color=b3b1b2
HistomissSECH81_4	172954	174559	HistomissSECH102_4	155847	157452	color=b3b1b2
HistomissSECH81_4	603100	604700	HistomissSECH102_4	527786	529386	color=b3b1b2
HistomissSECH81_4	1879731	1881330	HistomissSECH102_4	2019167	2020766	color=b3b1b2
HistomissSECH81_4	1116588	1118182	HistomissSECH102_4	1051831	1053425	color=b3b1b2
HistomissSECH81_4	1348974	1350564	HistomissSECH102_4	1389847	1391437	color=b3b1b2
HistomissSECH81_4	1255967	1257555	HistomissSECH102_4	1311388	1312976	color=b3b1b2
HistomissSECH81_4	1081321	1082908	HistomissSECH102_4	1016526	1018113	color=b3b1b2
HistomissSECH81_4	2489096	2490683	HistomissSECH102_4	2725828	2727415	color=b3b1b2
HistomissSECH81_4	1989748	1991334	HistomissSECH102_4	2152626	2154212	color=b3b1b2
HistomissSECH81_4	1595136	1596721	HistomissSECH102_4	1624332	1625917	color=b3b1b2
HistomissSECH81_4	2124218	2125801	HistomissSECH102_4	2282007	2283590	color=b3b1b2
HistomissSECH81_4	1167389	1168971	HistomissSECH102_4	1098435	1100017	color=b3b1b2
HistomissSECH81_4	30030	31612	HistomissSECH102_4	16534	18116	color=b3b1b2
HistomissSECH81_4	1919864	1921442	HistomissSECH102_4	2056770	2058348	color=b3b1b2
HistomissSECH81_4	880359	881936	HistomissSECH102_4	830942	832519	color=b3b1b2
HistomissSECH81_4	2063250	2064824	HistomissSECH102_4	2223464	2225037	color=b3b1b2
HistomissSECH81_4	1929688	1931260	HistomissSECH102_4	2066751	2068323	color=b3b1b2
HistomissSECH81_4	552464	554036	HistomissSECH102_4	479383	480954	color=b3b1b2
HistomissSECH81_4	249963	251531	HistomissSECH102_4	227604	229172	color=b3b1b2
HistomissSECH81_4	1533233	1534800	HistomissSECH102_4	1572119	1573686	color=b3b1b2
HistomissSECH81_4	2334014	2335580	HistomissSECH102_4	2526357	2527923	color=b3b1b2
HistomissSECH81_4	1083064	1084629	HistomissSECH102_4	1018226	1019791	color=b3b1b2
HistomissSECH81_4	1458637	1460198	HistomissSECH102_4	1497998	1499559	color=b3b1b2
HistomissSECH81_4	2628432	2629987	HistomissSECH102_4	2861891	2863445	color=b3b1b2
HistomissSECH81_4	2785607	2787162	HistomissSECH102_4	3035501	3037056	color=b3b1b2
HistomissSECH81_4	1146455	1148009	HistomissSECH102_4	1080453	1082007	color=b3b1b2
HistomissSECH81_4	98514	100065	HistomissSECH102_4	79160	80711	color=b3b1b2
HistomissSECH81_4	2244859	2246407	HistomissSECH102_4	2441152	2442700	color=b3b1b2
HistomissSECH81_4	800233	801780	HistomissSECH102_4	748196	749743	color=b3b1b2
HistomissSECH81_4	877201	878747	HistomissSECH102_4	827474	829020	color=b3b1b2
HistomissSECH81_4	2131690	2133234	HistomissSECH102_4	2309900	2311444	color=b3b1b2
HistomissSECH81_4	1477883	1479424	HistomissSECH102_4	1515986	1517527	color=b3b1b2
HistomissSECH81_4	2195101	2196635	HistomissSECH102_4	2375316	2376850	color=b3b1b2
HistomissSECH81_4	1568651	1570183	HistomissSECH102_4	1608164	1609696	color=b3b1b2
HistomissSECH81_4	498166	499697	HistomissSECH102_4	427407	428938	color=b3b1b2
HistomissSECH81_4	2385128	2386655	HistomissSECH102_4	2581386	2582913	color=b3b1b2
HistomissSECH81_4	811522	813049	HistomissSECH102_4	759970	761496	color=b3b1b2
HistomissSECH81_4	1205951	1207475	HistomissSECH102_4	1153972	1155496	color=b3b1b2
HistomissSECH81_4	2702913	2704437	HistomissSECH102_4	2940172	2941696	color=b3b1b2
HistomissSECH81_4	1040379	1041902	HistomissSECH102_4	976703	978226	color=b3b1b2
HistomissSECH81_4	2010756	2012279	HistomissSECH102_4	2173737	2175259	color=b3b1b2
HistomissSECH81_4	2876965	2878487	HistomissSECH102_4	3125674	3127197	color=b3b1b2
HistomissSECH81_4	1345439	1346957	HistomissSECH102_4	1386668	1388186	color=b3b1b2
HistomissSECH81_4	1440506	1442024	HistomissSECH102_4	1478544	1480062	color=b3b1b2
HistomissSECH81_4	496043	497559	HistomissSECH102_4	425541	427056	color=b3b1b2
HistomissSECH81_4	50547	52061	HistomissSECH102_4	35287	36801	color=b3b1b2
HistomissSECH81_4	22365	23878	HistomissSECH102_4	11371	12884	color=b3b1b2
HistomissSECH81_4	2800225	2801738	HistomissSECH102_4	3050631	3052132	color=b3b1b2
HistomissSECH81_4	1488020	1489532	HistomissSECH102_4	1525238	1526751	color=b3b1b2
HistomissSECH81_4	2028978	2030490	HistomissSECH102_4	2192617	2194129	color=b3b1b2
HistomissSECH81_4	2007993	2009504	HistomissSECH102_4	2172125	2173636	color=b3b1b2
HistomissSECH81_4	364	1875	HistomissSECH102_4	1	1512	color=b3b1b2
HistomissSECH81_4	1964465	1965975	HistomissSECH102_4	2126535	2128045	color=b3b1b2
HistomissSECH81_4	779914	781424	HistomissSECH102_4	724474	725984	color=b3b1b2
HistomissSECH81_4	1530823	1532330	HistomissSECH102_4	1570469	1571976	color=b3b1b2
HistomissSECH81_4	2252670	2254173	HistomissSECH102_4	2449608	2451111	color=b3b1b2
HistomissSECH81_4	2660874	2662377	HistomissSECH102_4	2894533	2896036	color=b3b1b2
HistomissSECH81_4	1262251	1263753	HistomissSECH102_4	1318375	1319875	color=b3b1b2
HistomissSECH81_4	2179003	2180505	HistomissSECH102_4	2359667	2361169	color=b3b1b2
HistomissSECH81_4	2314823	2316323	HistomissSECH102_4	2509315	2510815	color=b3b1b2
HistomissSECH81_4	500867	502365	HistomissSECH102_4	430152	431650	color=b3b1b2
HistomissSECH81_4	1616660	1618157	HistomissSECH102_4	1770486	1771983	color=b3b1b2
HistomissSECH81_4	2182622	2184118	HistomissSECH102_4	2363215	2364711	color=b3b1b2
HistomissSECH81_4	2720350	2721846	HistomissSECH102_4	2958055	2959554	color=b3b1b2
HistomissSECH81_4	1330501	1331994	HistomissSECH102_4	1370702	1372195	color=b3b1b2
HistomissSECH81_4	997912	999405	HistomissSECH102_4	932733	934226	color=b3b1b2
HistomissSECH81_4	1953343	1954833	HistomissSECH102_4	2114695	2116185	color=b3b1b2
HistomissSECH81_4	1288837	1290326	HistomissSECH102_4	1331503	1332992	color=b3b1b2
HistomissSECH81_4	2208086	2209571	HistomissSECH102_4	2386977	2388462	color=b3b1b2
HistomissSECH81_4	1249519	1251003	HistomissSECH102_4	1259240	1260724	color=b3b1b2
HistomissSECH81_4	1809142	1810626	HistomissSECH102_4	1944693	1946177	color=b3b1b2
HistomissSECH81_4	1115109	1116592	HistomissSECH102_4	1050247	1051730	color=b3b1b2
HistomissSECH81_4	1154577	1156059	HistomissSECH102_4	1089115	1090597	color=b3b1b2
HistomissSECH81_4	2093075	2094557	HistomissSECH102_4	2251908	2253390	color=b3b1b2
HistomissSECH81_4	809594	811074	HistomissSECH102_4	757732	759212	color=b3b1b2
HistomissSECH81_4	689054	690533	HistomissSECH102_4	613774	615232	color=b3b1b2
HistomissSECH81_4	1221457	1222930	HistomissSECH102_4	1161769	1163242	color=b3b1b2
HistomissSECH81_4	1517487	1518960	HistomissSECH102_4	1556197	1557670	color=b3b1b2
HistomissSECH81_4	2380855	2382324	HistomissSECH102_4	2576959	2578428	color=b3b1b2
HistomissSECH81_4	164294	165762	HistomissSECH102_4	146958	148426	color=b3b1b2
HistomissSECH81_4	604702	606167	HistomissSECH102_4	529487	530952	color=b3b1b2
HistomissSECH81_4	1491416	1492880	HistomissSECH102_4	1528924	1530388	color=b3b1b2
HistomissSECH81_4	348920	350383	HistomissSECH102_4	318341	319802	color=b3b1b2
HistomissSECH81_4	2712643	2714104	HistomissSECH102_4	2950393	2951854	color=b3b1b2
HistomissSECH81_4	1201516	1202976	HistomissSECH102_4	1149968	1151428	color=b3b1b2
HistomissSECH81_4	314625	316084	HistomissSECH102_4	293678	295137	color=b3b1b2
HistomissSECH81_4	538630	540085	HistomissSECH102_4	466437	467892	color=b3b1b2
HistomissSECH81_4	63781	65236	HistomissSECH102_4	47959	49414	color=b3b1b2
HistomissSECH81_4	1298082	1299535	HistomissSECH102_4	1340591	1342044	color=b3b1b2
HistomissSECH81_4	885963	887413	HistomissSECH102_4	836623	838073	color=b3b1b2
HistomissSECH81_4	1107617	1109066	HistomissSECH102_4	1043065	1044514	color=b3b1b2
HistomissSECH81_4	157799	159248	HistomissSECH102_4	140813	142262	color=b3b1b2
HistomissSECH81_4	1677160	1678609	HistomissSECH102_4	1824845	1826294	color=b3b1b2
HistomissSECH81_4	970519	971967	HistomissSECH102_4	905516	906964	color=b3b1b2
HistomissSECH81_4	1449837	1451283	HistomissSECH102_4	1488986	1490432	color=b3b1b2
HistomissSECH81_4	2810382	2811828	HistomissSECH102_4	3061023	3062469	color=b3b1b2
HistomissSECH81_4	1067170	1068615	HistomissSECH102_4	1001582	1003028	color=b3b1b2
HistomissSECH81_4	897747	899189	HistomissSECH102_4	848025	849467	color=b3b1b2
HistomissSECH81_4	2339941	2341382	HistomissSECH102_4	2531886	2533327	color=b3b1b2
HistomissSECH81_4	2758564	2760004	HistomissSECH102_4	3008048	3009488	color=b3b1b2
HistomissSECH81_4	165844	167282	HistomissSECH102_4	148527	149965	color=b3b1b2
HistomissSECH81_4	2143037	2144475	HistomissSECH102_4	2321682	2323119	color=b3b1b2
HistomissSECH81_4	2705977	2707415	HistomissSECH102_4	2943545	2944983	color=b3b1b2
HistomissSECH81_4	884579	886017	HistomissSECH102_4	835084	836522	color=b3b1b2
HistomissSECH81_4	2140996	2142431	HistomissSECH102_4	2319340	2320773	color=b3b1b2
HistomissSECH81_4	2173061	2174496	HistomissSECH102_4	2353039	2354474	color=b3b1b2
HistomissSECH81_4	528042	529474	HistomissSECH102_4	458220	459652	color=b3b1b2
HistomissSECH81_4	1011452	1012881	HistomissSECH102_4	947239	948668	color=b3b1b2
HistomissSECH81_4	193072	194499	HistomissSECH102_4	168343	169770	color=b3b1b2
HistomissSECH81_4	33952	35378	HistomissSECH102_4	20073	21499	color=b3b1b2
HistomissSECH81_4	1340700	1342123	HistomissSECH102_4	1381478	1382902	color=b3b1b2
HistomissSECH81_4	1417455	1418878	HistomissSECH102_4	1457824	1459247	color=b3b1b2
HistomissSECH81_4	1928319	1929742	HistomissSECH102_4	2065227	2066650	color=b3b1b2
HistomissSECH81_4	2091526	2092949	HistomissSECH102_4	2250384	2251807	color=b3b1b2
HistomissSECH81_4	735810	737233	HistomissSECH102_4	653507	654930	color=b3b1b2
HistomissSECH81_4	1652396	1653817	HistomissSECH102_4	1800181	1801602	color=b3b1b2
HistomissSECH81_4	310152	311573	HistomissSECH102_4	288971	290392	color=b3b1b2
HistomissSECH81_4	1791242	1792662	HistomissSECH102_4	1928830	1930249	color=b3b1b2
HistomissSECH81_4	2420164	2421581	HistomissSECH102_4	2615188	2616601	color=b3b1b2
HistomissSECH81_4	2633382	2634799	HistomissSECH102_4	2867264	2868681	color=b3b1b2
HistomissSECH81_4	379633	381048	HistomissSECH102_4	345811	347226	color=b3b1b2
HistomissSECH81_4	1184071	1185484	HistomissSECH102_4	1113859	1115272	color=b3b1b2
HistomissSECH81_4	899135	900548	HistomissSECH102_4	849568	850981	color=b3b1b2
HistomissSECH81_4	1390835	1392245	HistomissSECH102_4	1433061	1434471	color=b3b1b2
HistomissSECH81_4	2767085	2768495	HistomissSECH102_4	3016994	3018404	color=b3b1b2
HistomissSECH81_4	1481352	1482761	HistomissSECH102_4	1518960	1520369	color=b3b1b2
HistomissSECH81_4	2648351	2649758	HistomissSECH102_4	2880907	2882314	color=b3b1b2
HistomissSECH81_4	1938033	1939434	HistomissSECH102_4	2076179	2077580	color=b3b1b2
HistomissSECH81_4	1914121	1915520	HistomissSECH102_4	2050974	2052373	color=b3b1b2
HistomissSECH81_4	255334	256733	HistomissSECH102_4	233578	234977	color=b3b1b2
HistomissSECH81_4	2228872	2230269	HistomissSECH102_4	2408202	2409599	color=b3b1b2
HistomissSECH81_4	937362	938759	HistomissSECH102_4	877152	878549	color=b3b1b2
HistomissSECH81_4	1125282	1126678	HistomissSECH102_4	1061197	1062593	color=b3b1b2
HistomissSECH81_4	2815131	2816523	HistomissSECH102_4	3065820	3067212	color=b3b1b2
HistomissSECH81_4	2554314	2555705	HistomissSECH102_4	2799583	2800974	color=b3b1b2
HistomissSECH81_4	1393894	1395284	HistomissSECH102_4	1436400	1437791	color=b3b1b2
HistomissSECH81_4	2887473	2888862	HistomissSECH102_4	3137158	3138547	color=b3b1b2
HistomissSECH81_4	2759950	2761338	HistomissSECH102_4	3009589	3010980	color=b3b1b2
HistomissSECH81_4	751483	752871	HistomissSECH102_4	662991	664379	color=b3b1b2
HistomissSECH81_4	965763	967151	HistomissSECH102_4	901459	902847	color=b3b1b2
HistomissSECH81_4	1956897	1958282	HistomissSECH102_4	2118501	2119886	color=b3b1b2
HistomissSECH81_4	1113779	1115163	HistomissSECH102_4	1048762	1050146	color=b3b1b2
HistomissSECH81_4	812995	814379	HistomissSECH102_4	761597	762981	color=b3b1b2
HistomissSECH81_4	1296492	1297869	HistomissSECH102_4	1339113	1340490	color=b3b1b2
HistomissSECH81_4	964379	965755	HistomissSECH102_4	899982	901358	color=b3b1b2
HistomissSECH81_4	1216843	1218218	HistomissSECH102_4	1159046	1160421	color=b3b1b2
HistomissSECH81_4	316030	317404	HistomissSECH102_4	295238	296612	color=b3b1b2
HistomissSECH81_4	1541926	1543299	HistomissSECH102_4	1580907	1582280	color=b3b1b2
HistomissSECH81_4	1946783	1948154	HistomissSECH102_4	2108185	2109556	color=b3b1b2
HistomissSECH81_4	1175774	1177143	HistomissSECH102_4	1105802	1107171	color=b3b1b2
HistomissSECH81_4	1190908	1192275	HistomissSECH102_4	1120915	1122282	color=b3b1b2
HistomissSECH81_4	2796583	2797950	HistomissSECH102_4	3046679	3048046	color=b3b1b2
HistomissSECH81_4	355534	356900	HistomissSECH102_4	323535	324900	color=b3b1b2
HistomissSECH81_4	2447547	2448911	HistomissSECH102_4	2637609	2638973	color=b3b1b2
HistomissSECH81_4	231158	232521	HistomissSECH102_4	208311	209674	color=b3b1b2
HistomissSECH81_4	2040484	2041846	HistomissSECH102_4	2201190	2202552	color=b3b1b2
HistomissSECH81_4	655234	656594	HistomissSECH102_4	581526	582887	color=b3b1b2
HistomissSECH81_4	1581377	1582735	HistomissSECH102_4	1617001	1618359	color=b3b1b2
HistomissSECH81_4	446625	447983	HistomissSECH102_4	407285	408643	color=b3b1b2
HistomissSECH81_4	2216985	2218340	HistomissSECH102_4	2396859	2398214	color=b3b1b2
HistomissSECH81_4	1321425	1322778	HistomissSECH102_4	1361840	1363193	color=b3b1b2
HistomissSECH81_4	1156005	1157354	HistomissSECH102_4	1090698	1092047	color=b3b1b2
HistomissSECH81_4	2146525	2147872	HistomissSECH102_4	2325471	2326817	color=b3b1b2
HistomissSECH81_4	2204543	2205890	HistomissSECH102_4	2383752	2385099	color=b3b1b2
HistomissSECH81_4	112413	113759	HistomissSECH102_4	97325	98703	color=b3b1b2
HistomissSECH81_4	1518906	1520252	HistomissSECH102_4	1557771	1559117	color=b3b1b2
HistomissSECH81_4	591451	592790	HistomissSECH102_4	516060	517400	color=b3b1b2
HistomissSECH81_4	2406257	2407595	HistomissSECH102_4	2601833	2603171	color=b3b1b2
HistomissSECH81_4	921177	922515	HistomissSECH102_4	873356	874694	color=b3b1b2
HistomissSECH81_4	1932644	1933981	HistomissSECH102_4	2070427	2071764	color=b3b1b2
HistomissSECH81_4	2114792	2116127	HistomissSECH102_4	2274131	2275466	color=b3b1b2
HistomissSECH81_4	2840696	2842030	HistomissSECH102_4	3090202	3091536	color=b3b1b2
HistomissSECH81_4	1996843	1998176	HistomissSECH102_4	2159907	2161240	color=b3b1b2
HistomissSECH81_4	1817006	1818336	HistomissSECH102_4	1952732	1954062	color=b3b1b2
HistomissSECH81_4	144593	145920	HistomissSECH102_4	128758	130085	color=b3b1b2
HistomissSECH81_4	1814707	1816034	HistomissSECH102_4	1950123	1951450	color=b3b1b2
HistomissSECH81_4	2834766	2836093	HistomissSECH102_4	3084411	3085738	color=b3b1b2
HistomissSECH81_4	168239	169565	HistomissSECH102_4	151232	152558	color=b3b1b2
HistomissSECH81_4	1529553	1530877	HistomissSECH102_4	1569044	1570368	color=b3b1b2
HistomissSECH81_4	1088104	1089426	HistomissSECH102_4	1023730	1025051	color=b3b1b2
HistomissSECH81_4	1526085	1527403	HistomissSECH102_4	1565689	1567007	color=b3b1b2
HistomissSECH81_4	1874722	1876040	HistomissSECH102_4	2017748	2019066	color=b3b1b2
HistomissSECH81_4	1479788	1481103	HistomissSECH102_4	1517628	1518961	color=b3b1b2
HistomissSECH81_4	2416851	2418165	HistomissSECH102_4	2612390	2613704	color=b3b1b2
HistomissSECH81_4	2061315	2062628	HistomissSECH102_4	2221219	2222532	color=b3b1b2
HistomissSECH81_4	2214349	2215662	HistomissSECH102_4	2393988	2395301	color=b3b1b2
HistomissSECH81_4	2359517	2360830	HistomissSECH102_4	2548451	2549764	color=b3b1b2
HistomissSECH81_4	631608	632920	HistomissSECH102_4	557612	558924	color=b3b1b2
HistomissSECH81_4	753924	755234	HistomissSECH102_4	665587	666897	color=b3b1b2
HistomissSECH81_4	1508019	1509328	HistomissSECH102_4	1545870	1547179	color=b3b1b2
HistomissSECH81_4	1445229	1446537	HistomissSECH102_4	1483914	1485222	color=b3b1b2
HistomissSECH81_4	1482828	1484136	HistomissSECH102_4	1520470	1521779	color=b3b1b2
HistomissSECH81_4	1559427	1560734	HistomissSECH102_4	1598344	1599651	color=b3b1b2
HistomissSECH81_4	1898589	1899896	HistomissSECH102_4	2035634	2036941	color=b3b1b2
HistomissSECH81_4	118287	119592	HistomissSECH102_4	103080	104384	color=b3b1b2
HistomissSECH81_4	1704067	1705371	HistomissSECH102_4	1844894	1846198	color=b3b1b2
HistomissSECH81_4	1668075	1669376	HistomissSECH102_4	1815416	1816717	color=b3b1b2
HistomissSECH81_4	363518	364818	HistomissSECH102_4	331739	333039	color=b3b1b2
HistomissSECH81_4	434746	436046	HistomissSECH102_4	398149	399446	color=b3b1b2
HistomissSECH81_4	2193793	2195091	HistomissSECH102_4	2373917	2375215	color=b3b1b2
HistomissSECH81_4	1511136	1512433	HistomissSECH102_4	1549383	1550679	color=b3b1b2
HistomissSECH81_4	695721	697015	HistomissSECH102_4	620633	621928	color=b3b1b2
HistomissSECH81_4	1323933	1325224	HistomissSECH102_4	1364569	1365860	color=b3b1b2
HistomissSECH81_4	662036	663326	HistomissSECH102_4	588292	589582	color=b3b1b2
HistomissSECH81_4	1106150	1107439	HistomissSECH102_4	1041675	1042964	color=b3b1b2
HistomissSECH81_4	2001806	2003093	HistomissSECH102_4	2165050	2166337	color=b3b1b2
HistomissSECH81_4	2641840	2643126	HistomissSECH102_4	2873620	2874906	color=b3b1b2
HistomissSECH81_4	2646102	2647387	HistomissSECH102_4	2878347	2879633	color=b3b1b2
HistomissSECH81_4	2755409	2756694	HistomissSECH102_4	3004512	3005797	color=b3b1b2
HistomissSECH81_4	2418714	2419998	HistomissSECH102_4	2613805	2615087	color=b3b1b2
HistomissSECH81_4	1251132	1252415	HistomissSECH102_4	1260825	1262109	color=b3b1b2
HistomissSECH81_4	2100225	2101508	HistomissSECH102_4	2259292	2260576	color=b3b1b2
HistomissSECH81_4	2270267	2271549	HistomissSECH102_4	2463470	2464752	color=b3b1b2
HistomissSECH81_4	100011	101292	HistomissSECH102_4	80812	82093	color=b3b1b2
HistomissSECH81_4	86482	87763	HistomissSECH102_4	67203	68484	color=b3b1b2
HistomissSECH81_4	109525	110804	HistomissSECH102_4	90987	92261	color=b3b1b2
HistomissSECH81_4	1089372	1090650	HistomissSECH102_4	1025152	1026430	color=b3b1b2
HistomissSECH81_4	1863474	1864752	HistomissSECH102_4	2007710	2008988	color=b3b1b2
HistomissSECH81_4	23824	25101	HistomissSECH102_4	12985	14262	color=b3b1b2
HistomissSECH81_4	894740	896014	HistomissSECH102_4	844949	846223	color=b3b1b2
HistomissSECH81_4	1931425	1932698	HistomissSECH102_4	2069053	2070326	color=b3b1b2
HistomissSECH81_4	636309	637582	HistomissSECH102_4	562439	563712	color=b3b1b2
HistomissSECH81_4	953664	954937	HistomissSECH102_4	895953	897226	color=b3b1b2
HistomissSECH81_4	2529813	2531085	HistomissSECH102_4	2775232	2776504	color=b3b1b2
HistomissSECH81_4	1903037	1904308	HistomissSECH102_4	2040160	2041431	color=b3b1b2
HistomissSECH81_4	2464535	2465805	HistomissSECH102_4	2648536	2649806	color=b3b1b2
HistomissSECH81_4	1231705	1232974	HistomissSECH102_4	1174195	1175464	color=b3b1b2
HistomissSECH81_4	1685993	1687262	HistomissSECH102_4	1826986	1828254	color=b3b1b2
HistomissSECH81_4	2349019	2350288	HistomissSECH102_4	2549883	2551152	color=b3b1b2
HistomissSECH81_4	248748	250017	HistomissSECH102_4	226234	227503	color=b3b1b2
HistomissSECH81_4	1024585	1025851	HistomissSECH102_4	959812	961078	color=b3b1b2
HistomissSECH81_4	239307	240573	HistomissSECH102_4	217021	218287	color=b3b1b2
HistomissSECH81_4	707383	708649	HistomissSECH102_4	633102	634368	color=b3b1b2
HistomissSECH81_4	2671505	2672769	HistomissSECH102_4	2904103	2905367	color=b3b1b2
HistomissSECH81_4	948208	949471	HistomissSECH102_4	888327	889590	color=b3b1b2
HistomissSECH81_4	362003	363265	HistomissSECH102_4	330376	331638	color=b3b1b2
HistomissSECH81_4	1561206	1562467	HistomissSECH102_4	1599828	1601089	color=b3b1b2
HistomissSECH81_4	516476	517735	HistomissSECH102_4	446124	447383	color=b3b1b2
HistomissSECH81_4	1613984	1615240	HistomissSECH102_4	1768010	1769266	color=b3b1b2
HistomissSECH81_4	2366607	2367861	HistomissSECH102_4	2557477	2558731	color=b3b1b2
HistomissSECH81_4	262651	263905	HistomissSECH102_4	240161	241415	color=b3b1b2
HistomissSECH81_4	291580	292833	HistomissSECH102_4	269483	270736	color=b3b1b2
HistomissSECH81_4	1051330	1052582	HistomissSECH102_4	986851	988102	color=b3b1b2
HistomissSECH81_4	1319340	1320590	HistomissSECH102_4	1359670	1360920	color=b3b1b2
HistomissSECH81_4	187937	189187	HistomissSECH102_4	162588	163838	color=b3b1b2
HistomissSECH81_4	1904749	1905997	HistomissSECH102_4	2041532	2042780	color=b3b1b2
HistomissSECH81_4	203251	204499	HistomissSECH102_4	178946	180194	color=b3b1b2
HistomissSECH81_4	838205	839453	HistomissSECH102_4	784533	785781	color=b3b1b2
HistomissSECH81_4	1708710	1709957	HistomissSECH102_4	1849706	1850953	color=b3b1b2
HistomissSECH81_4	1598047	1599291	HistomissSECH102_4	1626891	1628135	color=b3b1b2
HistomissSECH81_4	2293930	2295172	HistomissSECH102_4	2489154	2490396	color=b3b1b2
HistomissSECH81_4	1161341	1162580	HistomissSECH102_4	1096007	1097246	color=b3b1b2
HistomissSECH81_4	2316269	2317508	HistomissSECH102_4	2510916	2512150	color=b3b1b2
HistomissSECH81_4	487426	488665	HistomissSECH102_4	417190	418429	color=b3b1b2
HistomissSECH81_4	1280652	1281890	HistomissSECH102_4	1323553	1324791	color=b3b1b2
HistomissSECH81_4	1666892	1668129	HistomissSECH102_4	1814078	1815315	color=b3b1b2
HistomissSECH81_4	491653	492890	HistomissSECH102_4	421719	422956	color=b3b1b2
HistomissSECH81_4	1419382	1420618	HistomissSECH102_4	1460061	1461297	color=b3b1b2
HistomissSECH81_4	1951711	1952946	HistomissSECH102_4	2113291	2114526	color=b3b1b2
HistomissSECH81_4	1992927	1994159	HistomissSECH102_4	2156055	2157288	color=b3b1b2
HistomissSECH81_4	2739696	2740927	HistomissSECH102_4	2977863	2979094	color=b3b1b2
HistomissSECH81_4	2342552	2343781	HistomissSECH102_4	2534962	2536191	color=b3b1b2
HistomissSECH81_4	414491	415720	HistomissSECH102_4	376672	377901	color=b3b1b2
HistomissSECH81_4	494127	495354	HistomissSECH102_4	424207	425440	color=b3b1b2
HistomissSECH81_4	502311	503538	HistomissSECH102_4	431751	432978	color=b3b1b2
HistomissSECH81_4	2498355	2499581	HistomissSECH102_4	2734495	2735721	color=b3b1b2
HistomissSECH81_4	436421	437647	HistomissSECH102_4	399547	400773	color=b3b1b2
HistomissSECH81_4	1563372	1564597	HistomissSECH102_4	1602268	1603493	color=b3b1b2
HistomissSECH81_4	1283335	1284558	HistomissSECH102_4	1325951	1327174	color=b3b1b2
HistomissSECH81_4	1890933	1892155	HistomissSECH102_4	2029111	2030333	color=b3b1b2
HistomissSECH81_4	2379546	2380767	HistomissSECH102_4	2575635	2576856	color=b3b1b2
HistomissSECH81_4	585311	586531	HistomissSECH102_4	510390	511610	color=b3b1b2
HistomissSECH81_4	544950	546169	HistomissSECH102_4	471492	472711	color=b3b1b2
HistomissSECH81_4	1520644	1521862	HistomissSECH102_4	1559819	1561037	color=b3b1b2
HistomissSECH81_4	1705530	1706748	HistomissSECH102_4	1846299	1847517	color=b3b1b2
HistomissSECH81_4	2113521	2114738	HistomissSECH102_4	2272813	2274030	color=b3b1b2
HistomissSECH81_4	1314152	1315366	HistomissSECH102_4	1354672	1355886	color=b3b1b2
HistomissSECH81_4	1778926	1780140	HistomissSECH102_4	1919446	1920661	color=b3b1b2
HistomissSECH81_4	242743	243956	HistomissSECH102_4	221074	222287	color=b3b1b2
HistomissSECH81_4	919823	921036	HistomissSECH102_4	872042	873255	color=b3b1b2
HistomissSECH81_4	159194	160406	HistomissSECH102_4	142363	143575	color=b3b1b2
HistomissSECH81_4	2482660	2483871	HistomissSECH102_4	2723642	2724854	color=b3b1b2
HistomissSECH81_4	558463	559674	HistomissSECH102_4	484985	486196	color=b3b1b2
HistomissSECH81_4	40878	42088	HistomissSECH102_4	26306	27516	color=b3b1b2
HistomissSECH81_4	907182	908392	HistomissSECH102_4	854951	856212	color=b3b1b2
HistomissSECH81_4	229271	230479	HistomissSECH102_4	206114	207322	color=b3b1b2
HistomissSECH81_4	624573	625778	HistomissSECH102_4	551565	552771	color=b3b1b2
HistomissSECH81_4	2576796	2578000	HistomissSECH102_4	2813713	2814916	color=b3b1b2
HistomissSECH81_4	784237	785441	HistomissSECH102_4	731786	732990	color=b3b1b2
HistomissSECH81_4	1741179	1742381	HistomissSECH102_4	1882577	1883779	color=b3b1b2
HistomissSECH81_4	2837431	2838633	HistomissSECH102_4	3086970	3088172	color=b3b1b2
HistomissSECH81_4	2878548	2879750	HistomissSECH102_4	3127298	3128500	color=b3b1b2
HistomissSECH81_4	797231	798433	HistomissSECH102_4	744726	745928	color=b3b1b2
HistomissSECH81_4	2728819	2730020	HistomissSECH102_4	2966854	2968055	color=b3b1b2
HistomissSECH81_4	2748174	2749375	HistomissSECH102_4	2997806	2999007	color=b3b1b2
HistomissSECH81_4	1317859	1319058	HistomissSECH102_4	1357888	1359126	color=b3b1b2
HistomissSECH81_4	2267273	2268472	HistomissSECH102_4	2460293	2461492	color=b3b1b2
HistomissSECH81_4	2300206	2301405	HistomissSECH102_4	2493914	2495113	color=b3b1b2
HistomissSECH81_4	388495	389694	HistomissSECH102_4	355134	356333	color=b3b1b2
HistomissSECH81_4	1031975	1033172	HistomissSECH102_4	967442	968639	color=b3b1b2
HistomissSECH81_4	2741124	2742321	HistomissSECH102_4	2979195	2980392	color=b3b1b2
HistomissSECH81_4	1209929	1211125	HistomissSECH102_4	1157748	1158945	color=b3b1b2
HistomissSECH81_4	2717190	2718385	HistomissSECH102_4	2955550	2956745	color=b3b1b2
HistomissSECH81_4	808404	809597	HistomissSECH102_4	756438	757631	color=b3b1b2
HistomissSECH81_4	1118215	1119407	HistomissSECH102_4	1053542	1054734	color=b3b1b2
HistomissSECH81_4	391861	393053	HistomissSECH102_4	358430	359623	color=b3b1b2
HistomissSECH81_4	1474490	1475681	HistomissSECH102_4	1512675	1513866	color=b3b1b2
HistomissSECH81_4	1658549	1659739	HistomissSECH102_4	1805871	1807061	color=b3b1b2
HistomissSECH81_4	2794081	2795271	HistomissSECH102_4	3044595	3045785	color=b3b1b2
HistomissSECH81_4	1655552	1656739	HistomissSECH102_4	1802564	1803751	color=b3b1b2
HistomissSECH81_4	2297625	2298811	HistomissSECH102_4	2492628	2493813	color=b3b1b2
HistomissSECH81_4	2670373	2671559	HistomissSECH102_4	2902816	2904002	color=b3b1b2
HistomissSECH81_4	2017325	2018509	HistomissSECH102_4	2181080	2182264	color=b3b1b2
HistomissSECH81_4	771370	772554	HistomissSECH102_4	721002	722186	color=b3b1b2
HistomissSECH81_4	1773949	1775129	HistomissSECH102_4	1914049	1915229	color=b3b1b2
HistomissSECH81_4	2438029	2439207	HistomissSECH102_4	2627771	2628949	color=b3b1b2
HistomissSECH81_4	1058879	1060056	HistomissSECH102_4	995217	996394	color=b3b1b2
HistomissSECH81_4	1384644	1385820	HistomissSECH102_4	1426691	1427867	color=b3b1b2
HistomissSECH81_4	1322749	1323923	HistomissSECH102_4	1363294	1364468	color=b3b1b2
HistomissSECH81_4	2531503	2532677	HistomissSECH102_4	2777232	2778406	color=b3b1b2
HistomissSECH81_4	1326707	1327880	HistomissSECH102_4	1367084	1368257	color=b3b1b2
HistomissSECH81_4	1093950	1095122	HistomissSECH102_4	1029147	1030319	color=b3b1b2
HistomissSECH81_4	486310	487480	HistomissSECH102_4	415919	417089	color=b3b1b2
HistomissSECH81_4	35324	36493	HistomissSECH102_4	21600	22777	color=b3b1b2
HistomissSECH81_4	2236568	2237736	HistomissSECH102_4	2433578	2434746	color=b3b1b2
HistomissSECH81_4	2427297	2428465	HistomissSECH102_4	2616702	2617870	color=b3b1b2
HistomissSECH81_4	2623828	2624996	HistomissSECH102_4	2857974	2859142	color=b3b1b2
HistomissSECH81_4	1630232	1631398	HistomissSECH102_4	1785046	1786212	color=b3b1b2
HistomissSECH81_4	182782	183948	HistomissSECH102_4	15526	14363	color=b3b1b2
HistomissSECH81_4	739533	740697	HistomissSECH102_4	656841	658005	color=b3b1b2
HistomissSECH81_4	782141	783305	HistomissSECH102_4	729377	730544	color=b3b1b2
HistomissSECH81_4	2365498	2366661	HistomissSECH102_4	2556211	2557376	color=b3b1b2
HistomissSECH81_4	2398639	2399799	HistomissSECH102_4	2593824	2594984	color=b3b1b2
HistomissSECH81_4	2678536	2679695	HistomissSECH102_4	2910368	2911526	color=b3b1b2
HistomissSECH81_4	2037372	2038529	HistomissSECH102_4	2198739	2199896	color=b3b1b2
HistomissSECH81_4	852434	853591	HistomissSECH102_4	798030	799191	color=b3b1b2
HistomissSECH81_4	55571	56725	HistomissSECH102_4	39222	40376	color=b3b1b2
HistomissSECH81_4	1897491	1898643	HistomissSECH102_4	2034381	2035533	color=b3b1b2
HistomissSECH81_4	853537	854689	HistomissSECH102_4	799292	800444	color=b3b1b2
HistomissSECH81_4	238211	239361	HistomissSECH102_4	215770	216920	color=b3b1b2
HistomissSECH81_4	2707417	2708567	HistomissSECH102_4	2945140	2946289	color=b3b1b2
HistomissSECH81_4	1512379	1513528	HistomissSECH102_4	1550780	1551929	color=b3b1b2
HistomissSECH81_4	87709	88856	HistomissSECH102_4	68585	69732	color=b3b1b2
HistomissSECH81_4	992563	993710	HistomissSECH102_4	926868	928015	color=b3b1b2
HistomissSECH81_4	1828869	1830015	HistomissSECH102_4	1963071	1964237	color=b3b1b2
HistomissSECH81_4	790283	791429	HistomissSECH102_4	737132	738278	color=b3b1b2
HistomissSECH81_4	555809	556953	HistomissSECH102_4	483013	484152	color=b3b1b2
HistomissSECH81_4	119646	120785	HistomissSECH102_4	104485	105621	color=b3b1b2
HistomissSECH81_4	2686308	2687447	HistomissSECH102_4	2922631	2923770	color=b3b1b2
HistomissSECH81_4	766861	768000	HistomissSECH102_4	717467	718606	color=b3b1b2
HistomissSECH81_4	634201	635339	HistomissSECH102_4	560021	561159	color=b3b1b2
HistomissSECH81_4	77031	78169	HistomissSECH102_4	60771	61909	color=b3b1b2
HistomissSECH81_4	1468426	1469563	HistomissSECH102_4	1508277	1509414	color=b3b1b2
HistomissSECH81_4	1600716	1601853	HistomissSECH102_4	1630025	1631162	color=b3b1b2
HistomissSECH81_4	1822011	1823148	HistomissSECH102_4	1957497	1958637	color=b3b1b2
HistomissSECH81_4	2094503	2095640	HistomissSECH102_4	2253491	2254627	color=b3b1b2
HistomissSECH81_4	345821	346958	HistomissSECH102_4	314949	316086	color=b3b1b2
HistomissSECH81_4	1220219	1221355	HistomissSECH102_4	1160528	1161668	color=b3b1b2
HistomissSECH81_4	765779	766915	HistomissSECH102_4	716230	717366	color=b3b1b2
HistomissSECH81_4	2478019	2479153	HistomissSECH102_4	2718538	2719672	color=b3b1b2
HistomissSECH81_4	421328	422461	HistomissSECH102_4	384284	385417	color=b3b1b2
HistomissSECH81_4	2383383	2384515	HistomissSECH102_4	2579331	2580463	color=b3b1b2
HistomissSECH81_4	2771625	2772757	HistomissSECH102_4	3021673	3022805	color=b3b1b2
HistomissSECH81_4	704130	705261	HistomissSECH102_4	629352	630498	color=b3b1b2
HistomissSECH81_4	918746	919877	HistomissSECH102_4	870810	871941	color=b3b1b2
HistomissSECH81_4	2534452	2535581	HistomissSECH102_4	2780139	2781269	color=b3b1b2
HistomissSECH81_4	1368446	1369574	HistomissSECH102_4	1410298	1411426	color=b3b1b2
HistomissSECH81_4	756505	757631	HistomissSECH102_4	668633	669759	color=b3b1b2
HistomissSECH81_4	1003258	1004383	HistomissSECH102_4	938701	939826	color=b3b1b2
HistomissSECH81_4	2684627	2685752	HistomissSECH102_4	2920640	2921765	color=b3b1b2
HistomissSECH81_4	69361	70486	HistomissSECH102_4	53189	54314	color=b3b1b2
HistomissSECH81_4	1845255	1846379	HistomissSECH102_4	1980091	1981215	color=b3b1b2
HistomissSECH81_4	1893352	1894473	HistomissSECH102_4	2031431	2032552	color=b3b1b2
HistomissSECH81_4	2839525	2840645	HistomissSECH102_4	3088989	3090101	color=b3b1b2
HistomissSECH81_4	1494674	1495793	HistomissSECH102_4	1532234	1533353	color=b3b1b2
HistomissSECH81_4	1796391	1797509	HistomissSECH102_4	1932979	1934097	color=b3b1b2
HistomissSECH81_4	2465751	2466869	HistomissSECH102_4	2649907	2651025	color=b3b1b2
HistomissSECH81_4	2585975	2587091	HistomissSECH102_4	2818836	2819952	color=b3b1b2
HistomissSECH81_4	2104561	2105672	HistomissSECH102_4	2263683	2264794	color=b3b1b2
HistomissSECH81_4	1856160	1857270	HistomissSECH102_4	2001197	2002307	color=b3b1b2
HistomissSECH81_4	1123371	1124480	HistomissSECH102_4	1059286	1060395	color=b3b1b2
HistomissSECH81_4	1426040	1427149	HistomissSECH102_4	1463807	1464916	color=b3b1b2
HistomissSECH81_4	2254386	2255495	HistomissSECH102_4	2451212	2452321	color=b3b1b2
HistomissSECH81_4	2541412	2542521	HistomissSECH102_4	2786586	2787695	color=b3b1b2
HistomissSECH81_4	425692	426801	HistomissSECH102_4	388614	389723	color=b3b1b2
HistomissSECH81_4	909054	910161	HistomissSECH102_4	857029	858136	color=b3b1b2
HistomissSECH81_4	2012281	2013387	HistomissSECH102_4	2175416	2176522	color=b3b1b2
HistomissSECH81_4	572880	573986	HistomissSECH102_4	497909	499015	color=b3b1b2
HistomissSECH81_4	2718331	2719436	HistomissSECH102_4	2956846	2957951	color=b3b1b2
HistomissSECH81_4	796180	797285	HistomissSECH102_4	743520	744625	color=b3b1b2
HistomissSECH81_4	1007624	1008727	HistomissSECH102_4	943101	944204	color=b3b1b2
HistomissSECH81_4	2697415	2698517	HistomissSECH102_4	2934433	2935535	color=b3b1b2
HistomissSECH81_4	1111134	1112234	HistomissSECH102_4	1044615	1045715	color=b3b1b2
HistomissSECH81_4	1332424	1333523	HistomissSECH102_4	1372935	1374034	color=b3b1b2
HistomissSECH81_4	1171492	1172590	HistomissSECH102_4	1101322	1102419	color=b3b1b2
HistomissSECH81_4	2638451	2639549	HistomissSECH102_4	2870730	2871828	color=b3b1b2
HistomissSECH81_4	2690362	2691457	HistomissSECH102_4	2927339	2928434	color=b3b1b2
HistomissSECH81_4	432875	433969	HistomissSECH102_4	395987	397081	color=b3b1b2
HistomissSECH81_4	588777	589871	HistomissSECH102_4	514099	515193	color=b3b1b2
HistomissSECH81_4	39313	40406	HistomissSECH102_4	25111	26205	color=b3b1b2
HistomissSECH81_4	1442768	1443860	HistomissSECH102_4	1480988	1482080	color=b3b1b2
HistomissSECH81_4	2039241	2040333	HistomissSECH102_4	2199997	2201089	color=b3b1b2
HistomissSECH81_4	2821500	2822592	HistomissSECH102_4	3071558	3072650	color=b3b1b2
HistomissSECH81_4	846794	847886	HistomissSECH102_4	791960	793052	color=b3b1b2
HistomissSECH81_4	56868	57959	HistomissSECH102_4	40531	41622	color=b3b1b2
HistomissSECH81_4	2850944	2852034	HistomissSECH102_4	3100307	3101397	color=b3b1b2
HistomissSECH81_4	65642	66730	HistomissSECH102_4	49515	50603	color=b3b1b2
HistomissSECH81_4	663571	664659	HistomissSECH102_4	589683	590770	color=b3b1b2
HistomissSECH81_4	2084532	2085619	HistomissSECH102_4	2242829	2243916	color=b3b1b2
HistomissSECH81_4	2441054	2442141	HistomissSECH102_4	2631106	2632194	color=b3b1b2
HistomissSECH81_4	254038	255125	HistomissSECH102_4	232071	233158	color=b3b1b2
HistomissSECH81_4	2733079	2734165	HistomissSECH102_4	2970514	2971601	color=b3b1b2
HistomissSECH81_4	1808111	1809196	HistomissSECH102_4	1943507	1944592	color=b3b1b2
HistomissSECH81_4	2069762	2070846	HistomissSECH102_4	2228135	2229219	color=b3b1b2
HistomissSECH81_4	2749582	2750664	HistomissSECH102_4	2999108	3000190	color=b3b1b2
HistomissSECH81_4	851051	852132	HistomissSECH102_4	796847	797929	color=b3b1b2
HistomissSECH81_4	1435651	1436731	HistomissSECH102_4	1473792	1474872	color=b3b1b2
HistomissSECH81_4	1815980	1817060	HistomissSECH102_4	1951551	1952631	color=b3b1b2
HistomissSECH81_4	2211258	2212337	HistomissSECH102_4	2390342	2391421	color=b3b1b2
HistomissSECH81_4	2296170	2297249	HistomissSECH102_4	2491448	2492527	color=b3b1b2
HistomissSECH81_4	635285	636363	HistomissSECH102_4	561260	562338	color=b3b1b2
HistomissSECH81_4	1315312	1316389	HistomissSECH102_4	1355987	1357076	color=b3b1b2
HistomissSECH81_4	260408	261485	HistomissSECH102_4	238146	239223	color=b3b1b2
HistomissSECH81_4	378610	379687	HistomissSECH102_4	344633	345710	color=b3b1b2
HistomissSECH81_4	1046231	1047306	HistomissSECH102_4	982371	983446	color=b3b1b2
HistomissSECH81_4	2199742	2200817	HistomissSECH102_4	2378814	2379896	color=b3b1b2
HistomissSECH81_4	427824	428899	HistomissSECH102_4	390480	391555	color=b3b1b2
HistomissSECH81_4	2859963	2861036	HistomissSECH102_4	3109424	3110497	color=b3b1b2
HistomissSECH81_4	682708	683781	HistomissSECH102_4	606654	607727	color=b3b1b2
HistomissSECH81_4	2647333	2648405	HistomissSECH102_4	2879734	2880806	color=b3b1b2
HistomissSECH81_4	1451229	1452300	HistomissSECH102_4	1490533	1491604	color=b3b1b2
HistomissSECH81_4	1528447	1529518	HistomissSECH102_4	1567872	1568943	color=b3b1b2
HistomissSECH81_4	1075546	1076615	HistomissSECH102_4	1010136	1011205	color=b3b1b2
HistomissSECH81_4	1933936	1935005	HistomissSECH102_4	2071865	2072934	color=b3b1b2
HistomissSECH81_4	1949191	1950259	HistomissSECH102_4	2110306	2111374	color=b3b1b2
HistomissSECH81_4	2230801	2231869	HistomissSECH102_4	2431332	2432400	color=b3b1b2
HistomissSECH81_4	444747	445815	HistomissSECH102_4	405096	406164	color=b3b1b2
HistomissSECH81_4	209483	210550	HistomissSECH102_4	185471	186538	color=b3b1b2
HistomissSECH81_4	769450	770516	HistomissSECH102_4	719835	720901	color=b3b1b2
HistomissSECH81_4	167228	168293	HistomissSECH102_4	150066	151131	color=b3b1b2
HistomissSECH81_4	212243	213308	HistomissSECH102_4	188628	189692	color=b3b1b2
HistomissSECH81_4	2220445	2221510	HistomissSECH102_4	2400099	2401164	color=b3b1b2
HistomissSECH81_4	1902028	1903091	HistomissSECH102_4	2038996	2040059	color=b3b1b2
HistomissSECH81_4	293025	294088	HistomissSECH102_4	270837	271900	color=b3b1b2
HistomissSECH81_4	2288360	2289421	HistomissSECH102_4	2482892	2483953	color=b3b1b2
HistomissSECH81_4	347858	348918	HistomissSECH102_4	317126	318183	color=b3b1b2
HistomissSECH81_4	211198	212257	HistomissSECH102_4	187468	188527	color=b3b1b2
HistomissSECH81_4	240519	241575	HistomissSECH102_4	218388	219441	color=b3b1b2
HistomissSECH81_4	62779	63835	HistomissSECH102_4	46802	47858	color=b3b1b2
HistomissSECH81_4	1599715	1600770	HistomissSECH102_4	1628869	1629924	color=b3b1b2
HistomissSECH81_4	1350510	1351564	HistomissSECH102_4	1391538	1392592	color=b3b1b2
HistomissSECH81_4	2333014	2334068	HistomissSECH102_4	2525181	2526256	color=b3b1b2
HistomissSECH81_4	2643072	2644123	HistomissSECH102_4	2875007	2876058	color=b3b1b2
HistomissSECH81_4	854960	856011	HistomissSECH102_4	800545	801586	color=b3b1b2
HistomissSECH81_4	1374674	1375724	HistomissSECH102_4	1416991	1418041	color=b3b1b2
HistomissSECH81_4	861462	862512	HistomissSECH102_4	807806	808856	color=b3b1b2
HistomissSECH81_4	493070	494119	HistomissSECH102_4	423057	424106	color=b3b1b2
HistomissSECH81_4	598220	599269	HistomissSECH102_4	523517	524566	color=b3b1b2
HistomissSECH81_4	2770631	2771679	HistomissSECH102_4	3020524	3021572	color=b3b1b2
HistomissSECH81_4	785550	786598	HistomissSECH102_4	733091	734139	color=b3b1b2
HistomissSECH81_4	535318	536364	HistomissSECH102_4	463563	464609	color=b3b1b2
HistomissSECH81_4	473726	474770	HistomissSECH102_4	414071	415115	color=b3b1b2
HistomissSECH81_4	2715402	2716445	HistomissSECH102_4	2953617	2954660	color=b3b1b2
HistomissSECH81_4	2612072	2613113	HistomissSECH102_4	2845530	2846571	color=b3b1b2
HistomissSECH81_4	798379	799420	HistomissSECH102_4	746029	747072	color=b3b1b2
HistomissSECH81_4	2604720	2605760	HistomissSECH102_4	2838334	2839375	color=b3b1b2
HistomissSECH81_4	783251	784291	HistomissSECH102_4	730645	731685	color=b3b1b2
HistomissSECH81_4	1019030	1020069	HistomissSECH102_4	954823	955862	color=b3b1b2
HistomissSECH81_4	2475145	2476184	HistomissSECH102_4	2715594	2716633	color=b3b1b2
HistomissSECH81_4	684578	685617	HistomissSECH102_4	608833	609872	color=b3b1b2
HistomissSECH81_4	857823	858862	HistomissSECH102_4	803672	804711	color=b3b1b2
HistomissSECH81_4	2778005	2779043	HistomissSECH102_4	3027983	3029021	color=b3b1b2
HistomissSECH81_4	1070626	1071663	HistomissSECH102_4	1005240	1006277	color=b3b1b2
HistomissSECH81_4	2328710	2329745	HistomissSECH102_4	2523175	2524210	color=b3b1b2
HistomissSECH81_4	146523	147557	HistomissSECH102_4	130804	131838	color=b3b1b2
HistomissSECH81_4	1239269	1240302	HistomissSECH102_4	1181598	1182631	color=b3b1b2
HistomissSECH81_4	1310862	1311894	HistomissSECH102_4	1351899	1352940	color=b3b1b2
HistomissSECH81_4	1410137	1411169	HistomissSECH102_4	1450713	1451745	color=b3b1b2
HistomissSECH81_4	298930	299959	HistomissSECH102_4	277034	278063	color=b3b1b2
HistomissSECH81_4	554834	555863	HistomissSECH102_4	481886	482912	color=b3b1b2
HistomissSECH81_4	174882	175910	HistomissSECH102_4	158136	159159	color=b3b1b2
HistomissSECH81_4	411619	412647	HistomissSECH102_4	373564	374592	color=b3b1b2
HistomissSECH81_4	105528	106555	HistomissSECH102_4	86595	87622	color=b3b1b2
HistomissSECH81_4	2123245	2124272	HistomissSECH102_4	2280875	2281906	color=b3b1b2
HistomissSECH81_4	2090491	2091517	HistomissSECH102_4	2249253	2250283	color=b3b1b2
HistomissSECH81_4	1991735	1992760	HistomissSECH102_4	2154924	2155949	color=b3b1b2
HistomissSECH81_4	161758	162781	HistomissSECH102_4	144598	145621	color=b3b1b2
HistomissSECH81_4	1325739	1326761	HistomissSECH102_4	1365961	1366983	color=b3b1b2
HistomissSECH81_4	1033118	1034138	HistomissSECH102_4	968740	969760	color=b3b1b2
HistomissSECH81_4	1702634	1703654	HistomissSECH102_4	1843773	1844793	color=b3b1b2
HistomissSECH81_4	2206444	2207464	HistomissSECH102_4	2385856	2386876	color=b3b1b2
HistomissSECH81_4	2274603	2275623	HistomissSECH102_4	2468870	2469890	color=b3b1b2
HistomissSECH81_4	792379	793398	HistomissSECH102_4	739386	740403	color=b3b1b2
HistomissSECH81_4	1615501	1616519	HistomissSECH102_4	1769367	1770385	color=b3b1b2
HistomissSECH81_4	2192830	2193847	HistomissSECH102_4	2372799	2373816	color=b3b1b2
HistomissSECH81_4	2756724	2757741	HistomissSECH102_4	3005898	3006915	color=b3b1b2
HistomissSECH81_4	1121734	1122750	HistomissSECH102_4	1057371	1058387	color=b3b1b2
HistomissSECH81_4	1908899	1909914	HistomissSECH102_4	2045138	2046153	color=b3b1b2
HistomissSECH81_4	562577	563592	HistomissSECH102_4	488771	489786	color=b3b1b2
HistomissSECH81_4	2472855	2473868	HistomissSECH102_4	2714479	2715492	color=b3b1b2
HistomissSECH81_4	1017981	1018993	HistomissSECH102_4	953707	954722	color=b3b1b2
HistomissSECH81_4	1981955	1982966	HistomissSECH102_4	2144418	2145429	color=b3b1b2
HistomissSECH81_4	1285216	1286226	HistomissSECH102_4	1328142	1329153	color=b3b1b2
HistomissSECH81_4	1416192	1417202	HistomissSECH102_4	1456713	1457723	color=b3b1b2
HistomissSECH81_4	2263909	2264919	HistomissSECH102_4	2456598	2457608	color=b3b1b2
HistomissSECH81_4	2772763	2773773	HistomissSECH102_4	3022906	3023916	color=b3b1b2
HistomissSECH81_4	1030860	1031868	HistomissSECH102_4	966333	967341	color=b3b1b2
HistomissSECH81_4	1261297	1262305	HistomissSECH102_4	1317266	1318274	color=b3b1b2
HistomissSECH81_4	1582681	1583689	HistomissSECH102_4	1618460	1619468	color=b3b1b2
HistomissSECH81_4	361049	362057	HistomissSECH102_4	329267	330275	color=b3b1b2
HistomissSECH81_4	413309	414316	HistomissSECH102_4	375564	376571	color=b3b1b2
HistomissSECH81_4	703149	704156	HistomissSECH102_4	628244	629251	color=b3b1b2
HistomissSECH81_4	1112829	1113833	HistomissSECH102_4	1047657	1048661	color=b3b1b2
HistomissSECH81_4	1872846	1873848	HistomissSECH102_4	2016645	2017647	color=b3b1b2
HistomissSECH81_4	2055141	2056143	HistomissSECH102_4	2214579	2215581	color=b3b1b2
HistomissSECH81_4	2203541	2204543	HistomissSECH102_4	2382649	2383651	color=b3b1b2
HistomissSECH81_4	1222876	1223877	HistomissSECH102_4	1163343	1164344	color=b3b1b2
HistomissSECH81_4	1583724	1584723	HistomissSECH102_4	2891864	2890865	color=b3b1b2
