Histocap1517p17_5	609523	630628	HistoohiSECH91_5	578741	599938	color=b3b1b2
Histocap1517p17_5	1075332	1093050	HistoohiSECH91_5	1069982	1087688	color=b3b1b2
Histocap1517p17_5	2042530	2059783	HistoohiSECH91_5	2111533	2128771	color=b3b1b2
Histocap1517p17_5	2767961	2784325	HistoohiSECH91_5	2790498	2807274	color=b3b1b2
Histocap1517p17_5	2434545	2450488	HistoohiSECH91_5	2448595	2464656	color=b3b1b2
Histocap1517p17_5	1116228	1131313	HistoohiSECH91_5	1112780	1127859	color=b3b1b2
Histocap1517p17_5	2566650	2580276	HistoohiSECH91_5	2545255	2558881	color=b3b1b2
Histocap1517p17_5	1214126	1227488	HistoohiSECH91_5	1217133	1230604	color=b3b1b2
Histocap1517p17_5	759758	772935	HistoohiSECH91_5	734240	747428	color=b3b1b2
Histocap1517p17_5	2394388	2407193	HistoohiSECH91_5	2407797	2420571	color=b3b1b2
Histocap1517p17_5	432292	444667	HistoohiSECH91_5	380064	392461	color=b3b1b2
Histocap1517p17_5	1608511	1620603	HistoohiSECH91_5	1653750	1665875	color=b3b1b2
Histocap1517p17_5	1862989	1875032	HistoohiSECH91_5	1930255	1942314	color=b3b1b2
Histocap1517p17_5	821849	833815	HistoohiSECH91_5	793987	805960	color=b3b1b2
Histocap1517p17_5	724127	735835	HistoohiSECH91_5	685660	697390	color=b3b1b2
Histocap1517p17_5	409557	421172	HistoohiSECH91_5	357704	369420	color=b3b1b2
Histocap1517p17_5	894758	906369	HistoohiSECH91_5	867399	879114	color=b3b1b2
Histocap1517p17_5	883092	894666	HistoohiSECH91_5	855492	867094	color=b3b1b2
Histocap1517p17_5	790697	802071	HistoohiSECH91_5	762865	774292	color=b3b1b2
Histocap1517p17_5	950697	961892	HistoohiSECH91_5	916452	927770	color=b3b1b2
Histocap1517p17_5	632731	643908	HistoohiSECH91_5	612646	623831	color=b3b1b2
Histocap1517p17_5	2417729	2428536	HistoohiSECH91_5	2428882	2439610	color=b3b1b2
Histocap1517p17_5	2467808	2478610	HistoohiSECH91_5	2482427	2493232	color=b3b1b2
Histocap1517p17_5	2554988	2565775	HistoohiSECH91_5	2533902	2544600	color=b3b1b2
Histocap1517p17_5	2671535	2682220	HistoohiSECH91_5	2659250	2669916	color=b3b1b2
Histocap1517p17_5	1984146	1994824	HistoohiSECH91_5	2047860	2058588	color=b3b1b2
Histocap1517p17_5	3023755	3034349	HistoohiSECH91_5	2988156	2998861	color=b3b1b2
Histocap1517p17_5	2594515	2604712	HistoohiSECH91_5	2582480	2592680	color=b3b1b2
Histocap1517p17_5	833817	844010	HistoohiSECH91_5	806117	816377	color=b3b1b2
Histocap1517p17_5	1356475	1366441	HistoohiSECH91_5	1350656	1360620	color=b3b1b2
Histocap1517p17_5	1625210	1634739	HistoohiSECH91_5	1670310	1679889	color=b3b1b2
Histocap1517p17_5	1158977	1168286	HistoohiSECH91_5	1164840	1174153	color=b3b1b2
Histocap1517p17_5	295725	304941	HistoohiSECH91_5	285883	295158	color=b3b1b2
Histocap1517p17_5	488754	497929	HistoohiSECH91_5	449444	458729	color=b3b1b2
Histocap1517p17_5	1042845	1052013	HistoohiSECH91_5	1036904	1046078	color=b3b1b2
Histocap1517p17_5	2450771	2459919	HistoohiSECH91_5	2464652	2473830	color=b3b1b2
Histocap1517p17_5	103989	112952	HistoohiSECH91_5	109141	118112	color=b3b1b2
Histocap1517p17_5	2228910	2237868	HistoohiSECH91_5	2243424	2252402	color=b3b1b2
Histocap1517p17_5	2758886	2767764	HistoohiSECH91_5	2781543	2790363	color=b3b1b2
Histocap1517p17_5	1320285	1329118	HistoohiSECH91_5	1260400	1251494	color=b3b1b2
Histocap1517p17_5	1975069	1983863	HistoohiSECH91_5	2039086	2047850	color=b3b1b2
Histocap1517p17_5	15893	24628	HistoohiSECH91_5	46427	55086	color=b3b1b2
Histocap1517p17_5	997716	1006446	HistoohiSECH91_5	976839	985581	color=b3b1b2
Histocap1517p17_5	653918	662510	HistoohiSECH91_5	636636	645256	color=b3b1b2
Histocap1517p17_5	2540142	2548700	HistoohiSECH91_5	2515546	2524238	color=b3b1b2
Histocap1517p17_5	2034024	2042528	HistoohiSECH91_5	2098233	2106752	color=b3b1b2
Histocap1517p17_5	3082525	3091000	HistoohiSECH91_5	3046610	3055027	color=b3b1b2
Histocap1517p17_5	2237925	2246391	HistoohiSECH91_5	2252932	2261404	color=b3b1b2
Histocap1517p17_5	1285840	1294232	HistoohiSECH91_5	1303388	1311823	color=b3b1b2
Histocap1517p17_5	1636547	1644899	HistoohiSECH91_5	1681829	1690212	color=b3b1b2
Histocap1517p17_5	3091018	3099297	HistoohiSECH91_5	3055323	3063735	color=b3b1b2
Histocap1517p17_5	2333971	2342233	HistoohiSECH91_5	2347567	2355881	color=b3b1b2
Histocap1517p17_5	748950	757165	HistoohiSECH91_5	710405	718755	color=b3b1b2
Histocap1517p17_5	805755	813969	HistoohiSECH91_5	777810	786027	color=b3b1b2
Histocap1517p17_5	1682226	1690353	HistoohiSECH91_5	1715379	1723534	color=b3b1b2
Histocap1517p17_5	238297	246423	HistoohiSECH91_5	237014	245357	color=b3b1b2
Histocap1517p17_5	1394857	1402964	HistoohiSECH91_5	1411974	1420076	color=b3b1b2
Histocap1517p17_5	2288843	2296934	HistoohiSECH91_5	2303225	2311331	color=b3b1b2
Histocap1517p17_5	325792	333828	HistoohiSECH91_5	315981	323987	color=b3b1b2
Histocap1517p17_5	1875255	1883091	HistoohiSECH91_5	1942480	1950168	color=b3b1b2
Histocap1517p17_5	1949735	1957571	HistoohiSECH91_5	2014108	2022087	color=b3b1b2
Histocap1517p17_5	1373860	1381604	HistoohiSECH91_5	1368488	1376246	color=b3b1b2
Histocap1517p17_5	178618	186336	HistoohiSECH91_5	174284	182076	color=b3b1b2
Histocap1517p17_5	113686	121386	HistoohiSECH91_5	118741	126429	color=b3b1b2
Histocap1517p17_5	2485418	2493032	HistoohiSECH91_5	2501947	2509507	color=b3b1b2
Histocap1517p17_5	2374403	2381990	HistoohiSECH91_5	2389303	2396955	color=b3b1b2
Histocap1517p17_5	1067080	1074660	HistoohiSECH91_5	1061255	1068850	color=b3b1b2
Histocap1517p17_5	1735194	1742722	HistoohiSECH91_5	1825765	1833396	color=b3b1b2
Histocap1517p17_5	2694039	2701559	HistoohiSECH91_5	2700630	2708040	color=b3b1b2
Histocap1517p17_5	813971	821421	HistoohiSECH91_5	786184	793703	color=b3b1b2
Histocap1517p17_5	1235404	1242742	HistoohiSECH91_5	1238011	1245416	color=b3b1b2
Histocap1517p17_5	906362	913619	HistoohiSECH91_5	879404	886683	color=b3b1b2
Histocap1517p17_5	1601265	1608510	HistoohiSECH91_5	1646276	1653551	color=b3b1b2
Histocap1517p17_5	2628344	2635514	HistoohiSECH91_5	2609599	2616717	color=b3b1b2
Histocap1517p17_5	929754	936911	HistoohiSECH91_5	906420	913604	color=b3b1b2
Histocap1517p17_5	1940946	1948006	HistoohiSECH91_5	2005085	2012084	color=b3b1b2
Histocap1517p17_5	1652510	1659443	HistoohiSECH91_5	1697122	1704108	color=b3b1b2
Histocap1517p17_5	1770233	1777069	HistoohiSECH91_5	1861309	1868153	color=b3b1b2
Histocap1517p17_5	740677	747501	HistoohiSECH91_5	701917	708750	color=b3b1b2
Histocap1517p17_5	1228374	1235176	HistoohiSECH91_5	1231047	1237767	color=b3b1b2
Histocap1517p17_5	920039	926825	HistoohiSECH91_5	893168	899979	color=b3b1b2
Histocap1517p17_5	2019929	2026703	HistoohiSECH91_5	2084197	2091118	color=b3b1b2
Histocap1517p17_5	149813	156546	HistoohiSECH91_5	149512	156313	color=b3b1b2
Histocap1517p17_5	2315808	2322539	HistoohiSECH91_5	2326239	2332948	color=b3b1b2
Histocap1517p17_5	1763368	1770082	HistoohiSECH91_5	1854589	1861291	color=b3b1b2
Histocap1517p17_5	1591022	1597669	HistoohiSECH91_5	1617536	1624203	color=b3b1b2
Histocap1517p17_5	2063853	2070498	HistoohiSECH91_5	2132913	2139492	color=b3b1b2
Histocap1517p17_5	3064052	3070642	HistoohiSECH91_5	3028037	3034517	color=b3b1b2
Histocap1517p17_5	3035747	3042335	HistoohiSECH91_5	2999735	3006355	color=b3b1b2
Histocap1517p17_5	2686439	2693004	HistoohiSECH91_5	2693000	2699529	color=b3b1b2
Histocap1517p17_5	75544	82101	HistoohiSECH91_5	81434	87872	color=b3b1b2
Histocap1517p17_5	3042625	3049142	HistoohiSECH91_5	3006489	3012931	color=b3b1b2
Histocap1517p17_5	1306489	1312997	HistoohiSECH91_5	1323234	1329748	color=b3b1b2
Histocap1517p17_5	1295310	1301775	HistoohiSECH91_5	1312281	1318684	color=b3b1b2
Histocap1517p17_5	1470721	1477155	HistoohiSECH91_5	1497308	1503655	color=b3b1b2
Histocap1517p17_5	1429806	1436219	HistoohiSECH91_5	1453066	1459468	color=b3b1b2
Histocap1517p17_5	1921897	1928276	HistoohiSECH91_5	1986462	1992860	color=b3b1b2
Histocap1517p17_5	1458760	1465131	HistoohiSECH91_5	1483807	1490166	color=b3b1b2
Histocap1517p17_5	1541143	1547507	HistoohiSECH91_5	1567611	1574176	color=b3b1b2
Histocap1517p17_5	2273282	2279629	HistoohiSECH91_5	2288227	2294597	color=b3b1b2
Histocap1517p17_5	872248	878532	HistoohiSECH91_5	845987	852227	color=b3b1b2
Histocap1517p17_5	2027733	2033969	HistoohiSECH91_5	2091836	2098047	color=b3b1b2
Histocap1517p17_5	1504716	1510949	HistoohiSECH91_5	1531250	1537485	color=b3b1b2
Histocap1517p17_5	1794012	1800243	HistoohiSECH91_5	1884908	1891145	color=b3b1b2
Histocap1517p17_5	1274367	1280594	HistoohiSECH91_5	1292948	1299213	color=b3b1b2
Histocap1517p17_5	1821509	1827733	HistoohiSECH91_5	1908065	1914333	color=b3b1b2
Histocap1517p17_5	1673785	1679983	HistoohiSECH91_5	1733913	1727627	color=b3b1b2
Histocap1517p17_5	1710043	1716238	HistoohiSECH91_5	1798330	1804570	color=b3b1b2
Histocap1517p17_5	2711028	2717210	HistoohiSECH91_5	2728570	2734815	color=b3b1b2
Histocap1517p17_5	3049277	3055444	HistoohiSECH91_5	3012951	3019171	color=b3b1b2
Histocap1517p17_5	2011172	2017335	HistoohiSECH91_5	2075855	2082051	color=b3b1b2
Histocap1517p17_5	852877	859003	HistoohiSECH91_5	824993	831190	color=b3b1b2
Histocap1517p17_5	773118	779213	HistoohiSECH91_5	747511	753617	color=b3b1b2
Histocap1517p17_5	3011328	3017351	HistoohiSECH91_5	2975970	2982018	color=b3b1b2
Histocap1517p17_5	524315	530326	HistoohiSECH91_5	482096	488083	color=b3b1b2
Histocap1517p17_5	567882	573886	HistoohiSECH91_5	541581	547598	color=b3b1b2
Histocap1517p17_5	3017364	3023358	HistoohiSECH91_5	2982176	2988157	color=b3b1b2
Histocap1517p17_5	1517347	1523336	HistoohiSECH91_5	1544419	1550402	color=b3b1b2
Histocap1517p17_5	426297	432143	HistoohiSECH91_5	374117	380063	color=b3b1b2
Histocap1517p17_5	662915	668750	HistoohiSECH91_5	645605	651425	color=b3b1b2
Histocap1517p17_5	1582634	1588449	HistoohiSECH91_5	1611604	1617399	color=b3b1b2
Histocap1517p17_5	2461813	2467621	HistoohiSECH91_5	2476163	2482016	color=b3b1b2
Histocap1517p17_5	2650274	2656074	HistoohiSECH91_5	2631253	2637160	color=b3b1b2
Histocap1517p17_5	278219	283993	HistoohiSECH91_5	268959	274757	color=b3b1b2
Histocap1517p17_5	550332	556104	HistoohiSECH91_5	521870	527565	color=b3b1b2
Histocap1517p17_5	518069	523797	HistoohiSECH91_5	476327	482069	color=b3b1b2
Histocap1517p17_5	2206530	2212209	HistoohiSECH91_5	2224122	2229819	color=b3b1b2
Histocap1517p17_5	2090407	2096004	HistoohiSECH91_5	2158149	2163740	color=b3b1b2
Histocap1517p17_5	2704202	2709781	HistoohiSECH91_5	2719065	2724692	color=b3b1b2
Histocap1517p17_5	308504	314078	HistoohiSECH91_5	298879	304484	color=b3b1b2
Histocap1517p17_5	2077575	2083142	HistoohiSECH91_5	2144317	2149873	color=b3b1b2
Histocap1517p17_5	1451605	1457145	HistoohiSECH91_5	1476512	1482037	color=b3b1b2
Histocap1517p17_5	1153428	1158954	HistoohiSECH91_5	1159145	1164684	color=b3b1b2
Histocap1517p17_5	558024	563534	HistoohiSECH91_5	530835	536357	color=b3b1b2
Histocap1517p17_5	2267391	2272858	HistoohiSECH91_5	2282515	2287970	color=b3b1b2
Histocap1517p17_5	1777186	1782594	HistoohiSECH91_5	1868332	1873766	color=b3b1b2
Histocap1517p17_5	1186946	1192260	HistoohiSECH91_5	1183207	1188553	color=b3b1b2
Histocap1517p17_5	266211	271483	HistoohiSECH91_5	256864	262122	color=b3b1b2
Histocap1517p17_5	92327	97563	HistoohiSECH91_5	98147	103391	color=b3b1b2
Histocap1517p17_5	471253	476467	HistoohiSECH91_5	433232	438492	color=b3b1b2
Histocap1517p17_5	128339	133500	HistoohiSECH91_5	138170	132970	color=b3b1b2
Histocap1517p17_5	133517	138678	HistoohiSECH91_5	132970	138170	color=b3b1b2
Histocap1517p17_5	1208640	1213778	HistoohiSECH91_5	1211971	1217117	color=b3b1b2
Histocap1517p17_5	1029290	1034381	HistoohiSECH91_5	1019178	1024225	color=b3b1b2
Histocap1517p17_5	2644674	2649728	HistoohiSECH91_5	2626212	2631253	color=b3b1b2
Histocap1517p17_5	981675	986729	HistoohiSECH91_5	960726	965778	color=b3b1b2
Histocap1517p17_5	1755320	1760371	HistoohiSECH91_5	1846614	1851645	color=b3b1b2
Histocap1517p17_5	1059521	1064563	HistoohiSECH91_5	1053581	1058585	color=b3b1b2
Histocap1517p17_5	1784726	1789720	HistoohiSECH91_5	1876301	1881317	color=b3b1b2
Histocap1517p17_5	2582563	2587517	HistoohiSECH91_5	2562387	2567344	color=b3b1b2
Histocap1517p17_5	2364299	2369223	HistoohiSECH91_5	2377779	2382907	color=b3b1b2
Histocap1517p17_5	2587541	2592465	HistoohiSECH91_5	2567547	2572544	color=b3b1b2
Histocap1517p17_5	2180125	2185047	HistoohiSECH91_5	2199235	2203970	color=b3b1b2
Histocap1517p17_5	574558	579371	HistoohiSECH91_5	547591	552420	color=b3b1b2
Histocap1517p17_5	1535451	1540240	HistoohiSECH91_5	1562820	1567612	color=b3b1b2
Histocap1517p17_5	215233	220018	HistoohiSECH91_5	203985	208842	color=b3b1b2
Histocap1517p17_5	533070	537850	HistoohiSECH91_5	490772	495556	color=b3b1b2
Histocap1517p17_5	2070675	2075449	HistoohiSECH91_5	2139497	2144267	color=b3b1b2
Histocap1517p17_5	867482	872246	HistoohiSECH91_5	841027	845792	color=b3b1b2
Histocap1517p17_5	2143479	2148232	HistoohiSECH91_5	2180534	2185292	color=b3b1b2
Histocap1517p17_5	139076	143827	HistoohiSECH91_5	138160	142900	color=b3b1b2
Histocap1517p17_5	972325	977053	HistoohiSECH91_5	951709	956431	color=b3b1b2
Histocap1517p17_5	962246	966956	HistoohiSECH91_5	929095	933794	color=b3b1b2
Histocap1517p17_5	2001717	2006420	HistoohiSECH91_5	2066716	2071453	color=b3b1b2
Histocap1517p17_5	271485	276176	HistoohiSECH91_5	262275	267014	color=b3b1b2
Histocap1517p17_5	1967428	1972108	HistoohiSECH91_5	2031496	2036166	color=b3b1b2
Histocap1517p17_5	1895463	1900104	HistoohiSECH91_5	1961687	1966343	color=b3b1b2
Histocap1517p17_5	1416178	1420750	HistoohiSECH91_5	1439954	1444569	color=b3b1b2
Histocap1517p17_5	194091	198642	HistoohiSECH91_5	182392	187003	color=b3b1b2
Histocap1517p17_5	1917017	1921555	HistoohiSECH91_5	1981673	1986237	color=b3b1b2
Histocap1517p17_5	986747	991267	HistoohiSECH91_5	965934	970369	color=b3b1b2
Histocap1517p17_5	1347875	1352372	HistoohiSECH91_5	1342334	1346828	color=b3b1b2
Histocap1517p17_5	845907	850399	HistoohiSECH91_5	818569	822978	color=b3b1b2
Histocap1517p17_5	347219	351706	HistoohiSECH91_5	338312	342862	color=b3b1b2
Histocap1517p17_5	199744	204229	HistoohiSECH91_5	188185	192692	color=b3b1b2
Histocap1517p17_5	1697920	1702372	HistoohiSECH91_5	1756373	1760833	color=b3b1b2
Histocap1517p17_5	2606531	2610935	HistoohiSECH91_5	2595715	2600142	color=b3b1b2
Histocap1517p17_5	40231	44624	HistoohiSECH91_5	69270	73651	color=b3b1b2
Histocap1517p17_5	7602	11989	HistoohiSECH91_5	41778	46199	color=b3b1b2
Histocap1517p17_5	2224535	2228909	HistoohiSECH91_5	2238610	2243000	color=b3b1b2
Histocap1517p17_5	1962864	1967229	HistoohiSECH91_5	2026936	2031296	color=b3b1b2
Histocap1517p17_5	2134482	2138846	HistoohiSECH91_5	2171704	2176168	color=b3b1b2
Histocap1517p17_5	2717576	2721934	HistoohiSECH91_5	2735188	2739562	color=b3b1b2
Histocap1517p17_5	945216	949569	HistoohiSECH91_5	916407	920771	color=b3b1b2
Histocap1517p17_5	314257	318598	HistoohiSECH91_5	304554	309033	color=b3b1b2
Histocap1517p17_5	30554	34890	HistoohiSECH91_5	60408	64813	color=b3b1b2
Histocap1517p17_5	35071	39402	HistoohiSECH91_5	64817	69205	color=b3b1b2
Histocap1517p17_5	915548	919879	HistoohiSECH91_5	888725	893109	color=b3b1b2
Histocap1517p17_5	2382226	2386531	HistoohiSECH91_5	2397000	2401306	color=b3b1b2
Histocap1517p17_5	1250905	1255196	HistoohiSECH91_5	1269757	1274123	color=b3b1b2
Histocap1517p17_5	2202136	2206425	HistoohiSECH91_5	2219828	2224127	color=b3b1b2
Histocap1517p17_5	3072551	3076831	HistoohiSECH91_5	3036471	3040764	color=b3b1b2
Histocap1517p17_5	649625	653903	HistoohiSECH91_5	632140	636435	color=b3b1b2
Histocap1517p17_5	2659175	2663432	HistoohiSECH91_5	2648141	2652454	color=b3b1b2
Histocap1517p17_5	99612	103847	HistoohiSECH91_5	104802	109059	color=b3b1b2
Histocap1517p17_5	698213	702435	HistoohiSECH91_5	680067	684329	color=b3b1b2
Histocap1517p17_5	2325474	2329678	HistoohiSECH91_5	2335744	2339960	color=b3b1b2
Histocap1517p17_5	1510966	1515131	HistoohiSECH91_5	1537641	1541780	color=b3b1b2
Histocap1517p17_5	2310575	2314720	HistoohiSECH91_5	2320975	2325164	color=b3b1b2
Histocap1517p17_5	1890223	1894346	HistoohiSECH91_5	1956445	1960586	color=b3b1b2
Histocap1517p17_5	1246728	1250803	HistoohiSECH91_5	1265781	1269832	color=b3b1b2
Histocap1517p17_5	3055592	3059661	HistoohiSECH91_5	3019664	3023691	color=b3b1b2
Histocap1517p17_5	736029	740080	HistoohiSECH91_5	697626	701698	color=b3b1b2
Histocap1517p17_5	1716184	1720200	HistoohiSECH91_5	1804671	1808761	color=b3b1b2
Histocap1517p17_5	591911	595922	HistoohiSECH91_5	563045	567064	color=b3b1b2
Histocap1517p17_5	2193318	2197309	HistoohiSECH91_5	2211079	2215063	color=b3b1b2
Histocap1517p17_5	2284495	2288479	HistoohiSECH91_5	2299076	2303139	color=b3b1b2
Histocap1517p17_5	2730648	2734604	HistoohiSECH91_5	2752277	2756223	color=b3b1b2
Histocap1517p17_5	1660766	1664697	HistoohiSECH91_5	1705850	1709759	color=b3b1b2
Histocap1517p17_5	1438741	1442648	HistoohiSECH91_5	1461567	1465392	color=b3b1b2
Histocap1517p17_5	444977	448875	HistoohiSECH91_5	392548	396557	color=b3b1b2
Histocap1517p17_5	1335375	1339270	HistoohiSECH91_5	1332483	1336446	color=b3b1b2
Histocap1517p17_5	993542	997431	HistoohiSECH91_5	972943	976833	color=b3b1b2
Histocap1517p17_5	121490	125375	HistoohiSECH91_5	126601	130489	color=b3b1b2
Histocap1517p17_5	2744850	2748710	HistoohiSECH91_5	2767265	2771169	color=b3b1b2
Histocap1517p17_5	2185242	2189083	HistoohiSECH91_5	2204247	2208092	color=b3b1b2
Histocap1517p17_5	2280370	2284190	HistoohiSECH91_5	2295126	2298936	color=b3b1b2
Histocap1517p17_5	1665710	1669487	HistoohiSECH91_5	1710832	1714652	color=b3b1b2
Histocap1517p17_5	1957962	1961729	HistoohiSECH91_5	2022124	2025906	color=b3b1b2
Histocap1517p17_5	156724	160484	HistoohiSECH91_5	156346	160148	color=b3b1b2
Histocap1517p17_5	3059838	3063596	HistoohiSECH91_5	3024143	3028001	color=b3b1b2
Histocap1517p17_5	1727641	1731382	HistoohiSECH91_5	1815375	1819134	color=b3b1b2
Histocap1517p17_5	2409151	2412869	HistoohiSECH91_5	2423098	2426795	color=b3b1b2
Histocap1517p17_5	2637200	2640912	HistoohiSECH91_5	2618514	2622187	color=b3b1b2
Histocap1517p17_5	3001497	3005201	HistoohiSECH91_5	2965555	2969358	color=b3b1b2
Histocap1517p17_5	1132024	1135697	HistoohiSECH91_5	1128026	1131644	color=b3b1b2
Histocap1517p17_5	1055551	1059206	HistoohiSECH91_5	1049133	1052801	color=b3b1b2
Histocap1517p17_5	644141	647763	HistoohiSECH91_5	624082	627773	color=b3b1b2
Histocap1517p17_5	1316773	1320285	HistoohiSECH91_5	1264069	1260502	color=b3b1b2
Histocap1517p17_5	1141533	1145034	HistoohiSECH91_5	1144639	1148192	color=b3b1b2
Histocap1517p17_5	783636	787132	HistoohiSECH91_5	755370	758838	color=b3b1b2
Histocap1517p17_5	1994837	1998319	HistoohiSECH91_5	2058739	2062242	color=b3b1b2
Histocap1517p17_5	2342240	2345718	HistoohiSECH91_5	2356140	2359594	color=b3b1b2
Histocap1517p17_5	1802790	1806236	HistoohiSECH91_5	1893362	1896878	color=b3b1b2
Histocap1517p17_5	398660	402106	HistoohiSECH91_5	353622	357102	color=b3b1b2
Histocap1517p17_5	2059898	2063328	HistoohiSECH91_5	2128981	2132430	color=b3b1b2
Histocap1517p17_5	144910	148317	HistoohiSECH91_5	145268	148727	color=b3b1b2
Histocap1517p17_5	2247825	2251214	HistoohiSECH91_5	2261835	2265269	color=b3b1b2
Histocap1517p17_5	72106	75494	HistoohiSECH91_5	77867	81249	color=b3b1b2
Histocap1517p17_5	1806236	1809623	HistoohiSECH91_5	1897058	1900444	color=b3b1b2
Histocap1517p17_5	2350872	2354255	HistoohiSECH91_5	2364590	2368000	color=b3b1b2
Histocap1517p17_5	1547700	1551044	HistoohiSECH91_5	1574822	1578178	color=b3b1b2
Histocap1517p17_5	2873	6209	HistoohiSECH91_5	32179	35511	color=b3b1b2
Histocap1517p17_5	221286	224620	HistoohiSECH91_5	210649	213959	color=b3b1b2
Histocap1517p17_5	1108197	1111523	HistoohiSECH91_5	1100973	1104377	color=b3b1b2
Histocap1517p17_5	209018	212337	HistoohiSECH91_5	197414	200760	color=b3b1b2
Histocap1517p17_5	1313480	1316773	HistoohiSECH91_5	1250550	1247235	color=b3b1b2
Histocap1517p17_5	1025556	1028841	HistoohiSECH91_5	1005872	1009249	color=b3b1b2
Histocap1517p17_5	1489400	1492676	HistoohiSECH91_5	1514640	1517949	color=b3b1b2
Histocap1517p17_5	678379	681601	HistoohiSECH91_5	661495	664749	color=b3b1b2
Histocap1517p17_5	1391220	1394436	HistoohiSECH91_5	1408764	1411987	color=b3b1b2
Histocap1517p17_5	1621988	1625202	HistoohiSECH91_5	1666987	1670209	color=b3b1b2
Histocap1517p17_5	450371	453577	HistoohiSECH91_5	404384	407531	color=b3b1b2
Histocap1517p17_5	2998297	3001499	HistoohiSECH91_5	2955047	2958250	color=b3b1b2
Histocap1517p17_5	1691522	1694721	HistoohiSECH91_5	1723547	1726753	color=b3b1b2
Histocap1517p17_5	1827824	1831018	HistoohiSECH91_5	1914461	1917673	color=b3b1b2
Histocap1517p17_5	2360781	2363969	HistoohiSECH91_5	2374152	2377371	color=b3b1b2
Histocap1517p17_5	967255	970440	HistoohiSECH91_5	946572	949775	color=b3b1b2
Histocap1517p17_5	82608	85757	HistoohiSECH91_5	88933	92004	color=b3b1b2
Histocap1517p17_5	1339308	1342441	HistoohiSECH91_5	1336659	1339812	color=b3b1b2
Histocap1517p17_5	1426355	1429485	HistoohiSECH91_5	1449891	1453067	color=b3b1b2
Histocap1517p17_5	1563318	1566439	HistoohiSECH91_5	1591512	1594707	color=b3b1b2
Histocap1517p17_5	1259855	1262972	HistoohiSECH91_5	1278972	1282072	color=b3b1b2
Histocap1517p17_5	2667974	2671082	HistoohiSECH91_5	2656043	2659128	color=b3b1b2
Histocap1517p17_5	1171782	1174889	HistoohiSECH91_5	1177446	1180550	color=b3b1b2
Histocap1517p17_5	879334	882435	HistoohiSECH91_5	852235	855372	color=b3b1b2
Histocap1517p17_5	540197	543284	HistoohiSECH91_5	511594	514688	color=b3b1b2
Histocap1517p17_5	2391175	2394257	HistoohiSECH91_5	2404755	2407781	color=b3b1b2
Histocap1517p17_5	512095	515175	HistoohiSECH91_5	470409	473425	color=b3b1b2
Histocap1517p17_5	1446923	1450000	HistoohiSECH91_5	1468704	1471756	color=b3b1b2
Histocap1517p17_5	174785	177839	HistoohiSECH91_5	174171	177304	color=b3b1b2
Histocap1517p17_5	476471	479515	HistoohiSECH91_5	438609	441700	color=b3b1b2
Histocap1517p17_5	2214377	2217387	HistoohiSECH91_5	2231973	2234909	color=b3b1b2
Histocap1517p17_5	1578387	1581386	HistoohiSECH91_5	1605082	1608085	color=b3b1b2
Histocap1517p17_5	693967	696953	HistoohiSECH91_5	675662	678694	color=b3b1b2
Histocap1517p17_5	1885648	1888628	HistoohiSECH91_5	1951737	1954781	color=b3b1b2
Histocap1517p17_5	2610881	2613850	HistoohiSECH91_5	2600243	2603201	color=b3b1b2
Histocap1517p17_5	2482492	2485412	HistoohiSECH91_5	2498799	2501687	color=b3b1b2
Histocap1517p17_5	485453	488372	HistoohiSECH91_5	446480	449386	color=b3b1b2
Histocap1517p17_5	1847890	1850799	HistoohiSECH91_5	1918255	1921212	color=b3b1b2
Histocap1517p17_5	87735	90620	HistoohiSECH91_5	94285	97218	color=b3b1b2
Histocap1517p17_5	422787	425665	HistoohiSECH91_5	370546	373426	color=b3b1b2
Histocap1517p17_5	587290	590167	HistoohiSECH91_5	558241	561102	color=b3b1b2
Histocap1517p17_5	2615739	2618603	HistoohiSECH91_5	2691985	2689110	color=b3b1b2
Histocap1517p17_5	602697	605547	HistoohiSECH91_5	572159	575045	color=b3b1b2
Histocap1517p17_5	1270239	1273087	HistoohiSECH91_5	1288662	1291488	color=b3b1b2
Histocap1517p17_5	1551052	1553896	HistoohiSECH91_5	1578234	1581124	color=b3b1b2
Histocap1517p17_5	1501888	1504713	HistoohiSECH91_5	1528332	1531144	color=b3b1b2
Histocap1517p17_5	605669	608492	HistoohiSECH91_5	575065	577892	color=b3b1b2
Histocap1517p17_5	3105373	3108188	HistoohiSECH91_5	3068803	3071618	color=b3b1b2
Histocap1517p17_5	3008499	3011300	HistoohiSECH91_5	2973008	2975836	color=b3b1b2
Histocap1517p17_5	1760399	1763175	HistoohiSECH91_5	1851803	1854584	color=b3b1b2
Histocap1517p17_5	1282949	1285724	HistoohiSECH91_5	1300624	1303385	color=b3b1b2
Histocap1517p17_5	2218052	2220824	HistoohiSECH91_5	2235794	2238563	color=b3b1b2
Histocap1517p17_5	1096964	1099726	HistoohiSECH91_5	1091849	1094546	color=b3b1b2
Histocap1517p17_5	1669482	1672241	HistoohiSECH91_5	1738500	1735711	color=b3b1b2
Histocap1517p17_5	668795	671519	HistoohiSECH91_5	651564	654323	color=b3b1b2
Histocap1517p17_5	1406068	1408791	HistoohiSECH91_5	1423132	1425867	color=b3b1b2
Histocap1517p17_5	2007869	2010564	HistoohiSECH91_5	2073098	2075782	color=b3b1b2
Histocap1517p17_5	2322715	2325380	HistoohiSECH91_5	2332955	2335609	color=b3b1b2
Histocap1517p17_5	2168570	2171226	HistoohiSECH91_5	2188457	2191066	color=b3b1b2
Histocap1517p17_5	1528992	1531623	HistoohiSECH91_5	1557525	1560153	color=b3b1b2
Histocap1517p17_5	515175	517794	HistoohiSECH91_5	473663	476327	color=b3b1b2
Histocap1517p17_5	2724475	2727076	HistoohiSECH91_5	2745341	2747944	color=b3b1b2
Histocap1517p17_5	2140762	2143356	HistoohiSECH91_5	2177774	2180389	color=b3b1b2
Histocap1517p17_5	1790379	1792968	HistoohiSECH91_5	1881630	1884277	color=b3b1b2
Histocap1517p17_5	1150851	1153426	HistoohiSECH91_5	1156456	1158988	color=b3b1b2
Histocap1517p17_5	1010194	1012768	HistoohiSECH91_5	989799	992409	color=b3b1b2
Histocap1517p17_5	926853	929425	HistoohiSECH91_5	903837	906409	color=b3b1b2
Histocap1517p17_5	1598227	1600783	HistoohiSECH91_5	1627742	1630294	color=b3b1b2
Histocap1517p17_5	1706814	1709368	HistoohiSECH91_5	1772212	1774723	color=b3b1b2
Histocap1517p17_5	1557854	1560394	HistoohiSECH91_5	1585588	1588065	color=b3b1b2
Histocap1517p17_5	1411299	1413837	HistoohiSECH91_5	1435058	1437603	color=b3b1b2
Histocap1517p17_5	1575506	1578035	HistoohiSECH91_5	1602464	1605021	color=b3b1b2
Histocap1517p17_5	2618941	2621454	HistoohiSECH91_5	2676234	2673707	color=b3b1b2
Histocap1517p17_5	530339	532849	HistoohiSECH91_5	488228	490782	color=b3b1b2
Histocap1517p17_5	1006456	1008951	HistoohiSECH91_5	985754	988296	color=b3b1b2
Histocap1517p17_5	1732089	1734576	HistoohiSECH91_5	1820915	1823367	color=b3b1b2
Histocap1517p17_5	2263398	2265882	HistoohiSECH91_5	2278088	2280635	color=b3b1b2
Histocap1517p17_5	2357254	2359736	HistoohiSECH91_5	2370359	2372764	color=b3b1b2
Histocap1517p17_5	2736484	2738954	HistoohiSECH91_5	2758103	2760598	color=b3b1b2
Histocap1517p17_5	803061	805519	HistoohiSECH91_5	775315	777762	color=b3b1b2
Histocap1517p17_5	2625444	2627897	HistoohiSECH91_5	2606725	2609207	color=b3b1b2
Histocap1517p17_5	3099823	3102264	HistoohiSECH91_5	3064145	3066554	color=b3b1b2
Histocap1517p17_5	1649805	1652241	HistoohiSECH91_5	1694392	1696826	color=b3b1b2
Histocap1517p17_5	67860	70293	HistoohiSECH91_5	73752	76157	color=b3b1b2
Histocap1517p17_5	863158	865527	HistoohiSECH91_5	837780	840146	color=b3b1b2
Histocap1517p17_5	691615	693959	HistoohiSECH91_5	673150	675531	color=b3b1b2
Histocap1517p17_5	545114	547455	HistoohiSECH91_5	516285	518632	color=b3b1b2
Histocap1517p17_5	1267821	1270154	HistoohiSECH91_5	1286139	1288500	color=b3b1b2
Histocap1517p17_5	1571589	1573906	HistoohiSECH91_5	1598961	1601301	color=b3b1b2
Histocap1517p17_5	1012781	1015073	HistoohiSECH91_5	992634	994901	color=b3b1b2
Histocap1517p17_5	1034384	1036670	HistoohiSECH91_5	1024442	1026736	color=b3b1b2
Histocap1517p17_5	2348081	2350365	HistoohiSECH91_5	2361850	2364150	color=b3b1b2
Histocap1517p17_5	1094569	1096852	HistoohiSECH91_5	1089599	1091846	color=b3b1b2
Histocap1517p17_5	1465692	1467962	HistoohiSECH91_5	1490801	1493026	color=b3b1b2
Histocap1517p17_5	206365	208634	HistoohiSECH91_5	194967	197247	color=b3b1b2
Histocap1517p17_5	1255296	1257534	HistoohiSECH91_5	1274046	1276324	color=b3b1b2
Histocap1517p17_5	3102381	3104605	HistoohiSECH91_5	3066554	3068774	color=b3b1b2
Histocap1517p17_5	285503	287725	HistoohiSECH91_5	276101	278416	color=b3b1b2
Histocap1517p17_5	1645218	1647420	HistoohiSECH91_5	1690247	1692471	color=b3b1b2
Histocap1517p17_5	169806	172006	HistoohiSECH91_5	169068	171208	color=b3b1b2
Histocap1517p17_5	1972434	1974621	HistoohiSECH91_5	2036559	2038717	color=b3b1b2
Histocap1517p17_5	991332	993519	HistoohiSECH91_5	970569	972784	color=b3b1b2
Histocap1517p17_5	2172920	2175104	HistoohiSECH91_5	2193036	2195216	color=b3b1b2
Histocap1517p17_5	395308	397492	HistoohiSECH91_5	349914	352162	color=b3b1b2
Histocap1517p17_5	1414009	1416188	HistoohiSECH91_5	1437594	1439780	color=b3b1b2
Histocap1517p17_5	1354252	1356429	HistoohiSECH91_5	1348215	1350366	color=b3b1b2
Histocap1517p17_5	1344019	1346194	HistoohiSECH91_5	1366353	1364161	color=b3b1b2
Histocap1517p17_5	2128502	2130651	HistoohiSECH91_5	2164603	2166765	color=b3b1b2
Histocap1517p17_5	1264153	1266288	HistoohiSECH91_5	1283586	1285731	color=b3b1b2
Histocap1517p17_5	236162	238283	HistoohiSECH91_5	1376229	1378339	color=b3b1b2
Histocap1517p17_5	1184833	1186948	HistoohiSECH91_5	1180709	1182829	color=b3b1b2
Histocap1517p17_5	164266	166367	HistoohiSECH91_5	164067	166180	color=b3b1b2
Histocap1517p17_5	1744870	1746932	HistoohiSECH91_5	1835992	1838055	color=b3b1b2
Histocap1517p17_5	2306128	2308176	HistoohiSECH91_5	2318674	2320729	color=b3b1b2
Histocap1517p17_5	2493204	2495227	HistoohiSECH91_5	2509508	2511549	color=b3b1b2
Histocap1517p17_5	2623330	2625342	HistoohiSECH91_5	2604715	2606723	color=b3b1b2
Histocap1517p17_5	1064643	1066646	HistoohiSECH91_5	1058835	1060849	color=b3b1b2
Histocap1517p17_5	2260230	2262229	HistoohiSECH91_5	2275409	2277408	color=b3b1b2
Histocap1517p17_5	1800461	1802456	HistoohiSECH91_5	1891130	1893154	color=b3b1b2
Histocap1517p17_5	204335	206329	HistoohiSECH91_5	192789	194812	color=b3b1b2
Histocap1517p17_5	2256569	2258559	HistoohiSECH91_5	2271431	2273472	color=b3b1b2
Histocap1517p17_5	2085205	2087192	HistoohiSECH91_5	2151959	2153962	color=b3b1b2
Histocap1517p17_5	85741	87716	HistoohiSECH91_5	92173	94151	color=b3b1b2
Histocap1517p17_5	2346123	2348089	HistoohiSECH91_5	2359708	2361751	color=b3b1b2
Histocap1517p17_5	1369477	1371442	HistoohiSECH91_5	1341940	1339968	color=b3b1b2
Histocap1517p17_5	323277	325222	HistoohiSECH91_5	314032	315962	color=b3b1b2
Histocap1517p17_5	2407215	2409151	HistoohiSECH91_5	2420976	2422913	color=b3b1b2
Histocap1517p17_5	2580600	2582514	HistoohiSECH91_5	2558964	2560863	color=b3b1b2
Histocap1517p17_5	3111035	3112945	HistoohiSECH91_5	3080266	3082166	color=b3b1b2
Histocap1517p17_5	2497204	2499098	HistoohiSECH91_5	2513457	2515342	color=b3b1b2
Histocap1517p17_5	2083288	2085174	HistoohiSECH91_5	2149873	2151785	color=b3b1b2
Histocap1517p17_5	1533652	1535534	HistoohiSECH91_5	1560787	1562679	color=b3b1b2
Histocap1517p17_5	1052639	1054497	HistoohiSECH91_5	1046107	1047979	color=b3b1b2
Histocap1517p17_5	480532	482383	HistoohiSECH91_5	442756	444643	color=b3b1b2
Histocap1517p17_5	1493875	1495712	HistoohiSECH91_5	1519756	1521565	color=b3b1b2
Histocap1517p17_5	3108413	3110216	HistoohiSECH91_5	3073471	3075299	color=b3b1b2
Histocap1517p17_5	1170003	1171804	HistoohiSECH91_5	1175468	1177284	color=b3b1b2
Histocap1517p17_5	2460014	2461800	HistoohiSECH91_5	2473830	2475640	color=b3b1b2
Histocap1517p17_5	2017631	2019412	HistoohiSECH91_5	2082315	2084139	color=b3b1b2
Histocap1517p17_5	757170	758913	HistoohiSECH91_5	731562	733305	color=b3b1b2
Histocap1517p17_5	2548702	2550440	HistoohiSECH91_5	2524395	2526094	color=b3b1b2
Histocap1517p17_5	2495338	2497075	HistoohiSECH91_5	2511685	2513434	color=b3b1b2
Histocap1517p17_5	28796	30522	HistoohiSECH91_5	58516	60253	color=b3b1b2
Histocap1517p17_5	2734764	2736488	HistoohiSECH91_5	2756223	2757946	color=b3b1b2
Histocap1517p17_5	225217	226914	HistoohiSECH91_5	214807	216572	color=b3b1b2
Histocap1517p17_5	1243152	1244840	HistoohiSECH91_5	1245417	1247104	color=b3b1b2
Histocap1517p17_5	2429522	2431207	HistoohiSECH91_5	2440808	2442491	color=b3b1b2
Histocap1517p17_5	2743183	2744840	HistoohiSECH91_5	2765367	2767057	color=b3b1b2
Histocap1517p17_5	1206842	1208466	HistoohiSECH91_5	1210097	1211727	color=b3b1b2
Histocap1517p17_5	2199262	2200884	HistoohiSECH91_5	2217055	2218680	color=b3b1b2
Histocap1517p17_5	1421524	1423144	HistoohiSECH91_5	1445386	1447008	color=b3b1b2
Histocap1517p17_5	1901384	1902996	HistoohiSECH91_5	1966378	1967990	color=b3b1b2
Histocap1517p17_5	2332299	2333911	HistoohiSECH91_5	2342499	2344130	color=b3b1b2
Histocap1517p17_5	173032	174640	HistoohiSECH91_5	172204	173875	color=b3b1b2
Histocap1517p17_5	538169	539769	HistoohiSECH91_5	495575	497194	color=b3b1b2
Histocap1517p17_5	344829	346400	HistoohiSECH91_5	336069	337628	color=b3b1b2
Histocap1517p17_5	353154	354725	HistoohiSECH91_5	342990	344571	color=b3b1b2
Histocap1517p17_5	1019780	1021328	HistoohiSECH91_5	1000694	1002242	color=b3b1b2
Histocap1517p17_5	1093046	1094593	HistoohiSECH91_5	1087897	1089448	color=b3b1b2
Histocap1517p17_5	2386713	2388256	HistoohiSECH91_5	2401352	2402880	color=b3b1b2
Histocap1517p17_5	938816	940346	HistoohiSECH91_5	913420	914943	color=b3b1b2
Histocap1517p17_5	2432518	2434029	HistoohiSECH91_5	2444097	2445579	color=b3b1b2
Histocap1517p17_5	859748	861258	HistoohiSECH91_5	832231	833705	color=b3b1b2
Histocap1517p17_5	1720893	1722390	HistoohiSECH91_5	1812580	1814097	color=b3b1b2
Histocap1517p17_5	689350	690815	HistoohiSECH91_5	670871	672346	color=b3b1b2
Histocap1517p17_5	1204052	1205516	HistoohiSECH91_5	1207214	1208718	color=b3b1b2
Histocap1517p17_5	2088743	2090204	HistoohiSECH91_5	2156699	2158156	color=b3b1b2
Histocap1517p17_5	2132821	2134281	HistoohiSECH91_5	2170095	2171612	color=b3b1b2
Histocap1517p17_5	1888786	1890214	HistoohiSECH91_5	1954893	1956322	color=b3b1b2
Histocap1517p17_5	454091	455516	HistoohiSECH91_5	408769	410210	color=b3b1b2
Histocap1517p17_5	1450170	1451589	HistoohiSECH91_5	1473051	1474460	color=b3b1b2
Histocap1517p17_5	1457147	1458562	HistoohiSECH91_5	1482194	1483615	color=b3b1b2
Histocap1517p17_5	226936	228351	HistoohiSECH91_5	216762	218188	color=b3b1b2
Histocap1517p17_5	2131388	2132796	HistoohiSECH91_5	2166763	2168171	color=b3b1b2
Histocap1517p17_5	70618	72017	HistoohiSECH91_5	76159	77571	color=b3b1b2
Histocap1517p17_5	2097560	2098932	HistoohiSECH91_5	2168616	2169941	color=b3b1b2
Histocap1517p17_5	1568471	1569842	HistoohiSECH91_5	1594836	1596209	color=b3b1b2
Histocap1517p17_5	483861	485230	HistoohiSECH91_5	445025	446375	color=b3b1b2
Histocap1517p17_5	1366627	1367982	HistoohiSECH91_5	1360732	1362087	color=b3b1b2
Histocap1517p17_5	940684	942025	HistoohiSECH91_5	913618	914943	color=b3b1b2
Histocap1517p17_5	1245047	1246381	HistoohiSECH91_5	1264162	1265477	color=b3b1b2
Histocap1517p17_5	1402910	1404241	HistoohiSECH91_5	1420177	1421505	color=b3b1b2
Histocap1517p17_5	2722710	2724040	HistoohiSECH91_5	2742497	2743824	color=b3b1b2
Histocap1517p17_5	319486	320802	HistoohiSECH91_5	309868	311205	color=b3b1b2
Histocap1517p17_5	3006129	3007405	HistoohiSECH91_5	2970335	2971620	color=b3b1b2
Histocap1517p17_5	2006597	2007869	HistoohiSECH91_5	2071631	2072886	color=b3b1b2
Histocap1517p17_5	1903712	1904979	HistoohiSECH91_5	1968823	1970086	color=b3b1b2
Histocap1517p17_5	1477175	1478439	HistoohiSECH91_5	1504000	1505292	color=b3b1b2
Histocap1517p17_5	1515146	1516393	HistoohiSECH91_5	1541946	1543208	color=b3b1b2
Histocap1517p17_5	293346	294587	HistoohiSECH91_5	283419	284671	color=b3b1b2
Histocap1517p17_5	943974	945215	HistoohiSECH91_5	914977	916232	color=b3b1b2
Histocap1517p17_5	248332	249565	HistoohiSECH91_5	247257	248498	color=b3b1b2
Histocap1517p17_5	747688	748915	HistoohiSECH91_5	708797	710033	color=b3b1b2
Histocap1517p17_5	277001	278215	HistoohiSECH91_5	267554	268795	color=b3b1b2
Histocap1517p17_5	1634741	1635935	HistoohiSECH91_5	1680066	1681262	color=b3b1b2
Histocap1517p17_5	2755497	2756677	HistoohiSECH91_5	2778887	2780116	color=b3b1b2
Histocap1517p17_5	1809745	1810912	HistoohiSECH91_5	1900575	1901758	color=b3b1b2
Histocap1517p17_5	1352894	1354059	HistoohiSECH91_5	1347035	1348160	color=b3b1b2
Histocap1517p17_5	590723	591879	HistoohiSECH91_5	561632	562823	color=b3b1b2
Histocap1517p17_5	397526	398660	HistoohiSECH91_5	352320	353449	color=b3b1b2
Histocap1517p17_5	161149	162276	HistoohiSECH91_5	161019	162153	color=b3b1b2
Histocap1517p17_5	1722545	1723665	HistoohiSECH91_5	1814233	1815384	color=b3b1b2
Histocap1517p17_5	258768	259883	HistoohiSECH91_5	248864	249989	color=b3b1b2
Histocap1517p17_5	1405010	1406122	HistoohiSECH91_5	1421884	1423031	color=b3b1b2
Histocap1517p17_5	1935611	1936723	HistoohiSECH91_5	1999940	2001015	color=b3b1b2
Histocap1517p17_5	3007400	3008497	HistoohiSECH91_5	2971814	2972909	color=b3b1b2
Histocap1517p17_5	980552	981644	HistoohiSECH91_5	959511	960606	color=b3b1b2
Histocap1517p17_5	2355848	2356934	HistoohiSECH91_5	2369055	2370133	color=b3b1b2
Histocap1517p17_5	549103	550188	HistoohiSECH91_5	520726	521812	color=b3b1b2
Histocap1517p17_5	2213214	2214276	HistoohiSECH91_5	2230911	2231972	color=b3b1b2
Histocap1517p17_5	2604737	2605791	HistoohiSECH91_5	2592785	2593865	color=b3b1b2
Histocap1517p17_5	548061	549095	HistoohiSECH91_5	519551	520570	color=b3b1b2
Histocap1517p17_5	1810916	1811946	HistoohiSECH91_5	1901892	1902924	color=b3b1b2
Histocap1517p17_5	1743843	1744867	HistoohiSECH91_5	1834810	1835846	color=b3b1b2
Histocap1517p17_5	3080335	3081347	HistoohiSECH91_5	3043566	3044579	color=b3b1b2
Histocap1517p17_5	1495829	1496836	HistoohiSECH91_5	1521745	1522758	color=b3b1b2
Histocap1517p17_5	1009189	1010190	HistoohiSECH91_5	988639	989641	color=b3b1b2
