HistomissWU24_CP069109	2432924	2475217	HistocapCB174_6	3439721	3397433	color=b3b1b2
HistomissWU24_CP069109	729677	766593	HistocapCB174_6	4896513	4859599	color=b3b1b2
HistomissWU24_CP069109	3139222	3172687	HistocapCB174_6	2814307	2780843	color=b3b1b2
HistomissWU24_CP069109	1204450	1237378	HistocapCB174_6	4508182	4475254	color=b3b1b2
HistomissWU24_CP069109	4719232	4751672	HistocapCB174_6	1230761	1198322	color=b3b1b2
HistomissWU24_CP069109	2098688	2129737	HistocapCB174_6	3721225	3690176	color=b3b1b2
HistomissWU24_CP069109	1747969	1778518	HistocapCB174_6	3986236	3955687	color=b3b1b2
HistomissWU24_CP069109	3412069	3442581	HistocapCB174_6	2405143	2374629	color=b3b1b2
HistomissWU24_CP069109	3860715	3890678	HistocapCB174_6	2007977	1978018	color=b3b1b2
HistomissWU24_CP069109	662853	692269	HistocapCB174_6	4961179	4931766	color=b3b1b2
HistomissWU24_CP069109	2219368	2247081	HistocapCB174_6	3640198	3612485	color=b3b1b2
HistomissWU24_CP069109	3172755	3199022	HistocapCB174_6	2780626	2754350	color=b3b1b2
HistomissWU24_CP069109	5294976	5321228	HistocapCB174_6	725962	699710	color=b3b1b2
HistomissWU24_CP069109	1045752	1071996	HistocapCB174_6	4634165	4607921	color=b3b1b2
HistomissWU24_CP069109	5490908	5517130	HistocapCB174_6	898774	924996	color=b3b1b2
HistomissWU24_CP069109	2251117	2277258	HistocapCB174_6	3612270	3586128	color=b3b1b2
HistomissWU24_CP069109	1719667	1745426	HistocapCB174_6	4014488	3988729	color=b3b1b2
HistomissWU24_CP069109	3798930	3824601	HistocapCB174_6	2069972	2044302	color=b3b1b2
HistomissWU24_CP069109	1177872	1203084	HistocapCB174_6	4533495	4508283	color=b3b1b2
HistomissWU24_CP069109	1888456	1913314	HistocapCB174_6	3850865	3826007	color=b3b1b2
HistomissWU24_CP069109	4061635	4086400	HistocapCB174_6	1838275	1813510	color=b3b1b2
HistomissWU24_CP069109	1485640	1510375	HistocapCB174_6	4244948	4220213	color=b3b1b2
HistomissWU24_CP069109	4100087	4124612	HistocapCB174_6	1801260	1776732	color=b3b1b2
HistomissWU24_CP069109	2879818	2904290	HistocapCB174_6	3063364	3038892	color=b3b1b2
HistomissWU24_CP069109	2682452	2706318	HistocapCB174_6	3237099	3213232	color=b3b1b2
HistomissWU24_CP069109	3744012	3766482	HistocapCB174_6	2123940	2101472	color=b3b1b2
HistomissWU24_CP069109	3224579	3247047	HistocapCB174_6	2728428	2705958	color=b3b1b2
HistomissWU24_CP069109	3912143	3934098	HistocapCB174_6	1955943	1933995	color=b3b1b2
HistomissWU24_CP069109	5517569	5539156	HistocapCB174_6	925097	946684	color=b3b1b2
HistomissWU24_CP069109	4652749	4674239	HistocapCB174_6	1297183	1275696	color=b3b1b2
HistomissWU24_CP069109	3766621	3787955	HistocapCB174_6	2101249	2079915	color=b3b1b2
HistomissWU24_CP069109	1464146	1485360	HistocapCB174_6	4266380	4245168	color=b3b1b2
HistomissWU24_CP069109	2908384	2929164	HistocapCB174_6	3035752	3014974	color=b3b1b2
HistomissWU24_CP069109	857270	877819	HistocapCB174_6	4759135	4738586	color=b3b1b2
HistomissWU24_CP069109	4751926	4772367	HistocapCB174_6	1198120	1177675	color=b3b1b2
HistomissWU24_CP069109	3372211	3392610	HistocapCB174_6	2445154	2424755	color=b3b1b2
HistomissWU24_CP069109	3263371	3283496	HistocapCB174_6	2554666	2534542	color=b3b1b2
HistomissWU24_CP069109	1322856	1342263	HistocapCB174_6	4384548	4365141	color=b3b1b2
HistomissWU24_CP069109	4685926	4705332	HistocapCB174_6	1263611	1244204	color=b3b1b2
HistomissWU24_CP069109	2356114	2375493	HistocapCB174_6	3505602	3486225	color=b3b1b2
HistomissWU24_CP069109	6081266	6100391	HistocapCB174_6	236058	216931	color=b3b1b2
HistomissWU24_CP069109	2622688	2641778	HistocapCB174_6	3296928	3277838	color=b3b1b2
HistomissWU24_CP069109	5824379	5843373	HistocapCB174_6	488176	469184	color=b3b1b2
HistomissWU24_CP069109	4587249	4606229	HistocapCB174_6	1361000	1342022	color=b3b1b2
HistomissWU24_CP069109	1425377	1444349	HistocapCB174_6	4305442	4286470	color=b3b1b2
HistomissWU24_CP069109	1125637	1144498	HistocapCB174_6	4578797	4559936	color=b3b1b2
HistomissWU24_CP069109	695000	713782	HistocapCB174_6	4929303	4910521	color=b3b1b2
HistomissWU24_CP069109	3332602	3351313	HistocapCB174_6	2484862	2466159	color=b3b1b2
HistomissWU24_CP069109	6148441	6167008	HistocapCB174_6	181978	163411	color=b3b1b2
HistomissWU24_CP069109	4476758	4495269	HistocapCB174_6	1469841	1451330	color=b3b1b2
HistomissWU24_CP069109	2717196	2735029	HistocapCB174_6	3202412	3184579	color=b3b1b2
HistomissWU24_CP069109	2321363	2339010	HistocapCB174_6	3543962	3526315	color=b3b1b2
HistomissWU24_CP069109	3050181	3067643	HistocapCB174_6	2900359	2882897	color=b3b1b2
HistomissWU24_CP069109	4256089	4273484	HistocapCB174_6	1644118	1626723	color=b3b1b2
HistomissWU24_CP069109	3535257	3552632	HistocapCB174_6	2260043	2242668	color=b3b1b2
HistomissWU24_CP069109	1444371	1461680	HistocapCB174_6	4286369	4269061	color=b3b1b2
HistomissWU24_CP069109	5895002	5912134	HistocapCB174_6	425615	408482	color=b3b1b2
HistomissWU24_CP069109	1105397	1122505	HistocapCB174_6	4607820	4590706	color=b3b1b2
HistomissWU24_CP069109	839357	856353	HistocapCB174_6	4777130	4760134	color=b3b1b2
HistomissWU24_CP069109	4030164	4047102	HistocapCB174_6	1869227	1852293	color=b3b1b2
HistomissWU24_CP069109	3569772	3586706	HistocapCB174_6	2226720	2209786	color=b3b1b2
HistomissWU24_CP069109	1364832	1381671	HistocapCB174_6	4344279	4327440	color=b3b1b2
HistomissWU24_CP069109	5266871	5283684	HistocapCB174_6	753578	736763	color=b3b1b2
HistomissWU24_CP069109	1646078	1662877	HistocapCB174_6	4088183	4071377	color=b3b1b2
HistomissWU24_CP069109	4309483	4326247	HistocapCB174_6	1592665	1575899	color=b3b1b2
HistomissWU24_CP069109	2984070	3000721	HistocapCB174_6	2968187	2951538	color=b3b1b2
HistomissWU24_CP069109	4930667	4947183	HistocapCB174_6	1085460	1068944	color=b3b1b2
HistomissWU24_CP069109	222773	239170	HistocapCB174_6	5212019	5195622	color=b3b1b2
HistomissWU24_CP069109	3601864	3618178	HistocapCB174_6	2194257	2177943	color=b3b1b2
HistomissWU24_CP069109	542459	558627	HistocapCB174_6	5000217	4984051	color=b3b1b2
HistomissWU24_CP069109	5912126	5928248	HistocapCB174_6	408016	391889	color=b3b1b2
HistomissWU24_CP069109	3301564	3317606	HistocapCB174_6	2516417	2500370	color=b3b1b2
HistomissWU24_CP069109	5064854	5080812	HistocapCB174_6	1041973	1026017	color=b3b1b2
HistomissWU24_CP069109	5218283	5234239	HistocapCB174_6	803468	787512	color=b3b1b2
HistomissWU24_CP069109	2735918	2751817	HistocapCB174_6	3184478	3168579	color=b3b1b2
HistomissWU24_CP069109	305819	321661	HistocapCB174_6	5154893	5139050	color=b3b1b2
HistomissWU24_CP069109	3552708	3568454	HistocapCB174_6	2242567	2226821	color=b3b1b2
HistomissWU24_CP069109	5083065	5098782	HistocapCB174_6	1023154	1007437	color=b3b1b2
HistomissWU24_CP069109	4629224	4644920	HistocapCB174_6	1318581	1302877	color=b3b1b2
HistomissWU24_CP069109	5540671	5556095	HistocapCB174_6	947961	963388	color=b3b1b2
HistomissWU24_CP069109	2968301	2983601	HistocapCB174_6	2983588	2968288	color=b3b1b2
HistomissWU24_CP069109	6100444	6115720	HistocapCB174_6	216830	201554	color=b3b1b2
HistomissWU24_CP069109	4505530	4520789	HistocapCB174_6	1441292	1426031	color=b3b1b2
HistomissWU24_CP069109	2847306	2862557	HistocapCB174_6	3095928	3080675	color=b3b1b2
HistomissWU24_CP069109	1815434	1830556	HistocapCB174_6	3918842	3903720	color=b3b1b2
HistomissWU24_CP069109	2667345	2682365	HistocapCB174_6	3252326	3237307	color=b3b1b2
HistomissWU24_CP069109	1553017	1568005	HistocapCB174_6	4194209	4179221	color=b3b1b2
HistomissWU24_CP069109	6053727	6068605	HistocapCB174_6	262827	247949	color=b3b1b2
HistomissWU24_CP069109	6254760	6269407	HistocapCB174_6	61956	47309	color=b3b1b2
HistomissWU24_CP069109	2062475	2077055	HistocapCB174_6	3756882	3742302	color=b3b1b2
HistomissWU24_CP069109	3494659	3509197	HistocapCB174_6	2332627	2318089	color=b3b1b2
HistomissWU24_CP069109	5868801	5883187	HistocapCB174_6	451673	437294	color=b3b1b2
HistomissWU24_CP069109	1935966	1950100	HistocapCB174_6	3807474	3793340	color=b3b1b2
HistomissWU24_CP069109	184512	198440	HistocapCB174_6	5249555	5235629	color=b3b1b2
HistomissWU24_CP069109	1237415	1251154	HistocapCB174_6	4475153	4461415	color=b3b1b2
HistomissWU24_CP069109	4541222	4554939	HistocapCB174_6	1408110	1394391	color=b3b1b2
HistomissWU24_CP069109	403062	416769	HistocapCB174_6	5070942	5084649	color=b3b1b2
HistomissWU24_CP069109	930529	944211	HistocapCB174_6	4681017	4694699	color=b3b1b2
HistomissWU24_CP069109	3287951	3301533	HistocapCB174_6	2530100	2516518	color=b3b1b2
HistomissWU24_CP069109	2582576	2596154	HistocapCB174_6	3332757	3319177	color=b3b1b2
HistomissWU24_CP069109	5781000	5794544	HistocapCB174_6	553005	539461	color=b3b1b2
HistomissWU24_CP069109	6218631	6232166	HistocapCB174_6	106116	92581	color=b3b1b2
HistomissWU24_CP069109	1787405	1800890	HistocapCB174_6	3946861	3933374	color=b3b1b2
HistomissWU24_CP069109	416778	430262	HistocapCB174_6	5084750	5098234	color=b3b1b2
HistomissWU24_CP069109	2826791	2840163	HistocapCB174_6	3116618	3103241	color=b3b1b2
HistomissWU24_CP069109	3847110	3860467	HistocapCB174_6	2021720	2008364	color=b3b1b2
HistomissWU24_CP069109	4438870	4452198	HistocapCB174_6	1508479	1495153	color=b3b1b2
HistomissWU24_CP069109	6170266	6183582	HistocapCB174_6	159974	146658	color=b3b1b2
HistomissWU24_CP069109	520219	533498	HistocapCB174_6	5025846	5012567	color=b3b1b2
HistomissWU24_CP069109	2542173	2555380	HistocapCB174_6	3353966	3340758	color=b3b1b2
HistomissWU24_CP069109	5937805	5950990	HistocapCB174_6	381709	368524	color=b3b1b2
HistomissWU24_CP069109	3211550	3224598	HistocapCB174_6	2741577	2728529	color=b3b1b2
HistomissWU24_CP069109	917421	930458	HistocapCB174_6	4667879	4680916	color=b3b1b2
HistomissWU24_CP069109	2307484	2320503	HistocapCB174_6	3557966	3544947	color=b3b1b2
HistomissWU24_CP069109	1535947	1548935	HistocapCB174_6	4211766	4198779	color=b3b1b2
HistomissWU24_CP069109	3016846	3029737	HistocapCB174_6	2932452	2919561	color=b3b1b2
HistomissWU24_CP069109	4607232	4620115	HistocapCB174_6	1340534	1327650	color=b3b1b2
HistomissWU24_CP069109	3442732	3455606	HistocapCB174_6	2374460	2361586	color=b3b1b2
HistomissWU24_CP069109	3692551	3705415	HistocapCB174_6	2149037	2136173	color=b3b1b2
HistomissWU24_CP069109	4007492	4020265	HistocapCB174_6	1891298	1878525	color=b3b1b2
HistomissWU24_CP069109	3030215	3042823	HistocapCB174_6	2919366	2906758	color=b3b1b2
HistomissWU24_CP069109	5140098	5152675	HistocapCB174_6	582073	594656	color=b3b1b2
HistomissWU24_CP069109	1675913	1688444	HistocapCB174_6	4058851	4046320	color=b3b1b2
HistomissWU24_CP069109	2290547	2303071	HistocapCB174_6	3575088	3562564	color=b3b1b2
HistomissWU24_CP069109	1857506	1869989	HistocapCB174_6	3884159	3871677	color=b3b1b2
HistomissWU24_CP069109	788876	801212	HistocapCB174_6	4836951	4824619	color=b3b1b2
HistomissWU24_CP069109	1695436	1707713	HistocapCB174_6	4037126	4024848	color=b3b1b2
HistomissWU24_CP069109	4859529	4871725	HistocapCB174_6	1131552	1119356	color=b3b1b2
HistomissWU24_CP069109	6321916	6334106	HistocapCB174_6	12191	1	color=b3b1b2
HistomissWU24_CP069109	4918420	4930599	HistocapCB174_6	1097865	1085680	color=b3b1b2
HistomissWU24_CP069109	5385264	5397441	HistocapCB174_6	827286	839462	color=b3b1b2
HistomissWU24_CP069109	4131677	4143822	HistocapCB174_6	1769302	1757150	color=b3b1b2
HistomissWU24_CP069109	3103780	3115805	HistocapCB174_6	2850213	2838188	color=b3b1b2
HistomissWU24_CP069109	1988301	2000306	HistocapCB174_6	3776203	3764198	color=b3b1b2
HistomissWU24_CP069109	1292047	1304013	HistocapCB174_6	4415782	4403816	color=b3b1b2
HistomissWU24_CP069109	2129894	2141589	HistocapCB174_6	3684671	3672981	color=b3b1b2
HistomissWU24_CP069109	146477	158167	HistocapCB174_6	5271953	5260263	color=b3b1b2
HistomissWU24_CP069109	5478404	5490015	HistocapCB174_6	887059	898673	color=b3b1b2
HistomissWU24_CP069109	6192237	6203829	HistocapCB174_6	133013	121421	color=b3b1b2
HistomissWU24_CP069109	1034047	1045605	HistocapCB174_6	4645824	4634266	color=b3b1b2
HistomissWU24_CP069109	1571050	1582561	HistocapCB174_6	4176966	4165456	color=b3b1b2
HistomissWU24_CP069109	4568415	4579908	HistocapCB174_6	1378416	1366923	color=b3b1b2
HistomissWU24_CP069109	2420050	2431514	HistocapCB174_6	3452691	3441227	color=b3b1b2
HistomissWU24_CP069109	6069677	6081045	HistocapCB174_6	247529	236159	color=b3b1b2
HistomissWU24_CP069109	3459893	3471247	HistocapCB174_6	2357304	2345950	color=b3b1b2
HistomissWU24_CP069109	5347088	5358414	HistocapCB174_6	658752	647427	color=b3b1b2
HistomissWU24_CP069109	713917	725206	HistocapCB174_6	4910332	4899043	color=b3b1b2
HistomissWU24_CP069109	5433723	5444776	HistocapCB174_6	848457	859510	color=b3b1b2
HistomissWU24_CP069109	1593875	1604786	HistocapCB174_6	4153514	4142603	color=b3b1b2
HistomissWU24_CP069109	801314	812203	HistocapCB174_6	4814208	4803319	color=b3b1b2
HistomissWU24_CP069109	3128373	3139206	HistocapCB174_6	2825241	2814408	color=b3b1b2
HistomissWU24_CP069109	1951387	1962194	HistocapCB174_6	3789407	3778599	color=b3b1b2
HistomissWU24_CP069109	5203611	5214403	HistocapCB174_6	814361	803569	color=b3b1b2
HistomissWU24_CP069109	1606908	1617597	HistocapCB174_6	4140348	4129662	color=b3b1b2
HistomissWU24_CP069109	135566	146247	HistocapCB174_6	5282956	5272275	color=b3b1b2
HistomissWU24_CP069109	124837	135490	HistocapCB174_6	5293805	5283152	color=b3b1b2
HistomissWU24_CP069109	2706469	2717087	HistocapCB174_6	3213131	3202513	color=b3b1b2
HistomissWU24_CP069109	812219	822792	HistocapCB174_6	4803218	4792645	color=b3b1b2
HistomissWU24_CP069109	5364514	5375058	HistocapCB174_6	636783	647326	color=b3b1b2
HistomissWU24_CP069109	2612211	2622697	HistocapCB174_6	3308168	3297682	color=b3b1b2
HistomissWU24_CP069109	4330880	4341347	HistocapCB174_6	1571504	1561034	color=b3b1b2
HistomissWU24_CP069109	2088232	2098695	HistocapCB174_6	3731789	3721326	color=b3b1b2
HistomissWU24_CP069109	3118058	3128499	HistocapCB174_6	2835783	2825342	color=b3b1b2
HistomissWU24_CP069109	1147792	1158155	HistocapCB174_6	4556348	4545985	color=b3b1b2
HistomissWU24_CP069109	212497	222614	HistocapCB174_6	5222237	5212120	color=b3b1b2
HistomissWU24_CP069109	6297830	6307937	HistocapCB174_6	24256	14149	color=b3b1b2
HistomissWU24_CP069109	2402186	2412247	HistocapCB174_6	3468647	3458588	color=b3b1b2
HistomissWU24_CP069109	2513729	2523735	HistocapCB174_6	3382904	3372898	color=b3b1b2
HistomissWU24_CP069109	778902	788894	HistocapCB174_6	4847044	4837052	color=b3b1b2
HistomissWU24_CP069109	1918104	1928066	HistocapCB174_6	3821060	3811096	color=b3b1b2
HistomissWU24_CP069109	4274792	4284745	HistocapCB174_6	1626622	1616665	color=b3b1b2
HistomissWU24_CP069109	4996800	5006743	HistocapCB174_6	1062340	1052397	color=b3b1b2
HistomissWU24_CP069109	4358406	4368302	HistocapCB174_6	1560332	1550437	color=b3b1b2
HistomissWU24_CP069109	1303968	1313856	HistocapCB174_6	4403715	4393827	color=b3b1b2
HistomissWU24_CP069109	3362307	3372187	HistocapCB174_6	2455135	2445255	color=b3b1b2
HistomissWU24_CP069109	5962695	5972515	HistocapCB174_6	362641	352820	color=b3b1b2
HistomissWU24_CP069109	1343924	1353729	HistocapCB174_6	4365040	4355235	color=b3b1b2
HistomissWU24_CP069109	4495727	4505530	HistocapCB174_6	1451229	1441427	color=b3b1b2
HistomissWU24_CP069109	4772410	4782201	HistocapCB174_6	1171704	1161914	color=b3b1b2
HistomissWU24_CP069109	4368348	4378128	HistocapCB174_6	1550336	1540556	color=b3b1b2
HistomissWU24_CP069109	4245209	4254981	HistocapCB174_6	1654841	1645069	color=b3b1b2
HistomissWU24_CP069109	1281595	1291298	HistocapCB174_6	4425586	4415883	color=b3b1b2
HistomissWU24_CP069109	769166	778824	HistocapCB174_6	4856803	4847145	color=b3b1b2
HistomissWU24_CP069109	2955868	2965525	HistocapCB174_6	2995906	2986236	color=b3b1b2
HistomissWU24_CP069109	4520836	4530478	HistocapCB174_6	1425930	1416287	color=b3b1b2
HistomissWU24_CP069109	2654149	2663781	HistocapCB174_6	3265626	3255994	color=b3b1b2
HistomissWU24_CP069109	239186	248782	HistocapCB174_6	5195517	5185921	color=b3b1b2
HistomissWU24_CP069109	5928194	5937786	HistocapCB174_6	391403	381810	color=b3b1b2
HistomissWU24_CP069109	6001132	6010678	HistocapCB174_6	323923	314378	color=b3b1b2
HistomissWU24_CP069109	4294114	4303563	HistocapCB174_6	1610396	1600955	color=b3b1b2
HistomissWU24_CP069109	4899297	4908728	HistocapCB174_6	1117256	1107825	color=b3b1b2
HistomissWU24_CP069109	5159442	5168843	HistocapCB174_6	601584	610985	color=b3b1b2
HistomissWU24_CP069109	5444773	5454131	HistocapCB174_6	859696	869054	color=b3b1b2
HistomissWU24_CP069109	4178625	4187947	HistocapCB174_6	1721929	1712607	color=b3b1b2
HistomissWU24_CP069109	5771273	5780571	HistocapCB174_6	562678	553380	color=b3b1b2
HistomissWU24_CP069109	6281488	6290749	HistocapCB174_6	40997	31736	color=b3b1b2
HistomissWU24_CP069109	3001908	3011147	HistocapCB174_6	2950119	2940880	color=b3b1b2
HistomissWU24_CP069109	1381730	1390919	HistocapCB174_6	4327339	4318150	color=b3b1b2
HistomissWU24_CP069109	4202590	4211708	HistocapCB174_6	1697034	1687916	color=b3b1b2
HistomissWU24_CP069109	3996384	4005489	HistocapCB174_6	1902102	1892994	color=b3b1b2
HistomissWU24_CP069109	3665209	3674311	HistocapCB174_6	2170967	2161865	color=b3b1b2
HistomissWU24_CP069109	367927	377004	HistocapCB174_6	5128344	5119267	color=b3b1b2
HistomissWU24_CP069109	5566189	5575265	HistocapCB174_6	977089	986165	color=b3b1b2
HistomissWU24_CP069109	4909147	4918146	HistocapCB174_6	1107046	1098046	color=b3b1b2
HistomissWU24_CP069109	4555236	4564173	HistocapCB174_6	1391673	1382736	color=b3b1b2
HistomissWU24_CP069109	4236244	4245153	HistocapCB174_6	1663851	1654942	color=b3b1b2
HistomissWU24_CP069109	2173268	2182149	HistocapCB174_6	3660172	3651291	color=b3b1b2
HistomissWU24_CP069109	2475351	2484230	HistocapCB174_6	3397332	3388453	color=b3b1b2
HistomissWU24_CP069109	2533379	2542170	HistocapCB174_6	3362862	3354067	color=b3b1b2
HistomissWU24_CP069109	533658	542444	HistocapCB174_6	5009126	5000340	color=b3b1b2
HistomissWU24_CP069109	4452225	4460961	HistocapCB174_6	1494894	1486158	color=b3b1b2
HistomissWU24_CP069109	5400248	5408971	HistocapCB174_6	839633	848356	color=b3b1b2
HistomissWU24_CP069109	4620190	4628899	HistocapCB174_6	1327505	1318796	color=b3b1b2
HistomissWU24_CP069109	1666344	1675045	HistocapCB174_6	4068578	4059877	color=b3b1b2
HistomissWU24_CP069109	4832015	4840618	HistocapCB174_6	1146061	1137461	color=b3b1b2
HistomissWU24_CP069109	5980561	5989094	HistocapCB174_6	344580	336047	color=b3b1b2
HistomissWU24_CP069109	3082438	3090964	HistocapCB174_6	2876481	2867955	color=b3b1b2
HistomissWU24_CP069109	5234145	5242669	HistocapCB174_6	787411	778887	color=b3b1b2
HistomissWU24_CP069109	1778882	1787383	HistocapCB174_6	3955464	3946962	color=b3b1b2
HistomissWU24_CP069109	3676569	3685064	HistocapCB174_6	2159790	2151290	color=b3b1b2
HistomissWU24_CP069109	4157515	4165992	HistocapCB174_6	1743169	1734691	color=b3b1b2
HistomissWU24_CP069109	5054610	5063087	HistocapCB174_6	1052296	1043819	color=b3b1b2
HistomissWU24_CP069109	5168884	5177294	HistocapCB174_6	611086	619496	color=b3b1b2
HistomissWU24_CP069109	6123803	6132131	HistocapCB174_6	195861	187533	color=b3b1b2
HistomissWU24_CP069109	4227908	4236233	HistocapCB174_6	1672277	1663952	color=b3b1b2
HistomissWU24_CP069109	1629397	1637720	HistocapCB174_6	4116611	4108288	color=b3b1b2
HistomissWU24_CP069109	290731	298873	HistocapCB174_6	5169778	5161636	color=b3b1b2
HistomissWU24_CP069109	961623	969718	HistocapCB174_6	4708611	4716706	color=b3b1b2
HistomissWU24_CP069109	2934104	2942102	HistocapCB174_6	3009302	3001308	color=b3b1b2
HistomissWU24_CP069109	394972	402945	HistocapCB174_6	5062744	5070717	color=b3b1b2
HistomissWU24_CP069109	886161	893962	HistocapCB174_6	4729709	4721909	color=b3b1b2
HistomissWU24_CP069109	2347239	2354999	HistocapCB174_6	3513463	3505703	color=b3b1b2
HistomissWU24_CP069109	5816647	5824356	HistocapCB174_6	495985	488277	color=b3b1b2
HistomissWU24_CP069109	3354192	3361859	HistocapCB174_6	2463026	2455359	color=b3b1b2
HistomissWU24_CP069109	4823325	4830983	HistocapCB174_6	1154746	1147090	color=b3b1b2
HistomissWU24_CP069109	1081026	1088663	HistocapCB174_6	2310357	2317988	color=b3b1b2
HistomissWU24_CP069109	4047841	4055475	HistocapCB174_6	1852192	1844555	color=b3b1b2
HistomissWU24_CP069109	4378160	4385736	HistocapCB174_6	1540357	1532781	color=b3b1b2
HistomissWU24_CP069109	78567	86129	HistocapCB174_6	5326587	5319025	color=b3b1b2
HistomissWU24_CP069109	1012034	1019580	HistocapCB174_6	4667778	4660232	color=b3b1b2
HistomissWU24_CP069109	3515982	3523512	HistocapCB174_6	2296944	2289414	color=b3b1b2
HistomissWU24_CP069109	4212012	4219523	HistocapCB174_6	1687815	1680304	color=b3b1b2
HistomissWU24_CP069109	6020674	6028172	HistocapCB174_6	304439	296937	color=b3b1b2
HistomissWU24_CP069109	6247285	6254758	HistocapCB174_6	69952	62479	color=b3b1b2
HistomissWU24_CP069109	4469171	4476637	HistocapCB174_6	1477530	1470064	color=b3b1b2
HistomissWU24_CP069109	2282747	2290135	HistocapCB174_6	3582700	3575312	color=b3b1b2
HistomissWU24_CP069109	1586683	1594001	HistocapCB174_6	4160933	4153615	color=b3b1b2
HistomissWU24_CP069109	3890708	3898014	HistocapCB174_6	1977917	1970611	color=b3b1b2
HistomissWU24_CP069109	951530	958825	HistocapCB174_6	4698509	4705803	color=b3b1b2
HistomissWU24_CP069109	173888	181163	HistocapCB174_6	5260162	5252887	color=b3b1b2
HistomissWU24_CP069109	283441	290687	HistocapCB174_6	5177126	5169879	color=b3b1b2
HistomissWU24_CP069109	5630702	5637925	HistocapCB174_6	988325	995548	color=b3b1b2
HistomissWU24_CP069109	1254191	1261386	HistocapCB174_6	4454015	4446820	color=b3b1b2
HistomissWU24_CP069109	5797634	5804786	HistocapCB174_6	511462	504308	color=b3b1b2
HistomissWU24_CP069109	1019624	1026766	HistocapCB174_6	4660011	4652869	color=b3b1b2
HistomissWU24_CP069109	3840145	3847222	HistocapCB174_6	2028983	2021907	color=b3b1b2
HistomissWU24_CP069109	1836102	1843170	HistocapCB174_6	3903618	3896550	color=b3b1b2
HistomissWU24_CP069109	3204471	3211538	HistocapCB174_6	2748745	2741678	color=b3b1b2
HistomissWU24_CP069109	6290753	6297813	HistocapCB174_6	31524	24464	color=b3b1b2
HistomissWU24_CP069109	2339638	2346666	HistocapCB174_6	3520713	3513685	color=b3b1b2
HistomissWU24_CP069109	2840279	2847302	HistocapCB174_6	3103051	3096029	color=b3b1b2
HistomissWU24_CP069109	822801	829824	HistocapCB174_6	4792544	4785521	color=b3b1b2
HistomissWU24_CP069109	3588741	3595756	HistocapCB174_6	2207528	2200513	color=b3b1b2
HistomissWU24_CP069109	5177851	5184859	HistocapCB174_6	619597	626605	color=b3b1b2
HistomissWU24_CP069109	2751853	2758836	HistocapCB174_6	3168347	3161364	color=b3b1b2
HistomissWU24_CP069109	5761901	5768867	HistocapCB174_6	572237	565271	color=b3b1b2
HistomissWU24_CP069109	4195693	4202567	HistocapCB174_6	1704010	1697135	color=b3b1b2
HistomissWU24_CP069109	114257	121114	HistocapCB174_6	5304941	5298084	color=b3b1b2
HistomissWU24_CP069109	1026799	1033642	HistocapCB174_6	4652768	4645925	color=b3b1b2
HistomissWU24_CP069109	5752325	5759123	HistocapCB174_6	579136	572338	color=b3b1b2
HistomissWU24_CP069109	2765720	2772503	HistocapCB174_6	3154185	3147402	color=b3b1b2
HistomissWU24_CP069109	3656376	3663151	HistocapCB174_6	2177842	2171068	color=b3b1b2
HistomissWU24_CP069109	2081410	2088157	HistocapCB174_6	3738637	3731890	color=b3b1b2
HistomissWU24_CP069109	5250733	5257461	HistocapCB174_6	770337	763609	color=b3b1b2
HistomissWU24_CP069109	5152879	5159605	HistocapCB174_6	594757	601483	color=b3b1b2
HistomissWU24_CP069109	3404563	3411282	HistocapCB174_6	2412127	2405409	color=b3b1b2
HistomissWU24_CP069109	451621	458286	HistocapCB174_6	5098586	5105252	color=b3b1b2
HistomissWU24_CP069109	5467357	5474021	HistocapCB174_6	875849	882513	color=b3b1b2
HistomissWU24_CP069109	6046992	6053655	HistocapCB174_6	269591	262928	color=b3b1b2
HistomissWU24_CP069109	2144243	2150845	HistocapCB174_6	3670474	3663874	color=b3b1b2
HistomissWU24_CP069109	4172013	4178609	HistocapCB174_6	1728635	1722030	color=b3b1b2
HistomissWU24_CP069109	1688873	1695378	HistocapCB174_6	4043731	4037227	color=b3b1b2
HistomissWU24_CP069109	3939235	3945723	HistocapCB174_6	1928976	1922488	color=b3b1b2
HistomissWU24_CP069109	361435	367902	HistocapCB174_6	5134912	5128445	color=b3b1b2
HistomissWU24_CP069109	3487375	3493832	HistocapCB174_6	2339185	2332728	color=b3b1b2
HistomissWU24_CP069109	5639176	5645555	HistocapCB174_6	996614	1002993	color=b3b1b2
HistomissWU24_CP069109	3523387	3529765	HistocapCB174_6	2272503	2266125	color=b3b1b2
HistomissWU24_CP069109	636139	642505	HistocapCB174_6	4983950	4977584	color=b3b1b2
HistomissWU24_CP069109	3392719	3399082	HistocapCB174_6	2424504	2418141	color=b3b1b2
HistomissWU24_CP069109	5994478	6000841	HistocapCB174_6	330507	324146	color=b3b1b2
HistomissWU24_CP069109	2647816	2654139	HistocapCB174_6	3272050	3265727	color=b3b1b2
HistomissWU24_CP069109	5321483	5327780	HistocapCB174_6	685118	678821	color=b3b1b2
HistomissWU24_CP069109	4401761	4408042	HistocapCB174_6	1516390	1510109	color=b3b1b2
HistomissWU24_CP069109	1074787	1081058	HistocapCB174_6	2304328	2310599	color=b3b1b2
HistomissWU24_CP069109	385742	391885	HistocapCB174_6	5114286	5108143	color=b3b1b2
HistomissWU24_CP069109	3735905	3742039	HistocapCB174_6	2131714	2125580	color=b3b1b2
HistomissWU24_CP069109	1313894	1320019	HistocapCB174_6	4393685	4387561	color=b3b1b2
HistomissWU24_CP069109	6275376	6281486	HistocapCB174_6	47208	41098	color=b3b1b2
HistomissWU24_CP069109	5810564	5816647	HistocapCB174_6	502169	496086	color=b3b1b2
HistomissWU24_CP069109	4020983	4027034	HistocapCB174_6	1877669	1871616	color=b3b1b2
HistomissWU24_CP069109	3595756	3601806	HistocapCB174_6	2200408	2194358	color=b3b1b2
HistomissWU24_CP069109	4990822	4996808	HistocapCB174_6	1068843	1062857	color=b3b1b2
HistomissWU24_CP069109	299855	305826	HistocapCB174_6	5161414	5155444	color=b3b1b2
HistomissWU24_CP069109	3044124	3050089	HistocapCB174_6	2906425	2900460	color=b3b1b2
HistomissWU24_CP069109	5853258	5859218	HistocapCB174_6	458759	452799	color=b3b1b2
HistomissWU24_CP069109	4284872	4290819	HistocapCB174_6	1616444	1610497	color=b3b1b2
HistomissWU24_CP069109	1880094	1886009	HistocapCB174_6	3862370	3856457	color=b3b1b2
HistomissWU24_CP069109	43966	49831	HistocapCB174_6	5331771	5337636	color=b3b1b2
HistomissWU24_CP069109	4166056	4171907	HistocapCB174_6	1734590	1728739	color=b3b1b2
HistomissWU24_CP069109	2808701	2814456	HistocapCB174_6	3126545	3120790	color=b3b1b2
HistomissWU24_CP069109	3980956	3986665	HistocapCB174_6	1917750	1912041	color=b3b1b2
HistomissWU24_CP069109	4853817	4859524	HistocapCB174_6	1137360	1131653	color=b3b1b2
HistomissWU24_CP069109	4390698	4396395	HistocapCB174_6	1527683	1521987	color=b3b1b2
HistomissWU24_CP069109	5951297	5956978	HistocapCB174_6	368423	362742	color=b3b1b2
HistomissWU24_CP069109	3905758	3911436	HistocapCB174_6	1961730	1956044	color=b3b1b2
HistomissWU24_CP069109	3011152	3016803	HistocapCB174_6	2938204	2932553	color=b3b1b2
HistomissWU24_CP069109	514494	520079	HistocapCB174_6	5031644	5026059	color=b3b1b2
HistomissWU24_CP069109	5972540	5978109	HistocapCB174_6	352608	347039	color=b3b1b2
HistomissWU24_CP069109	5889439	5894960	HistocapCB174_6	431237	425716	color=b3b1b2
HistomissWU24_CP069109	6115821	6121312	HistocapCB174_6	201453	195962	color=b3b1b2
HistomissWU24_CP069109	4675657	4681141	HistocapCB174_6	1274542	1269058	color=b3b1b2
HistomissWU24_CP069109	3529785	3535246	HistocapCB174_6	2265759	2260298	color=b3b1b2
HistomissWU24_CP069109	1708809	1714218	HistocapCB174_6	4023781	4018372	color=b3b1b2
HistomissWU24_CP069109	3325683	3331081	HistocapCB174_6	2491948	2486550	color=b3b1b2
HistomissWU24_CP069109	4143917	4149313	HistocapCB174_6	1757049	1751650	color=b3b1b2
HistomissWU24_CP069109	6137582	6142935	HistocapCB174_6	187432	182079	color=b3b1b2
HistomissWU24_CP069109	5989097	5994410	HistocapCB174_6	335932	330608	color=b3b1b2
HistomissWU24_CP069109	5245402	5250706	HistocapCB174_6	775872	770569	color=b3b1b2
HistomissWU24_CP069109	3829951	3835253	HistocapCB174_6	2039464	2034162	color=b3b1b2
HistomissWU24_CP069109	1275653	1280912	HistocapCB174_6	4432280	4427025	color=b3b1b2
HistomissWU24_CP069109	4304156	4309415	HistocapCB174_6	1598026	1592766	color=b3b1b2
HistomissWU24_CP069109	6203884	6209103	HistocapCB174_6	121320	116101	color=b3b1b2
HistomissWU24_CP069109	2575352	2580559	HistocapCB174_6	3340435	3335228	color=b3b1b2
HistomissWU24_CP069109	643443	648649	HistocapCB174_6	4976836	4971630	color=b3b1b2
HistomissWU24_CP069109	1846032	1851229	HistocapCB174_6	3893603	3888407	color=b3b1b2
HistomissWU24_CP069109	4714049	4719203	HistocapCB174_6	1236018	1230862	color=b3b1b2
HistomissWU24_CP069109	3198843	3203985	HistocapCB174_6	2753988	2748846	color=b3b1b2
HistomissWU24_CP069109	4464162	4469297	HistocapCB174_6	1482766	1477631	color=b3b1b2
HistomissWU24_CP069109	2774937	2780047	HistocapCB174_6	3144067	3138959	color=b3b1b2
HistomissWU24_CP069109	203406	208513	HistocapCB174_6	5231406	5226299	color=b3b1b2
HistomissWU24_CP069109	1806698	1811798	HistocapCB174_6	3927788	3922688	color=b3b1b2
HistomissWU24_CP069109	1513528	1518625	HistocapCB174_6	4216964	4211867	color=b3b1b2
HistomissWU24_CP069109	1391384	1396474	HistocapCB174_6	4318049	4312959	color=b3b1b2
HistomissWU24_CP069109	3988655	3993735	HistocapCB174_6	1909920	1904840	color=b3b1b2
HistomissWU24_CP069109	5185162	5190239	HistocapCB174_6	631605	636682	color=b3b1b2
HistomissWU24_CP069109	5561135	5566173	HistocapCB174_6	971890	976928	color=b3b1b2
HistomissWU24_CP069109	2391700	2396731	HistocapCB174_6	3479773	3474742	color=b3b1b2
HistomissWU24_CP069109	4581774	4586771	HistocapCB174_6	1366822	1361825	color=b3b1b2
HistomissWU24_CP069109	73548	78532	HistocapCB174_6	5331670	5326688	color=b3b1b2
HistomissWU24_CP069109	834076	839058	HistocapCB174_6	4783229	4778247	color=b3b1b2
HistomissWU24_CP069109	3835127	3840104	HistocapCB174_6	2034061	2029084	color=b3b1b2
HistomissWU24_CP069109	6209120	6214097	HistocapCB174_6	116000	111023	color=b3b1b2
HistomissWU24_CP069109	3399101	3404063	HistocapCB174_6	2418040	2413081	color=b3b1b2
HistomissWU24_CP069109	3787938	3792899	HistocapCB174_6	2079814	2074853	color=b3b1b2
HistomissWU24_CP069109	2929155	2934081	HistocapCB174_6	3014329	3009403	color=b3b1b2
HistomissWU24_CP069109	5556216	5561115	HistocapCB174_6	963603	968502	color=b3b1b2
HistomissWU24_CP069109	4782344	4787197	HistocapCB174_6	1161813	1156960	color=b3b1b2
HistomissWU24_CP069109	4385809	4390584	HistocapCB174_6	1532680	1527905	color=b3b1b2
HistomissWU24_CP069109	4124663	4129424	HistocapCB174_6	1776631	1771873	color=b3b1b2
HistomissWU24_CP069109	505853	510612	HistocapCB174_6	5038420	5033661	color=b3b1b2
HistomissWU24_CP069109	1913330	1918075	HistocapCB174_6	3825906	3821161	color=b3b1b2
HistomissWU24_CP069109	5286725	5291451	HistocapCB174_6	733726	729000	color=b3b1b2
HistomissWU24_CP069109	5337398	5342123	HistocapCB174_6	669464	664739	color=b3b1b2
HistomissWU24_CP069109	475097	479817	HistocapCB174_6	5062643	5057923	color=b3b1b2
HistomissWU24_CP069109	4055547	4060235	HistocapCB174_6	1844334	1839646	color=b3b1b2
HistomissWU24_CP069109	2874894	2879543	HistocapCB174_6	3068348	3063699	color=b3b1b2
HistomissWU24_CP069109	3897879	3902503	HistocapCB174_6	1970308	1965673	color=b3b1b2
HistomissWU24_CP069109	3976350	3980886	HistocapCB174_6	1922387	1917851	color=b3b1b2
HistomissWU24_CP069109	912922	917426	HistocapCB174_6	3685709	3690212	color=b3b1b2
HistomissWU24_CP069109	6214316	6218774	HistocapCB174_6	110677	106219	color=b3b1b2
HistomissWU24_CP069109	2943068	2947490	HistocapCB174_6	3000428	2996007	color=b3b1b2
HistomissWU24_CP069109	4223482	4227899	HistocapCB174_6	1676864	1672447	color=b3b1b2
HistomissWU24_CP069109	2303071	2307466	HistocapCB174_6	3562462	3558067	color=b3b1b2
HistomissWU24_CP069109	249274	253639	HistocapCB174_6	5185697	5181332	color=b3b1b2
HistomissWU24_CP069109	3247038	3251389	HistocapCB174_6	2700245	2695894	color=b3b1b2
HistomissWU24_CP069109	6186712	6191058	HistocapCB174_6	138752	134408	color=b3b1b2
HistomissWU24_CP069109	5474045	5478389	HistocapCB174_6	882614	886958	color=b3b1b2
HistomissWU24_CP069109	5328138	5332475	HistocapCB174_6	678597	674260	color=b3b1b2
HistomissWU24_CP069109	3511669	3515949	HistocapCB174_6	2301402	2297122	color=b3b1b2
HistomissWU24_CP069109	39394	43662	HistocapCB174_6	2272604	2276872	color=b3b1b2
HistomissWU24_CP069109	1620692	1624941	HistocapCB174_6	4126237	4121989	color=b3b1b2
HistomissWU24_CP069109	5259370	5263601	HistocapCB174_6	761396	757165	color=b3b1b2
HistomissWU24_CP069109	108953	113159	HistocapCB174_6	5310862	5306656	color=b3b1b2
HistomissWU24_CP069109	4152874	4157072	HistocapCB174_6	1747659	1743460	color=b3b1b2
HistomissWU24_CP069109	5456729	5460921	HistocapCB174_6	871556	875748	color=b3b1b2
HistomissWU24_CP069109	1263730	1267901	HistocapCB174_6	4444314	4440143	color=b3b1b2
HistomissWU24_CP069109	4086369	4090537	HistocapCB174_6	1813316	1809148	color=b3b1b2
HistomissWU24_CP069109	4564222	4568338	HistocapCB174_6	1382635	1378517	color=b3b1b2
HistomissWU24_CP069109	1641973	1646076	HistocapCB174_6	4104578	4100475	color=b3b1b2
HistomissWU24_CP069109	1582602	1586680	HistocapCB174_6	4165205	4161126	color=b3b1b2
HistomissWU24_CP069109	3455766	3459843	HistocapCB174_6	2361482	2357405	color=b3b1b2
HistomissWU24_CP069109	5849020	5853073	HistocapCB174_6	463158	459105	color=b3b1b2
HistomissWU24_CP069109	4326797	4330847	HistocapCB174_6	1575768	1571719	color=b3b1b2
HistomissWU24_CP069109	1356650	1360697	HistocapCB174_6	4352932	4348885	color=b3b1b2
HistomissWU24_CP069109	1875696	1879710	HistocapCB174_6	3866606	3862592	color=b3b1b2
HistomissWU24_CP069109	2870870	2874865	HistocapCB174_6	3072448	3068449	color=b3b1b2
HistomissWU24_CP069109	2822801	2826768	HistocapCB174_6	3120689	3116722	color=b3b1b2
HistomissWU24_CP069109	278984	282948	HistocapCB174_6	5181231	5177267	color=b3b1b2
HistomissWU24_CP069109	357196	361136	HistocapCB174_6	5138949	5135013	color=b3b1b2
HistomissWU24_CP069109	495641	499580	HistocapCB174_6	5048309	5044370	color=b3b1b2
HistomissWU24_CP069109	87817	91751	HistocapCB174_6	5318924	5314990	color=b3b1b2
HistomissWU24_CP069109	104998	108924	HistocapCB174_6	5314889	5310963	color=b3b1b2
HistomissWU24_CP069109	4649008	4652925	HistocapCB174_6	1301217	1297303	color=b3b1b2
HistomissWU24_CP069109	6243372	6247276	HistocapCB174_6	92480	88576	color=b3b1b2
HistomissWU24_CP069109	199478	203378	HistocapCB174_6	5235528	5231628	color=b3b1b2
HistomissWU24_CP069109	2526991	2530891	HistocapCB174_6	3369563	3365656	color=b3b1b2
HistomissWU24_CP069109	882195	886064	HistocapCB174_6	4733679	4729810	color=b3b1b2
HistomissWU24_CP069109	2864701	2868556	HistocapCB174_6	3078893	3075038	color=b3b1b2
HistomissWU24_CP069109	4090820	4094646	HistocapCB174_6	1808926	1805100	color=b3b1b2
HistomissWU24_CP069109	5199813	5203638	HistocapCB174_6	818313	814488	color=b3b1b2
HistomissWU24_CP069109	6016369	6020161	HistocapCB174_6	308372	304578	color=b3b1b2
HistomissWU24_CP069109	5381413	5385194	HistocapCB174_6	822175	825956	color=b3b1b2
HistomissWU24_CP069109	1831757	1835520	HistocapCB174_6	2276973	2280736	color=b3b1b2
HistomissWU24_CP069109	6030446	6034208	HistocapCB174_6	288900	285138	color=b3b1b2
HistomissWU24_CP069109	5883219	5886966	HistocapCB174_6	437193	433446	color=b3b1b2
HistomissWU24_CP069109	5670599	5674333	HistocapCB174_6	2281548	2285288	color=b3b1b2
HistomissWU24_CP069109	4537457	4541161	HistocapCB174_6	1411915	1408211	color=b3b1b2
HistomissWU24_CP069109	2186135	2189822	HistocapCB174_6	3646653	3642960	color=b3b1b2
HistomissWU24_CP069109	894989	898669	HistocapCB174_6	4720487	4716807	color=b3b1b2
HistomissWU24_CP069109	2387965	2391635	HistocapCB174_6	3483544	3479874	color=b3b1b2
HistomissWU24_CP069109	3317813	3321474	HistocapCB174_6	2500126	2496465	color=b3b1b2
HistomissWU24_CP069109	4094700	4098339	HistocapCB174_6	1804999	1801361	color=b3b1b2
HistomissWU24_CP069109	1421722	1425331	HistocapCB174_6	4309152	4305543	color=b3b1b2
HistomissWU24_CP069109	944516	948124	HistocapCB174_6	4694800	4698408	color=b3b1b2
HistomissWU24_CP069109	1272047	1275619	HistocapCB174_6	4435953	4432381	color=b3b1b2
HistomissWU24_CP069109	3067627	3071185	HistocapCB174_6	2882640	2879084	color=b3b1b2
HistomissWU24_CP069109	4190940	4194497	HistocapCB174_6	1709316	1705760	color=b3b1b2
HistomissWU24_CP069109	1870309	1873831	HistocapCB174_6	3871511	3867989	color=b3b1b2
HistomissWU24_CP069109	1811850	1815370	HistocapCB174_6	3922466	3918946	color=b3b1b2
HistomissWU24_CP069109	2182838	2186351	HistocapCB174_6	3650484	3646971	color=b3b1b2
HistomissWU24_CP069109	1396489	1400000	HistocapCB174_6	4312858	4309347	color=b3b1b2
HistomissWU24_CP069109	2663824	2667290	HistocapCB174_6	3255893	3252427	color=b3b1b2
HistomissWU24_CP069109	502301	505760	HistocapCB174_6	5041980	5038521	color=b3b1b2
HistomissWU24_CP069109	3826637	3830077	HistocapCB174_6	2043005	2039565	color=b3b1b2
HistomissWU24_CP069109	2607218	2610642	HistocapCB174_6	3311931	3308507	color=b3b1b2
HistomissWU24_CP069109	3902561	3905975	HistocapCB174_6	1965460	1962042	color=b3b1b2
HistomissWU24_CP069109	1144372	1147756	HistocapCB174_6	4559835	4556449	color=b3b1b2
HistomissWU24_CP069109	6013004	6016379	HistocapCB174_6	312253	308878	color=b3b1b2
HistomissWU24_CP069109	4708946	4712311	HistocapCB174_6	1241242	1237877	color=b3b1b2
HistomissWU24_CP069109	4533059	4536379	HistocapCB174_6	1415336	1412016	color=b3b1b2
HistomissWU24_CP069109	380982	384287	HistocapCB174_6	971789	968484	color=b3b1b2
HistomissWU24_CP069109	6043723	6046999	HistocapCB174_6	273429	270153	color=b3b1b2
HistomissWU24_CP069109	2644469	2647739	HistocapCB174_6	3275541	3272271	color=b3b1b2
HistomissWU24_CP069109	2077822	2081041	HistocapCB174_6	3742178	3738959	color=b3b1b2
HistomissWU24_CP069109	649925	653135	HistocapCB174_6	4970219	4967007	color=b3b1b2
HistomissWU24_CP069109	1170244	1173449	HistocapCB174_6	4540397	4537192	color=b3b1b2
HistomissWU24_CP069109	5342148	5345348	HistocapCB174_6	664638	661438	color=b3b1b2
HistomissWU24_CP069109	4460964	4464154	HistocapCB174_6	1486057	1482867	color=b3b1b2
HistomissWU24_CP069109	5844449	5847630	HistocapCB174_6	467749	464568	color=b3b1b2
HistomissWU24_CP069109	2279208	2282371	HistocapCB174_6	3586027	3582864	color=b3b1b2
HistomissWU24_CP069109	655570	658723	HistocapCB174_6	4964433	4961280	color=b3b1b2
HistomissWU24_CP069109	5645680	5648827	HistocapCB174_6	1003177	1006325	color=b3b1b2
HistomissWU24_CP069109	5263730	5266866	HistocapCB174_6	757064	753928	color=b3b1b2
HistomissWU24_CP069109	181196	184326	HistocapCB174_6	5252786	5249656	color=b3b1b2
HistomissWU24_CP069109	2523813	2526940	HistocapCB174_6	3372791	3369664	color=b3b1b2
HistomissWU24_CP069109	2759367	2762463	HistocapCB174_6	3160644	3157548	color=b3b1b2
HistomissWU24_CP069109	3934510	3937595	HistocapCB174_6	1933894	1930809	color=b3b1b2
HistomissWU24_CP069109	3071453	3074525	HistocapCB174_6	1600620	1597549	color=b3b1b2
HistomissWU24_CP069109	4396385	4399456	HistocapCB174_6	1521886	1518815	color=b3b1b2
HistomissWU24_CP069109	3253157	3256227	HistocapCB174_6	2694177	2691107	color=b3b1b2
HistomissWU24_CP069109	6375981	6379006	HistocapCB174_6	2677155	2674128	color=b3b1b2
HistomissWU24_CP069109	3794612	3797608	HistocapCB174_6	2073069	2070073	color=b3b1b2
HistomissWU24_CP069109	1251150	1254142	HistocapCB174_6	4457108	4454116	color=b3b1b2
HistomissWU24_CP069109	1510541	1513528	HistocapCB174_6	4220112	4217125	color=b3b1b2
HistomissWU24_CP069109	2003274	2006218	HistocapCB174_6	3761204	3758260	color=b3b1b2
HistomissWU24_CP069109	1626328	1629247	HistocapCB174_6	4120436	4117517	color=b3b1b2
HistomissWU24_CP069109	4220284	4223162	HistocapCB174_6	1679964	1677086	color=b3b1b2
HistomissWU24_CP069109	1173373	1176234	HistocapCB174_6	4536457	4533596	color=b3b1b2
HistomissWU24_CP069109	3706317	3709170	HistocapCB174_6	2134668	2131815	color=b3b1b2
HistomissWU24_CP069109	5283674	5286509	HistocapCB174_6	736662	733827	color=b3b1b2
HistomissWU24_CP069109	4188189	4191018	HistocapCB174_6	1712247	1709417	color=b3b1b2
HistomissWU24_CP069109	5699519	5702348	HistocapCB174_6	3133230	3130401	color=b3b1b2
HistomissWU24_CP069109	879146	881967	HistocapCB174_6	4736601	4733780	color=b3b1b2
HistomissWU24_CP069109	3351372	3354184	HistocapCB174_6	2465939	2463127	color=b3b1b2
HistomissWU24_CP069109	1320015	1322826	HistocapCB174_6	4387460	4384649	color=b3b1b2
HistomissWU24_CP069109	487566	490359	HistocapCB174_6	5056665	5053864	color=b3b1b2
HistomissWU24_CP069109	988340	991100	HistocapCB174_6	3386237	3383511	color=b3b1b2
HistomissWU24_CP069109	6040925	6043677	HistocapCB174_6	276282	273530	color=b3b1b2
HistomissWU24_CP069109	5242543	5245290	HistocapCB174_6	778786	776039	color=b3b1b2
HistomissWU24_CP069109	1843252	1845997	HistocapCB174_6	3896449	3893704	color=b3b1b2
HistomissWU24_CP069109	3484702	3487445	HistocapCB174_6	2342039	2339297	color=b3b1b2
HistomissWU24_CP069109	1360755	1363489	HistocapCB174_6	4348784	4346050	color=b3b1b2
HistomissWU24_CP069109	3509071	3511795	HistocapCB174_6	2304227	2301503	color=b3b1b2
HistomissWU24_CP069109	5864063	5866784	HistocapCB174_6	2648640	2645923	color=b3b1b2
HistomissWU24_CP069109	5292296	5295012	HistocapCB174_6	728779	726063	color=b3b1b2
HistomissWU24_CP069109	391887	394576	HistocapCB174_6	5108042	5105353	color=b3b1b2
HistomissWU24_CP069109	3258892	3261560	HistocapCB174_6	2557508	2554839	color=b3b1b2
HistomissWU24_CP069109	2905731	2908375	HistocapCB174_6	3038684	3036040	color=b3b1b2
HistomissWU24_CP069109	2399827	2402457	HistocapCB174_6	3472010	3474641	color=b3b1b2
HistomissWU24_CP069109	1984781	1987404	HistocapCB174_6	2645649	2648274	color=b3b1b2
HistomissWU24_CP069109	4681170	4683776	HistocapCB174_6	1268957	1266348	color=b3b1b2
HistomissWU24_CP069109	1716970	1719567	HistocapCB174_6	4017238	4014641	color=b3b1b2
HistomissWU24_CP069109	3256257	3258794	HistocapCB174_6	2560146	2557609	color=b3b1b2
HistomissWU24_CP069109	2804565	2807096	HistocapCB174_6	3129419	3126888	color=b3b1b2
HistomissWU24_CP069109	988607	991111	HistocapCB174_6	80916	83352	color=b3b1b2
HistomissWU24_CP069109	1167636	1170131	HistocapCB174_6	4543065	4540570	color=b3b1b2
HistomissWU24_CP069109	1804004	1806494	HistocapCB174_6	3930501	3928011	color=b3b1b2
HistomissWU24_CP069109	1461686	1464165	HistocapCB174_6	4268960	4266481	color=b3b1b2
HistomissWU24_CP069109	766691	769109	HistocapCB174_6	4859322	4856904	color=b3b1b2
HistomissWU24_CP069109	1663305	1665715	HistocapCB174_6	4071210	4068800	color=b3b1b2
HistomissWU24_CP069109	5584084	5586482	HistocapCB174_6	196109	198493	color=b3b1b2
HistomissWU24_CP069109	2530914	2533310	HistocapCB174_6	3365450	3363054	color=b3b1b2
HistomissWU24_CP069109	1617618	1619999	HistocapCB174_6	4129561	4127180	color=b3b1b2
HistomissWU24_CP069109	653171	655543	HistocapCB174_6	4966906	4964534	color=b3b1b2
HistomissWU24_CP069109	2376144	2378502	HistocapCB174_6	3486007	3483645	color=b3b1b2
HistomissWU24_CP069109	983854	986210	HistocapCB174_6	2648274	2645923	color=b3b1b2
HistomissWU24_CP069109	3482355	3484710	HistocapCB174_6	2345821	2343466	color=b3b1b2
HistomissWU24_CP069109	1088508	1090861	HistocapCB174_6	2648274	2645923	color=b3b1b2
HistomissWU24_CP069109	959181	961527	HistocapCB174_6	4706164	4708510	color=b3b1b2
HistomissWU24_CP069109	1550679	1553024	HistocapCB174_6	4196915	4194567	color=b3b1b2
HistomissWU24_CP069109	378772	381107	HistocapCB174_6	5117340	5115005	color=b3b1b2
HistomissWU24_CP069109	1638526	1640860	HistocapCB174_6	4107976	4105642	color=b3b1b2
HistomissWU24_CP069109	3285747	3288077	HistocapCB174_6	2532531	2530201	color=b3b1b2
HistomissWU24_CP069109	727403	729731	HistocapCB174_6	4898942	4896614	color=b3b1b2
HistomissWU24_CP069109	5332520	5334831	HistocapCB174_6	674159	671848	color=b3b1b2
HistomissWU24_CP069109	1261411	1263715	HistocapCB174_6	4446719	4444415	color=b3b1b2
HistomissWU24_CP069109	5768991	5771285	HistocapCB174_6	565073	562779	color=b3b1b2
HistomissWU24_CP069109	4150596	4152874	HistocapCB174_6	1750089	1747811	color=b3b1b2
HistomissWU24_CP069109	2580433	2582702	HistocapCB174_6	3335127	3332858	color=b3b1b2
HistomissWU24_CP069109	2965593	2967859	HistocapCB174_6	2986135	2983869	color=b3b1b2
HistomissWU24_CP069109	692696	694957	HistocapCB174_6	4931665	4929404	color=b3b1b2
HistomissWU24_CP069109	1929286	1931500	HistocapCB174_6	3809789	3807575	color=b3b1b2
HistomissWU24_CP069109	1976593	1978787	HistocapCB174_6	3778498	3776304	color=b3b1b2
HistomissWU24_CP069109	499457	501645	HistocapCB174_6	5044269	5042081	color=b3b1b2
HistomissWU24_CP069109	5335180	5337362	HistocapCB174_6	671747	669565	color=b3b1b2
HistomissWU24_CP069109	1269303	1271475	HistocapCB174_6	4438878	4436706	color=b3b1b2
HistomissWU24_CP069109	2868691	2870860	HistocapCB174_6	3074814	3072645	color=b3b1b2
HistomissWU24_CP069109	3321465	3323631	HistocapCB174_6	2496364	2494198	color=b3b1b2
HistomissWU24_CP069109	2397650	2399814	HistocapCB174_6	3469745	3471909	color=b3b1b2
HistomissWU24_CP069109	2417757	2419912	HistocapCB174_6	3454947	3452792	color=b3b1b2
HistomissWU24_CP069109	5575222	5577376	HistocapCB174_6	986071	988224	color=b3b1b2
HistomissWU24_CP069109	6034199	6036348	HistocapCB174_6	282804	280655	color=b3b1b2
HistomissWU24_CP069109	490410	492554	HistocapCB174_6	5053763	5051622	color=b3b1b2
HistomissWU24_CP069109	4027048	4029188	HistocapCB174_6	1871468	1869328	color=b3b1b2
HistomissWU24_CP069109	5978137	5980270	HistocapCB174_6	346938	344805	color=b3b1b2
HistomissWU24_CP069109	1745625	1747730	HistocapCB174_6	3988449	3986344	color=b3b1b2
HistomissWU24_CP069109	4399636	4401741	HistocapCB174_6	1518596	1516491	color=b3b1b2
HistomissWU24_CP069109	3091048	3093150	HistocapCB174_6	2867854	2865752	color=b3b1b2
HistomissWU24_CP069109	1354060	1356161	HistocapCB174_6	4355134	4353033	color=b3b1b2
HistomissWU24_CP069109	3115810	3117895	HistocapCB174_6	2837969	2835884	color=b3b1b2
HistomissWU24_CP069109	1604831	1606873	HistocapCB174_6	4142502	4140449	color=b3b1b2
HistomissWU24_CP069109	2412228	2414267	HistocapCB174_6	3458487	3456448	color=b3b1b2
HistomissWU24_CP069109	6036369	6038405	HistocapCB174_6	280493	278457	color=b3b1b2
HistomissWU24_CP069109	5584184	5586203	HistocapCB174_6	452123	454132	color=b3b1b2
HistomissWU24_CP069109	5196152	5198162	HistocapCB174_6	820424	818414	color=b3b1b2
HistomissWU24_CP069109	1520440	1522446	HistocapCB174_6	454132	452123	color=b3b1b2
HistomissWU24_CP069109	4821332	4823291	HistocapCB174_6	1156811	1154847	color=b3b1b2
HistomissWU24_CP069109	3586745	3588683	HistocapCB174_6	2209567	2207629	color=b3b1b2
HistomissWU24_CP069109	1568673	1570605	HistocapCB174_6	4179120	4177188	color=b3b1b2
HistomissWU24_CP069109	3986736	3988655	HistocapCB174_6	1911940	1910021	color=b3b1b2
HistomissWU24_CP069109	3993768	3995681	HistocapCB174_6	1904739	1902826	color=b3b1b2
HistomissWU24_CP069109	2217410	2219321	HistocapCB174_6	3642210	3640299	color=b3b1b2
HistomissWU24_CP069109	829825	831733	HistocapCB174_6	4785406	4783497	color=b3b1b2
HistomissWU24_CP069109	4897280	4899178	HistocapCB174_6	1119255	1117357	color=b3b1b2
HistomissWU24_CP069109	6028415	6030308	HistocapCB174_6	290894	289001	color=b3b1b2
HistomissWU24_CP069109	2142484	2144368	HistocapCB174_6	3672766	3670885	color=b3b1b2
HistomissWU24_CP069109	3674660	3676526	HistocapCB174_6	2161764	2159898	color=b3b1b2
HistomissWU24_CP069109	5257450	5259307	HistocapCB174_6	763508	761651	color=b3b1b2
HistomissWU24_CP069109	3323830	3325682	HistocapCB174_6	2493979	2492127	color=b3b1b2
HistomissWU24_CP069109	5664431	5666281	HistocapCB174_6	580122	581972	color=b3b1b2
HistomissWU24_CP069109	1979193	1981036	HistocapCB174_6	137843	136004	color=b3b1b2
HistomissWU24_CP069109	1886627	1888465	HistocapCB174_6	3853128	3851290	color=b3b1b2
HistomissWU24_CP069109	3093527	3095362	HistocapCB174_6	2865645	2863810	color=b3b1b2
HistomissWU24_CP069109	2604207	2606036	HistocapCB174_6	3313888	3312061	color=b3b1b2
HistomissWU24_CP069109	2000414	2002218	HistocapCB174_6	3764097	3762293	color=b3b1b2
HistomissWU24_CP069109	4869451	4871231	HistocapCB174_6	2283511	2285288	color=b3b1b2
HistomissWU24_CP069109	6010699	6012477	HistocapCB174_6	314267	312489	color=b3b1b2
HistomissWU24_CP069109	902659	904433	HistocapCB174_6	2675758	2673983	color=b3b1b2
HistomissWU24_CP069109	2641789	2643557	HistocapCB174_6	3277675	3275908	color=b3b1b2
HistomissWU24_CP069109	5806094	5807853	HistocapCB174_6	504150	502393	color=b3b1b2
HistomissWU24_CP069109	5887588	5889346	HistocapCB174_6	433096	431338	color=b3b1b2
HistomissWU24_CP069109	6167080	6168826	HistocapCB174_6	163310	161564	color=b3b1b2
HistomissWU24_CP069109	3261396	3263106	HistocapCB174_6	2700238	2701953	color=b3b1b2
HistomissWU24_CP069109	6316021	6317682	HistocapCB174_6	14048	12387	color=b3b1b2
HistomissWU24_CP069109	4712344	4714000	HistocapCB174_6	1237776	1236119	color=b3b1b2
HistomissWU24_CP069109	5063191	5064835	HistocapCB174_6	1043718	1042074	color=b3b1b2
HistomissWU24_CP069109	5737411	5739049	HistocapCB174_6	2863709	2862071	color=b3b1b2
HistomissWU24_CP069109	5345356	5346964	HistocapCB174_6	660576	658968	color=b3b1b2
HistomissWU24_CP069109	377052	378659	HistocapCB174_6	5119166	5117559	color=b3b1b2
HistomissWU24_CP069109	1853314	1854919	HistocapCB174_6	3885970	3884365	color=b3b1b2
HistomissWU24_CP069109	1548954	1550505	HistocapCB174_6	4198678	4197127	color=b3b1b2
HistomissWU24_CP069109	5193955	5195504	HistocapCB174_6	822074	820525	color=b3b1b2
HistomissWU24_CP069109	3283687	3285223	HistocapCB174_6	2534377	2532841	color=b3b1b2
HistomissWU24_CP069109	3251419	3252934	HistocapCB174_6	2695793	2694278	color=b3b1b2
HistomissWU24_CP069109	3937629	3939140	HistocapCB174_6	1930588	1929077	color=b3b1b2
HistomissWU24_CP069109	5866939	5868450	HistocapCB174_6	4962791	4961280	color=b3b1b2
HistomissWU24_CP069109	4129997	4131495	HistocapCB174_6	1770901	1769403	color=b3b1b2
HistomissWU24_CP069109	558190	559676	HistocapCB174_6	3381420	3382904	color=b3b1b2
HistomissWU24_CP069109	209535	211016	HistocapCB174_6	5225410	5223929	color=b3b1b2
HistomissWU24_CP069109	2819527	2821007	HistocapCB174_6	2992894	2994429	color=b3b1b2
HistomissWU24_CP069109	121206	122676	HistocapCB174_6	5297983	5296514	color=b3b1b2
HistomissWU24_CP069109	3792997	3794458	HistocapCB174_6	2074632	2073170	color=b3b1b2
HistomissWU24_CP069109	1801377	1802828	HistocapCB174_6	3933273	3931822	color=b3b1b2
HistomissWU24_CP069109	4408079	4409507	HistocapCB174_6	1510008	1508580	color=b3b1b2
HistomissWU24_CP069109	1851261	1852686	HistocapCB174_6	3888306	3886881	color=b3b1b2
HistomissWU24_CP069109	4683777	4685191	HistocapCB174_6	1265818	1264404	color=b3b1b2
HistomissWU24_CP069109	1158289	1159685	HistocapCB174_6	4545884	4544488	color=b3b1b2
HistomissWU24_CP069109	6168853	6170241	HistocapCB174_6	161463	160075	color=b3b1b2
HistomissWU24_CP069109	2862579	2863959	HistocapCB174_6	3080496	3079116	color=b3b1b2
HistomissWU24_CP069109	4005511	4006883	HistocapCB174_6	1892893	1891521	color=b3b1b2
HistomissWU24_CP069109	211053	212421	HistocapCB174_6	5223828	5222460	color=b3b1b2
HistomissWU24_CP069109	3079610	3080975	HistocapCB174_6	2878885	2877520	color=b3b1b2
HistomissWU24_CP069109	1363525	1364884	HistocapCB174_6	4345949	4344596	color=b3b1b2
HistomissWU24_CP069109	3331253	3332574	HistocapCB174_6	2486449	2485128	color=b3b1b2
HistomissWU24_CP069109	3742506	3743821	HistocapCB174_6	2125479	2124165	color=b3b1b2
HistomissWU24_CP069109	1767461	1768768	HistocapCB174_6	2617511	2618813	color=b3b1b2
HistomissWU24_CP069109	2431569	2432873	HistocapCB174_6	3441126	3439822	color=b3b1b2
HistomissWU24_CP069109	2602784	2604088	HistocapCB174_6	3315293	3313989	color=b3b1b2
HistomissWU24_CP069109	2414421	2415720	HistocapCB174_6	3456347	3455048	color=b3b1b2
HistomissWU24_CP069109	877813	879111	HistocapCB174_6	4738001	4736702	color=b3b1b2
HistomissWU24_CP069109	4706864	4708159	HistocapCB174_6	1243434	1242133	color=b3b1b2
HistomissWU24_CP069109	2596556	2597842	HistocapCB174_6	3318910	3317624	color=b3b1b2
HistomissWU24_CP069109	1624937	1626188	HistocapCB174_6	4121799	4120547	color=b3b1b2
HistomissWU24_CP069109	122679	123929	HistocapCB174_6	5296356	5295106	color=b3b1b2
HistomissWU24_CP069109	5454127	5455371	HistocapCB174_6	870211	871455	color=b3b1b2
HistomissWU24_CP069109	2250068	2251310	HistocapCB174_6	2941795	2943033	color=b3b1b2
HistomissWU24_CP069109	2599402	2600642	HistocapCB174_6	3316634	3315394	color=b3b1b2
HistomissWU24_CP069109	4881577	4882816	HistocapCB174_6	2631671	2632891	color=b3b1b2
HistomissWU24_CP069109	1765308	1766536	HistocapCB174_6	2614264	2615481	color=b3b1b2
HistomissWU24_CP069109	4194450	4195660	HistocapCB174_6	1705439	1704230	color=b3b1b2
HistomissWU24_CP069109	1931424	1932608	HistocapCB174_6	897488	898673	color=b3b1b2
HistomissWU24_CP069109	4879504	4880687	HistocapCB174_6	3134514	3133331	color=b3b1b2
HistomissWU24_CP069109	5698949	5700132	HistocapCB174_6	3134514	3133331	color=b3b1b2
HistomissWU24_CP069109	1874441	1875622	HistocapCB174_6	3867888	3866707	color=b3b1b2
HistomissWU24_CP069109	3685078	3686258	HistocapCB174_6	2151185	2150005	color=b3b1b2
HistomissWU24_CP069109	631307	632484	HistocapCB174_6	898673	897487	color=b3b1b2
HistomissWU24_CP069109	2249900	2251074	HistocapCB174_6	452959	454132	color=b3b1b2
HistomissWU24_CP069109	1521983	1523154	HistocapCB174_6	5261929	5263097	color=b3b1b2
HistomissWU24_CP069109	70331	71502	HistocapCB174_6	5261929	5263097	color=b3b1b2
HistomissWU24_CP069109	4149340	4150510	HistocapCB174_6	1751494	1750324	color=b3b1b2
HistomissWU24_CP069109	901475	902637	HistocapCB174_6	2677060	2675895	color=b3b1b2
HistomissWU24_CP069109	6365354	6366512	HistocapCB174_6	898673	897511	color=b3b1b2
HistomissWU24_CP069109	4644985	4646141	HistocapCB174_6	1302675	1301521	color=b3b1b2
HistomissWU24_CP069109	6191065	6192216	HistocapCB174_6	134307	133156	color=b3b1b2
HistomissWU24_CP069109	336244	337374	HistocapCB174_6	452412	453543	color=b3b1b2
HistomissWU24_CP069109	2772525	2773645	HistocapCB174_6	3147255	3146135	color=b3b1b2
HistomissWU24_CP069109	3000731	3001843	HistocapCB174_6	2951437	2950325	color=b3b1b2
HistomissWU24_CP069109	1802921	1804030	HistocapCB174_6	3931711	3930602	color=b3b1b2
HistomissWU24_CP069109	1830248	1831347	HistocapCB174_6	136004	137102	color=b3b1b2
HistomissWU24_CP069109	5081933	5083030	HistocapCB174_6	1024475	1023378	color=b3b1b2
HistomissWU24_CP069109	648715	649810	HistocapCB174_6	4971529	4970436	color=b3b1b2
HistomissWU24_CP069109	5847821	5848912	HistocapCB174_6	464467	463376	color=b3b1b2
HistomissWU24_CP069109	513371	514454	HistocapCB174_6	5032828	5031745	color=b3b1b2
HistomissWU24_CP069109	5539169	5540244	HistocapCB174_6	946785	947860	color=b3b1b2
HistomissWU24_CP069109	2006252	2007314	HistocapCB174_6	3758159	3757097	color=b3b1b2
HistomissWU24_CP069109	2784673	2785735	HistocapCB174_6	1763593	1764649	color=b3b1b2
HistomissWU24_CP069109	5843373	5844414	HistocapCB174_6	468992	467952	color=b3b1b2
HistomissWU24_CP069109	5080901	5081940	HistocapCB174_6	1025916	1024877	color=b3b1b2
HistomissWU24_CP069109	6039579	6040613	HistocapCB174_6	277417	276383	color=b3b1b2
HistomissWU24_CP069109	4060252	4061269	HistocapCB174_6	1839545	1838528	color=b3b1b2
HistomissWU24_CP069109	893945	894957	HistocapCB174_6	4721602	4720588	color=b3b1b2
HistomissWU24_CP069109	493525	494528	HistocapCB174_6	5050394	5049390	color=b3b1b2
