HistocapHCH143_2	2574989	2603981	HistoohiSECH98_2	2302887	2331971	color=b3b1b2
HistocapHCH143_2	2850233	2872842	HistoohiSECH98_2	2607263	2629864	color=b3b1b2
HistocapHCH143_2	2674223	2696484	HistoohiSECH98_2	2444500	2466749	color=b3b1b2
HistocapHCH143_2	3127925	3148050	HistoohiSECH98_2	2858067	2878198	color=b3b1b2
HistocapHCH143_2	634745	652426	HistoohiSECH98_2	563666	581360	color=b3b1b2
HistocapHCH143_2	484765	501892	HistoohiSECH98_2	485564	502761	color=b3b1b2
HistocapHCH143_2	3743806	3760726	HistoohiSECH98_2	3369930	3386972	color=b3b1b2
HistocapHCH143_2	1621578	1637695	HistoohiSECH98_2	1474708	1490871	color=b3b1b2
HistocapHCH143_2	1147214	1162929	HistoohiSECH98_2	1027800	1043786	color=b3b1b2
HistocapHCH143_2	4725968	4741268	HistoohiSECH98_2	4298557	4313998	color=b3b1b2
HistocapHCH143_2	2548162	2563428	HistoohiSECH98_2	2276594	2291836	color=b3b1b2
HistocapHCH143_2	3955042	3970271	HistoohiSECH98_2	3589347	3604599	color=b3b1b2
HistocapHCH143_2	1260460	1275582	HistoohiSECH98_2	1142782	1157925	color=b3b1b2
HistocapHCH143_2	3270511	3285559	HistoohiSECH98_2	3018513	3033580	color=b3b1b2
HistocapHCH143_2	4096185	4111186	HistoohiSECH98_2	3714939	3729997	color=b3b1b2
HistocapHCH143_2	4160722	4175718	HistoohiSECH98_2	3787222	3802278	color=b3b1b2
HistocapHCH143_2	693672	708534	HistoohiSECH98_2	628938	643879	color=b3b1b2
HistocapHCH143_2	1527544	1542335	HistoohiSECH98_2	1425575	1440415	color=b3b1b2
HistocapHCH143_2	1221217	1235880	HistoohiSECH98_2	1104778	1119402	color=b3b1b2
HistocapHCH143_2	5238829	5253169	HistoohiSECH98_2	4720548	4734864	color=b3b1b2
HistocapHCH143_2	5277466	5291530	HistoohiSECH98_2	4749862	4764076	color=b3b1b2
HistocapHCH143_2	1295131	1308959	HistoohiSECH98_2	1185122	1198870	color=b3b1b2
HistocapHCH143_2	3720744	3734461	HistoohiSECH98_2	3016736	3003141	color=b3b1b2
HistocapHCH143_2	4186414	4200027	HistoohiSECH98_2	3422486	3408824	color=b3b1b2
HistocapHCH143_2	1495220	1508828	HistoohiSECH98_2	1391308	1404921	color=b3b1b2
HistocapHCH143_2	219035	232433	HistoohiSECH98_2	243142	256597	color=b3b1b2
HistocapHCH143_2	4499251	4512533	HistoohiSECH98_2	4086482	4099696	color=b3b1b2
HistocapHCH143_2	3464662	3477871	HistoohiSECH98_2	3193504	3206745	color=b3b1b2
HistocapHCH143_2	2514971	2528131	HistoohiSECH98_2	2244109	2257265	color=b3b1b2
HistocapHCH143_2	3172385	3185530	HistoohiSECH98_2	2901842	2914960	color=b3b1b2
HistocapHCH143_2	1396537	1409510	HistoohiSECH98_2	1291932	1304855	color=b3b1b2
HistocapHCH143_2	1646850	1659722	HistoohiSECH98_2	1500462	1513320	color=b3b1b2
HistocapHCH143_2	1749410	1762263	HistoohiSECH98_2	1613415	1626401	color=b3b1b2
HistocapHCH143_2	1007562	1020392	HistoohiSECH98_2	900343	913220	color=b3b1b2
HistocapHCH143_2	586391	598978	HistoohiSECH98_2	544744	557315	color=b3b1b2
HistocapHCH143_2	4652830	4665256	HistoohiSECH98_2	4226105	4238516	color=b3b1b2
HistocapHCH143_2	2956351	2968696	HistoohiSECH98_2	2693125	2705557	color=b3b1b2
HistocapHCH143_2	4704286	4716585	HistoohiSECH98_2	4275164	4287562	color=b3b1b2
HistocapHCH143_2	4839349	4851636	HistoohiSECH98_2	4405359	4417662	color=b3b1b2
HistocapHCH143_2	5134559	5146685	HistoohiSECH98_2	4625200	4637510	color=b3b1b2
HistocapHCH143_2	5336228	5348344	HistoohiSECH98_2	4819767	4831892	color=b3b1b2
HistocapHCH143_2	400031	412146	HistoohiSECH98_2	397529	409667	color=b3b1b2
HistocapHCH143_2	3296988	3309016	HistoohiSECH98_2	3059442	3071630	color=b3b1b2
HistocapHCH143_2	413784	425702	HistoohiSECH98_2	411604	423560	color=b3b1b2
HistocapHCH143_2	4820795	4832645	HistoohiSECH98_2	4380542	4392439	color=b3b1b2
HistocapHCH143_2	1344971	1356809	HistoohiSECH98_2	1242363	1254285	color=b3b1b2
HistocapHCH143_2	1445380	1457122	HistoohiSECH98_2	1338523	1350281	color=b3b1b2
HistocapHCH143_2	3708866	3720569	HistoohiSECH98_2	3351263	3362974	color=b3b1b2
HistocapHCH143_2	931002	942687	HistoohiSECH98_2	822841	834622	color=b3b1b2
HistocapHCH143_2	4111379	4123018	HistoohiSECH98_2	3730238	3741717	color=b3b1b2
HistocapHCH143_2	3938280	3949849	HistoohiSECH98_2	3568105	3579702	color=b3b1b2
HistocapHCH143_2	1784044	1795573	HistoohiSECH98_2	1633782	1645291	color=b3b1b2
HistocapHCH143_2	1384714	1396215	HistoohiSECH98_2	1280595	1292001	color=b3b1b2
HistocapHCH143_2	2144569	2156033	HistoohiSECH98_2	1972259	1983831	color=b3b1b2
HistocapHCH143_2	2815266	2826693	HistoohiSECH98_2	2546712	2558080	color=b3b1b2
HistocapHCH143_2	5189476	5200853	HistoohiSECH98_2	1730061	1741569	color=b3b1b2
HistocapHCH143_2	4665257	4676628	HistoohiSECH98_2	4238638	4250058	color=b3b1b2
HistocapHCH143_2	3259119	3270412	HistoohiSECH98_2	2988397	2999713	color=b3b1b2
HistocapHCH143_2	5093335	5104576	HistoohiSECH98_2	4585255	4596572	color=b3b1b2
HistocapHCH143_2	505249	516484	HistoohiSECH98_2	505502	516729	color=b3b1b2
HistocapHCH143_2	793962	805087	HistoohiSECH98_2	671293	682486	color=b3b1b2
HistocapHCH143_2	5535137	5546164	HistoohiSECH98_2	4934760	4945797	color=b3b1b2
HistocapHCH143_2	3309584	3320540	HistoohiSECH98_2	3044737	3055599	color=b3b1b2
HistocapHCH143_2	134820	145774	HistoohiSECH98_2	138341	149383	color=b3b1b2
HistocapHCH143_2	963929	974843	HistoohiSECH98_2	858008	869042	color=b3b1b2
HistocapHCH143_2	1315158	1326048	HistoohiSECH98_2	1205712	1216648	color=b3b1b2
HistocapHCH143_2	1362839	1373714	HistoohiSECH98_2	1260938	1271887	color=b3b1b2
HistocapHCH143_2	5209799	5220629	HistoohiSECH98_2	4689066	4699935	color=b3b1b2
HistocapHCH143_2	4795062	4805687	HistoohiSECH98_2	4354295	4364947	color=b3b1b2
HistocapHCH143_2	2389433	2399979	HistoohiSECH98_2	2169014	2179624	color=b3b1b2
HistocapHCH143_2	2374987	2385501	HistoohiSECH98_2	2154837	2165546	color=b3b1b2
HistocapHCH143_2	807019	817480	HistoohiSECH98_2	684465	694977	color=b3b1b2
HistocapHCH143_2	2883227	2893685	HistoohiSECH98_2	2640574	2651040	color=b3b1b2
HistocapHCH143_2	3442711	3453123	HistoohiSECH98_2	3171834	3182344	color=b3b1b2
HistocapHCH143_2	5552569	5562881	HistoohiSECH98_2	5005533	5016129	color=b3b1b2
HistocapHCH143_2	2564269	2574550	HistoohiSECH98_2	2292236	2302471	color=b3b1b2
HistocapHCH143_2	5163422	5173660	HistoohiSECH98_2	4654001	4664307	color=b3b1b2
HistocapHCH143_2	1596191	1606403	HistoohiSECH98_2	1447227	1457527	color=b3b1b2
HistocapHCH143_2	2031461	2041641	HistoohiSECH98_2	1838512	1848808	color=b3b1b2
HistocapHCH143_2	2271635	2281750	HistoohiSECH98_2	2050067	2060167	color=b3b1b2
HistocapHCH143_2	2133932	2144030	HistoohiSECH98_2	1955422	1965458	color=b3b1b2
HistocapHCH143_2	4917894	4927936	HistoohiSECH98_2	4462265	4472288	color=b3b1b2
HistocapHCH143_2	3345624	3355660	HistoohiSECH98_2	3091491	3101435	color=b3b1b2
HistocapHCH143_2	4150701	4160728	HistoohiSECH98_2	3773198	3783442	color=b3b1b2
HistocapHCH143_2	4810681	4820630	HistoohiSECH98_2	4370167	4380048	color=b3b1b2
HistocapHCH143_2	5579930	5589738	HistoohiSECH98_2	5033422	5043306	color=b3b1b2
HistocapHCH143_2	4851777	4861544	HistoohiSECH98_2	4417834	4427561	color=b3b1b2
HistocapHCH143_2	2991701	3001358	HistoohiSECH98_2	2724995	2734759	color=b3b1b2
HistocapHCH143_2	451261	460912	HistoohiSECH98_2	449047	458717	color=b3b1b2
HistocapHCH143_2	5055097	5064730	HistoohiSECH98_2	4539878	4549556	color=b3b1b2
HistocapHCH143_2	4785347	4794888	HistoohiSECH98_2	4344560	4354092	color=b3b1b2
HistocapHCH143_2	3331229	3340749	HistoohiSECH98_2	3077069	3086595	color=b3b1b2
HistocapHCH143_2	4086725	4096182	HistoohiSECH98_2	3704155	3713683	color=b3b1b2
HistocapHCH143_2	2696584	2706029	HistoohiSECH98_2	2467547	2476975	color=b3b1b2
HistocapHCH143_2	2070474	2079836	HistoohiSECH98_2	1876681	1886033	color=b3b1b2
HistocapHCH143_2	4257865	4267226	HistoohiSECH98_2	3862443	3871807	color=b3b1b2
HistocapHCH143_2	4643202	4652514	HistoohiSECH98_2	4216714	4226110	color=b3b1b2
HistocapHCH143_2	3057178	3066411	HistoohiSECH98_2	2794916	2804172	color=b3b1b2
HistocapHCH143_2	4435966	4445138	HistoohiSECH98_2	3993125	4002243	color=b3b1b2
HistocapHCH143_2	4477273	4486401	HistoohiSECH98_2	4064297	4073485	color=b3b1b2
HistocapHCH143_2	5104575	5113640	HistoohiSECH98_2	4600160	4609126	color=b3b1b2
HistocapHCH143_2	2829277	2838238	HistoohiSECH98_2	2560795	2569750	color=b3b1b2
HistocapHCH143_2	5011202	5020025	HistoohiSECH98_2	4500072	4508779	color=b3b1b2
HistocapHCH143_2	845061	853883	HistoohiSECH98_2	728219	737061	color=b3b1b2
HistocapHCH143_2	3805843	3814645	HistoohiSECH98_2	3462798	3471629	color=b3b1b2
HistocapHCH143_2	5479735	5488535	HistoohiSECH98_2	4893611	4902400	color=b3b1b2
HistocapHCH143_2	1606627	1615415	HistoohiSECH98_2	1457579	1466358	color=b3b1b2
HistocapHCH143_2	78975	87743	HistoohiSECH98_2	85802	94584	color=b3b1b2
HistocapHCH143_2	2206709	2215461	HistoohiSECH98_2	1992711	2001433	color=b3b1b2
HistocapHCH143_2	5147194	5155841	HistoohiSECH98_2	4637773	4646360	color=b3b1b2
HistocapHCH143_2	1516877	1525462	HistoohiSECH98_2	1412586	1421142	color=b3b1b2
HistocapHCH143_2	998293	1006861	HistoohiSECH98_2	891106	899612	color=b3b1b2
HistocapHCH143_2	2018599	2027116	HistoohiSECH98_2	1825233	1833755	color=b3b1b2
HistocapHCH143_2	193329	201752	HistoohiSECH98_2	201228	209705	color=b3b1b2
HistocapHCH143_2	1457218	1465608	HistoohiSECH98_2	1350150	1358522	color=b3b1b2
HistocapHCH143_2	3868098	3876401	HistoohiSECH98_2	3510021	3518202	color=b3b1b2
HistocapHCH143_2	205151	213443	HistoohiSECH98_2	216370	224679	color=b3b1b2
HistocapHCH143_2	4381934	4390204	HistoohiSECH98_2	3934571	3942833	color=b3b1b2
HistocapHCH143_2	1995709	2003964	HistoohiSECH98_2	1803804	1812015	color=b3b1b2
HistocapHCH143_2	861803	870021	HistoohiSECH98_2	746772	754995	color=b3b1b2
HistocapHCH143_2	4883126	4891301	HistoohiSECH98_2	4440068	4448296	color=b3b1b2
HistocapHCH143_2	2230292	2238431	HistoohiSECH98_2	2017374	2025478	color=b3b1b2
HistocapHCH143_2	4364388	4372489	HistoohiSECH98_2	3915097	3923222	color=b3b1b2
HistocapHCH143_2	821595	829694	HistoohiSECH98_2	700127	708227	color=b3b1b2
HistocapHCH143_2	4606310	4614404	HistoohiSECH98_2	4167905	4176094	color=b3b1b2
HistocapHCH143_2	3591015	3599069	HistoohiSECH98_2	3260192	3268264	color=b3b1b2
HistocapHCH143_2	2735432	2743449	HistoohiSECH98_2	2505250	2513311	color=b3b1b2
HistocapHCH143_2	566259	574269	HistoohiSECH98_2	535957	543905	color=b3b1b2
HistocapHCH143_2	115429	123429	HistoohiSECH98_2	116956	124981	color=b3b1b2
HistocapHCH143_2	4573565	4581555	HistoohiSECH98_2	4134359	4142341	color=b3b1b2
HistocapHCH143_2	2727012	2734933	HistoohiSECH98_2	2496114	2504050	color=b3b1b2
HistocapHCH143_2	5200888	5208789	HistoohiSECH98_2	4680232	4688167	color=b3b1b2
HistocapHCH143_2	1425876	1433760	HistoohiSECH98_2	1321108	1329043	color=b3b1b2
HistocapHCH143_2	5125812	5133687	HistoohiSECH98_2	4616204	4624095	color=b3b1b2
HistocapHCH143_2	4402182	4410039	HistoohiSECH98_2	3955674	3963556	color=b3b1b2
HistocapHCH143_2	4454549	4462404	HistoohiSECH98_2	4040385	4048274	color=b3b1b2
HistocapHCH143_2	1131339	1139143	HistoohiSECH98_2	1011352	1019161	color=b3b1b2
HistocapHCH143_2	3029714	3037494	HistoohiSECH98_2	2763982	2771740	color=b3b1b2
HistocapHCH143_2	430118	437860	HistoohiSECH98_2	429370	437129	color=b3b1b2
HistocapHCH143_2	150449	158094	HistoohiSECH98_2	156481	164123	color=b3b1b2
HistocapHCH143_2	3618706	3626274	HistoohiSECH98_2	3289025	3296598	color=b3b1b2
HistocapHCH143_2	1909601	1917168	HistoohiSECH98_2	1774772	1782403	color=b3b1b2
HistocapHCH143_2	4017062	4024571	HistoohiSECH98_2	3619801	3627357	color=b3b1b2
HistocapHCH143_2	659326	666812	HistoohiSECH98_2	596892	604369	color=b3b1b2
HistocapHCH143_2	1093242	1100714	HistoohiSECH98_2	983549	991030	color=b3b1b2
HistocapHCH143_2	4062205	4069645	HistoohiSECH98_2	3680731	3688181	color=b3b1b2
HistocapHCH143_2	3076488	3083919	HistoohiSECH98_2	2814290	2821648	color=b3b1b2
HistocapHCH143_2	3066597	3073992	HistoohiSECH98_2	2804294	2811690	color=b3b1b2
HistocapHCH143_2	5597533	5604895	HistoohiSECH98_2	5051759	5059113	color=b3b1b2
HistocapHCH143_2	8585	15937	HistoohiSECH98_2	11551	18918	color=b3b1b2
HistocapHCH143_2	773549	780880	HistoohiSECH98_2	647691	654985	color=b3b1b2
HistocapHCH143_2	4741361	4748681	HistoohiSECH98_2	4313998	4321344	color=b3b1b2
HistocapHCH143_2	2528231	2535540	HistoohiSECH98_2	2257138	2264449	color=b3b1b2
HistocapHCH143_2	2984400	2991698	HistoohiSECH98_2	2717499	2724866	color=b3b1b2
HistocapHCH143_2	1210132	1217428	HistoohiSECH98_2	1093072	1100387	color=b3b1b2
HistocapHCH143_2	4863378	4870651	HistoohiSECH98_2	4429309	4436609	color=b3b1b2
HistocapHCH143_2	3165020	3172284	HistoohiSECH98_2	2893240	2900482	color=b3b1b2
HistocapHCH143_2	1435188	1442449	HistoohiSECH98_2	1330382	1337765	color=b3b1b2
HistocapHCH143_2	5313642	5320887	HistoohiSECH98_2	4797322	4804636	color=b3b1b2
HistocapHCH143_2	829840	837081	HistoohiSECH98_2	708653	715839	color=b3b1b2
HistocapHCH143_2	4337395	4344597	HistoohiSECH98_2	3886876	3894085	color=b3b1b2
HistocapHCH143_2	2715975	2723173	HistoohiSECH98_2	2484467	2491576	color=b3b1b2
HistocapHCH143_2	2332512	2339663	HistoohiSECH98_2	2110281	2117443	color=b3b1b2
HistocapHCH143_2	5155841	5162967	HistoohiSECH98_2	4646478	4653617	color=b3b1b2
HistocapHCH143_2	1943100	1950217	HistoohiSECH98_2	1785926	1793034	color=b3b1b2
HistocapHCH143_2	4372497	4379593	HistoohiSECH98_2	3923331	3930427	color=b3b1b2
HistocapHCH143_2	2873430	2880494	HistoohiSECH98_2	2630570	2637639	color=b3b1b2
HistocapHCH143_2	1177551	1184542	HistoohiSECH98_2	1056095	1063079	color=b3b1b2
HistocapHCH143_2	377332	384320	HistoohiSECH98_2	380660	387571	color=b3b1b2
HistocapHCH143_2	1139143	1146111	HistoohiSECH98_2	1019375	1026353	color=b3b1b2
HistocapHCH143_2	4410548	4417509	HistoohiSECH98_2	3964814	3971717	color=b3b1b2
HistocapHCH143_2	1509686	1516633	HistoohiSECH98_2	1404935	1411893	color=b3b1b2
HistocapHCH143_2	2907915	2914859	HistoohiSECH98_2	2673971	2680953	color=b3b1b2
HistocapHCH143_2	837243	844166	HistoohiSECH98_2	715862	722743	color=b3b1b2
HistocapHCH143_2	556614	563523	HistoohiSECH98_2	526232	533219	color=b3b1b2
HistocapHCH143_2	1828670	1835568	HistoohiSECH98_2	1684646	1691508	color=b3b1b2
HistocapHCH143_2	4445483	4452380	HistoohiSECH98_2	4003191	4010105	color=b3b1b2
HistocapHCH143_2	1035032	1041914	HistoohiSECH98_2	926298	933261	color=b3b1b2
HistocapHCH143_2	233341	240206	HistoohiSECH98_2	256967	263794	color=b3b1b2
HistocapHCH143_2	3194007	3200871	HistoohiSECH98_2	2921566	2928420	color=b3b1b2
HistocapHCH143_2	2311877	2318736	HistoohiSECH98_2	2088813	2095692	color=b3b1b2
HistocapHCH143_2	4131212	4138028	HistoohiSECH98_2	3757018	3763867	color=b3b1b2
HistocapHCH143_2	2346362	2353130	HistoohiSECH98_2	2123952	2130638	color=b3b1b2
HistocapHCH143_2	2400169	2406931	HistoohiSECH98_2	2180862	2187605	color=b3b1b2
HistocapHCH143_2	1243132	1249882	HistoohiSECH98_2	1128307	1135097	color=b3b1b2
HistocapHCH143_2	5026925	5033661	HistoohiSECH98_2	4515503	4522357	color=b3b1b2
HistocapHCH143_2	2651065	2657786	HistoohiSECH98_2	2421672	2428401	color=b3b1b2
HistocapHCH143_2	1476660	1483366	HistoohiSECH98_2	1373247	1379937	color=b3b1b2
HistocapHCH143_2	1084758	1091455	HistoohiSECH98_2	973751	980501	color=b3b1b2
HistocapHCH143_2	5352379	5359055	HistoohiSECH98_2	4836470	4843183	color=b3b1b2
HistocapHCH143_2	167187	173829	HistoohiSECH98_2	174680	181352	color=b3b1b2
HistocapHCH143_2	1637764	1644405	HistoohiSECH98_2	1490986	1497652	color=b3b1b2
HistocapHCH143_2	59461	66066	HistoohiSECH98_2	75471	81937	color=b3b1b2
HistocapHCH143_2	2009870	2016461	HistoohiSECH98_2	1818325	1824933	color=b3b1b2
HistocapHCH143_2	5391423	5398008	HistoohiSECH98_2	4876972	4883538	color=b3b1b2
HistocapHCH143_2	4560843	4567399	HistoohiSECH98_2	4121099	4127571	color=b3b1b2
HistocapHCH143_2	1048760	1055247	HistoohiSECH98_2	940462	946982	color=b3b1b2
HistocapHCH143_2	438363	444824	HistoohiSECH98_2	437188	443666	color=b3b1b2
HistocapHCH143_2	1022283	1028732	HistoohiSECH98_2	913447	919836	color=b3b1b2
HistocapHCH143_2	3686957	3693379	HistoohiSECH98_2	3322977	3329409	color=b3b1b2
HistocapHCH143_2	4344814	4351193	HistoohiSECH98_2	3895278	3901634	color=b3b1b2
HistocapHCH143_2	5020043	5026408	HistoohiSECH98_2	4508934	4515273	color=b3b1b2
HistocapHCH143_2	991210	997573	HistoohiSECH98_2	883550	889946	color=b3b1b2
HistocapHCH143_2	2353587	2359945	HistoohiSECH98_2	2131339	2137750	color=b3b1b2
HistocapHCH143_2	2706173	2712509	HistoohiSECH98_2	2477140	2483488	color=b3b1b2
HistocapHCH143_2	5297063	5303380	HistoohiSECH98_2	4769328	4775590	color=b3b1b2
HistocapHCH143_2	125621	131931	HistoohiSECH98_2	127229	133550	color=b3b1b2
HistocapHCH143_2	3605440	3611696	HistoohiSECH98_2	3275691	3281991	color=b3b1b2
HistocapHCH143_2	2339830	2346072	HistoohiSECH98_2	2117594	2123819	color=b3b1b2
HistocapHCH143_2	5384321	5390562	HistoohiSECH98_2	4870087	4876378	color=b3b1b2
HistocapHCH143_2	268927	275134	HistoohiSECH98_2	291482	297660	color=b3b1b2
HistocapHCH143_2	5569428	5575625	HistoohiSECH98_2	5023157	5029296	color=b3b1b2
HistocapHCH143_2	2488939	2495128	HistoohiSECH98_2	2233859	2240071	color=b3b1b2
HistocapHCH143_2	1731296	1737454	HistoohiSECH98_2	1581380	1587514	color=b3b1b2
HistocapHCH143_2	293	6450	HistoohiSECH98_2	3317	9458	color=b3b1b2
HistocapHCH143_2	5361516	5367673	HistoohiSECH98_2	4848618	4854784	color=b3b1b2
HistocapHCH143_2	1677444	1683580	HistoohiSECH98_2	1534625	1540786	color=b3b1b2
HistocapHCH143_2	178435	184566	HistoohiSECH98_2	185563	191712	color=b3b1b2
HistocapHCH143_2	3436454	3442578	HistoohiSECH98_2	3165625	3171729	color=b3b1b2
HistocapHCH143_2	245166	251272	HistoohiSECH98_2	268454	274501	color=b3b1b2
HistocapHCH143_2	886383	892445	HistoohiSECH98_2	771186	777234	color=b3b1b2
HistocapHCH143_2	3899501	3905519	HistoohiSECH98_2	1177090	1183119	color=b3b1b2
HistocapHCH143_2	2839721	2845721	HistoohiSECH98_2	2597840	2603859	color=b3b1b2
HistocapHCH143_2	3678669	3684658	HistoohiSECH98_2	3312940	3318955	color=b3b1b2
HistocapHCH143_2	628719	634706	HistoohiSECH98_2	557477	563504	color=b3b1b2
HistocapHCH143_2	5628406	5634387	HistoohiSECH98_2	5084881	5090878	color=b3b1b2
HistocapHCH143_2	683124	689066	HistoohiSECH98_2	617624	623529	color=b3b1b2
HistocapHCH143_2	4958263	4964202	HistoohiSECH98_2	4479428	4485392	color=b3b1b2
HistocapHCH143_2	5507112	5513043	HistoohiSECH98_2	4920782	4926753	color=b3b1b2
HistocapHCH143_2	3417402	3423303	HistoohiSECH98_2	3148595	3154670	color=b3b1b2
HistocapHCH143_2	3838393	3844260	HistoohiSECH98_2	3497976	3503950	color=b3b1b2
HistocapHCH143_2	2087201	2093066	HistoohiSECH98_2	1895956	1901928	color=b3b1b2
HistocapHCH143_2	3612704	3618569	HistoohiSECH98_2	3283089	3289025	color=b3b1b2
HistocapHCH143_2	1847307	1853153	HistoohiSECH98_2	1704112	1709963	color=b3b1b2
HistocapHCH143_2	2064536	2070371	HistoohiSECH98_2	1870783	1876679	color=b3b1b2
HistocapHCH143_2	3119411	3125237	HistoohiSECH98_2	2846819	2852622	color=b3b1b2
HistocapHCH143_2	1808267	1814082	HistoohiSECH98_2	1658922	1664738	color=b3b1b2
HistocapHCH143_2	516955	522766	HistoohiSECH98_2	517182	522996	color=b3b1b2
HistocapHCH143_2	467695	473498	HistoohiSECH98_2	467712	473467	color=b3b1b2
HistocapHCH143_2	3770671	3776458	HistoohiSECH98_2	3401583	3407378	color=b3b1b2
HistocapHCH143_2	1100963	1106749	HistoohiSECH98_2	991031	996829	color=b3b1b2
HistocapHCH143_2	285403	291186	HistoohiSECH98_2	309426	315282	color=b3b1b2
HistocapHCH143_2	1698431	1704213	HistoohiSECH98_2	1555488	1561226	color=b3b1b2
HistocapHCH143_2	5004726	5010497	HistoohiSECH98_2	4494215	4499999	color=b3b1b2
HistocapHCH143_2	5084811	5090579	HistoohiSECH98_2	4575946	4581659	color=b3b1b2
HistocapHCH143_2	4964494	4970253	HistoohiSECH98_2	4485750	4491500	color=b3b1b2
HistocapHCH143_2	5183237	5188941	HistoohiSECH98_2	4673677	4679325	color=b3b1b2
HistocapHCH143_2	2628761	2634439	HistoohiSECH98_2	2397124	2402857	color=b3b1b2
HistocapHCH143_2	4635567	4641237	HistoohiSECH98_2	4209040	4214672	color=b3b1b2
HistocapHCH143_2	2542441	2548110	HistoohiSECH98_2	2270766	2276411	color=b3b1b2
HistocapHCH143_2	3019754	3025423	HistoohiSECH98_2	2753815	2759538	color=b3b1b2
HistocapHCH143_2	297200	302866	HistoohiSECH98_2	320455	326137	color=b3b1b2
HistocapHCH143_2	1714538	1720191	HistoohiSECH98_2	1562112	1567789	color=b3b1b2
HistocapHCH143_2	2950390	2956041	HistoohiSECH98_2	2687395	2692958	color=b3b1b2
HistocapHCH143_2	2098832	2104459	HistoohiSECH98_2	1914158	1919709	color=b3b1b2
HistocapHCH143_2	3393770	3399383	HistoohiSECH98_2	3136290	3142054	color=b3b1b2
HistocapHCH143_2	3912435	3918010	HistoohiSECH98_2	3544964	3550515	color=b3b1b2
HistocapHCH143_2	1901252	1906802	HistoohiSECH98_2	1766591	1772144	color=b3b1b2
HistocapHCH143_2	954384	959926	HistoohiSECH98_2	849432	854941	color=b3b1b2
HistocapHCH143_2	5372977	5378513	HistoohiSECH98_2	4858711	4864357	color=b3b1b2
HistocapHCH143_2	4512527	4518048	HistoohiSECH98_2	4099862	4105304	color=b3b1b2
HistocapHCH143_2	3827485	3832991	HistoohiSECH98_2	3485949	3491508	color=b3b1b2
HistocapHCH143_2	5076015	5081500	HistoohiSECH98_2	4567526	4573052	color=b3b1b2
HistocapHCH143_2	1356810	1362269	HistoohiSECH98_2	1254465	1259928	color=b3b1b2
HistocapHCH143_2	3906759	3912211	HistoohiSECH98_2	3538464	3543945	color=b3b1b2
HistocapHCH143_2	3736565	3742004	HistoohiSECH98_2	3363505	3368958	color=b3b1b2
HistocapHCH143_2	3113931	3119365	HistoohiSECH98_2	2841139	2846630	color=b3b1b2
HistocapHCH143_2	5605772	5611200	HistoohiSECH98_2	5059837	5065286	color=b3b1b2
HistocapHCH143_2	4024717	4030126	HistoohiSECH98_2	3627502	3632841	color=b3b1b2
HistocapHCH143_2	1688632	1694037	HistoohiSECH98_2	1545487	1550958	color=b3b1b2
HistocapHCH143_2	2288398	2293774	HistoohiSECH98_2	2067450	2072759	color=b3b1b2
HistocapHCH143_2	980632	985972	HistoohiSECH98_2	874525	879866	color=b3b1b2
HistocapHCH143_2	5226635	5231951	HistoohiSECH98_2	4706511	4711835	color=b3b1b2
HistocapHCH143_2	187802	193109	HistoohiSECH98_2	195220	200464	color=b3b1b2
HistocapHCH143_2	5656128	5661413	HistoohiSECH98_2	5102789	5108103	color=b3b1b2
HistocapHCH143_2	1795567	1800844	HistoohiSECH98_2	1648576	1653865	color=b3b1b2
HistocapHCH143_2	2058684	2063960	HistoohiSECH98_2	1863557	1868927	color=b3b1b2
HistocapHCH143_2	1326108	1331379	HistoohiSECH98_2	1216785	1222063	color=b3b1b2
HistocapHCH143_2	873432	878655	HistoohiSECH98_2	759028	764266	color=b3b1b2
HistocapHCH143_2	4201477	4206679	HistoohiSECH98_2	3805520	3810747	color=b3b1b2
HistocapHCH143_2	4177677	4182874	HistoohiSECH98_2	3431297	3426125	color=b3b1b2
HistocapHCH143_2	1721686	1726871	HistoohiSECH98_2	1569680	1574859	color=b3b1b2
HistocapHCH143_2	3007357	3012538	HistoohiSECH98_2	2740536	2745710	color=b3b1b2
HistocapHCH143_2	5291712	5296888	HistoohiSECH98_2	4764091	4769328	color=b3b1b2
HistocapHCH143_2	387448	392616	HistoohiSECH98_2	391104	396275	color=b3b1b2
HistocapHCH143_2	4568321	4573464	HistoohiSECH98_2	4128755	4133935	color=b3b1b2
HistocapHCH143_2	278986	284118	HistoohiSECH98_2	302373	307555	color=b3b1b2
HistocapHCH143_2	3930668	3935800	HistoohiSECH98_2	3560736	3565871	color=b3b1b2
HistocapHCH143_2	2640969	2646093	HistoohiSECH98_2	2409791	2414888	color=b3b1b2
HistocapHCH143_2	2800457	2805580	HistoohiSECH98_2	2532311	2537430	color=b3b1b2
HistocapHCH143_2	5471749	5476869	HistoohiSECH98_2	4885049	4890195	color=b3b1b2
HistocapHCH143_2	3203061	3208172	HistoohiSECH98_2	2930649	2935769	color=b3b1b2
HistocapHCH143_2	3881971	3887071	HistoohiSECH98_2	3523524	3528657	color=b3b1b2
HistocapHCH143_2	2894021	2899113	HistoohiSECH98_2	2655792	2660878	color=b3b1b2
HistocapHCH143_2	394946	400038	HistoohiSECH98_2	21617	26740	color=b3b1b2
HistocapHCH143_2	975188	980247	HistoohiSECH98_2	869308	874393	color=b3b1b2
HistocapHCH143_2	5177725	5182775	HistoohiSECH98_2	4668394	4673448	color=b3b1b2
HistocapHCH143_2	5331088	5336114	HistoohiSECH98_2	4814736	4819759	color=b3b1b2
HistocapHCH143_2	915892	920906	HistoohiSECH98_2	804769	809769	color=b3b1b2
HistocapHCH143_2	4142787	4147799	HistoohiSECH98_2	3767534	3772413	color=b3b1b2
HistocapHCH143_2	854994	860003	HistoohiSECH98_2	739151	744180	color=b3b1b2
HistocapHCH143_2	4493995	4498997	HistoohiSECH98_2	4081188	4086186	color=b3b1b2
HistocapHCH143_2	3876676	3881676	HistoohiSECH98_2	3518561	3523531	color=b3b1b2
HistocapHCH143_2	3530109	3535105	HistoohiSECH98_2	3247249	3252203	color=b3b1b2
HistocapHCH143_2	1859102	1864082	HistoohiSECH98_2	1711048	1716108	color=b3b1b2
HistocapHCH143_2	5615582	5620528	HistoohiSECH98_2	5072171	5077036	color=b3b1b2
HistocapHCH143_2	880723	885664	HistoohiSECH98_2	765289	770304	color=b3b1b2
HistocapHCH143_2	1990457	1995374	HistoohiSECH98_2	1798603	1803521	color=b3b1b2
HistocapHCH143_2	5497502	5502397	HistoohiSECH98_2	4911146	4915984	color=b3b1b2
HistocapHCH143_2	5490413	5495283	HistoohiSECH98_2	4904149	4909012	color=b3b1b2
HistocapHCH143_2	1875263	1880088	HistoohiSECH98_2	1720430	1725193	color=b3b1b2
HistocapHCH143_2	4486742	4491556	HistoohiSECH98_2	4073495	4078328	color=b3b1b2
HistocapHCH143_2	3085376	3090178	HistoohiSECH98_2	2825214	2830003	color=b3b1b2
HistocapHCH143_2	25243	30043	HistoohiSECH98_2	36967	41845	color=b3b1b2
HistocapHCH143_2	3384307	3389103	HistoohiSECH98_2	3126571	3131372	color=b3b1b2
HistocapHCH143_2	4462505	4467299	HistoohiSECH98_2	4048747	4053531	color=b3b1b2
HistocapHCH143_2	4470621	4475398	HistoohiSECH98_2	4057766	4062521	color=b3b1b2
HistocapHCH143_2	4527343	4532107	HistoohiSECH98_2	4110950	4115728	color=b3b1b2
HistocapHCH143_2	4805709	4810463	HistoohiSECH98_2	4365067	4369816	color=b3b1b2
HistocapHCH143_2	4044797	4049534	HistoohiSECH98_2	3663184	3667927	color=b3b1b2
HistocapHCH143_2	3918236	3922954	HistoohiSECH98_2	3551595	3556298	color=b3b1b2
HistocapHCH143_2	4832760	4837471	HistoohiSECH98_2	4392539	4397311	color=b3b1b2
HistocapHCH143_2	1814823	1819525	HistoohiSECH98_2	1668693	1673396	color=b3b1b2
HistocapHCH143_2	5050150	5054838	HistoohiSECH98_2	4535107	4539804	color=b3b1b2
HistocapHCH143_2	4628351	4633012	HistoohiSECH98_2	4192877	4197537	color=b3b1b2
HistocapHCH143_2	5379352	5384011	HistoohiSECH98_2	4865196	4869782	color=b3b1b2
HistocapHCH143_2	1483738	1488394	HistoohiSECH98_2	1381426	1386157	color=b3b1b2
HistocapHCH143_2	1880118	1884762	HistoohiSECH98_2	1725331	1729994	color=b3b1b2
HistocapHCH143_2	446631	451261	HistoohiSECH98_2	444247	448893	color=b3b1b2
HistocapHCH143_2	1836086	1840715	HistoohiSECH98_2	1692474	1697182	color=b3b1b2
HistocapHCH143_2	2657792	2662411	HistoohiSECH98_2	2428503	2433073	color=b3b1b2
HistocapHCH143_2	5502423	5507011	HistoohiSECH98_2	4916136	4920676	color=b3b1b2
HistocapHCH143_2	3599434	3603998	HistoohiSECH98_2	3268743	3273319	color=b3b1b2
HistocapHCH143_2	4521209	4525765	HistoohiSECH98_2	4105782	4110466	color=b3b1b2
HistocapHCH143_2	4039731	4044282	HistoohiSECH98_2	3642473	3647001	color=b3b1b2
HistocapHCH143_2	903091	907639	HistoohiSECH98_2	789727	794262	color=b3b1b2
HistocapHCH143_2	480122	484663	HistoohiSECH98_2	480126	484676	color=b3b1b2
HistocapHCH143_2	2325762	2330300	HistoohiSECH98_2	2102638	2107247	color=b3b1b2
HistocapHCH143_2	4699716	4704217	HistoohiSECH98_2	4270537	4275063	color=b3b1b2
HistocapHCH143_2	5651347	5655840	HistoohiSECH98_2	5098194	5102729	color=b3b1b2
HistocapHCH143_2	5034713	5039195	HistoohiSECH98_2	4522622	4526974	color=b3b1b2
HistocapHCH143_2	365309	369778	HistoohiSECH98_2	363104	367629	color=b3b1b2
HistocapHCH143_2	3523410	3527842	HistoohiSECH98_2	3235160	3239489	color=b3b1b2
HistocapHCH143_2	1028957	1033362	HistoohiSECH98_2	919972	924412	color=b3b1b2
HistocapHCH143_2	2281751	2286142	HistoohiSECH98_2	2060268	2064604	color=b3b1b2
HistocapHCH143_2	2535640	2540008	HistoohiSECH98_2	2264322	2268723	color=b3b1b2
HistocapHCH143_2	1235981	1240345	HistoohiSECH98_2	1119892	1124300	color=b3b1b2
HistocapHCH143_2	3423436	3427772	HistoohiSECH98_2	3154742	3159124	color=b3b1b2
HistocapHCH143_2	3693755	3698091	HistoohiSECH98_2	3329777	3334120	color=b3b1b2
HistocapHCH143_2	678569	682904	HistoohiSECH98_2	612261	616626	color=b3b1b2
HistocapHCH143_2	4073236	4077563	HistoohiSECH98_2	3692606	3697026	color=b3b1b2
HistocapHCH143_2	1726872	1731192	HistoohiSECH98_2	1575038	1579358	color=b3b1b2
HistocapHCH143_2	173930	178247	HistoohiSECH98_2	181226	185555	color=b3b1b2
HistocapHCH143_2	3356535	3360838	HistoohiSECH98_2	3103728	3108045	color=b3b1b2
HistocapHCH143_2	5303530	5307831	HistoohiSECH98_2	4785219	4789530	color=b3b1b2
HistocapHCH143_2	910871	915159	HistoohiSECH98_2	798954	803247	color=b3b1b2
HistocapHCH143_2	1668810	1673096	HistoohiSECH98_2	1523403	1527693	color=b3b1b2
HistocapHCH143_2	3156375	3160647	HistoohiSECH98_2	2886367	2890658	color=b3b1b2
HistocapHCH143_2	4581697	4585969	HistoohiSECH98_2	4142342	4146579	color=b3b1b2
HistocapHCH143_2	1332407	1336658	HistoohiSECH98_2	1223857	1228128	color=b3b1b2
HistocapHCH143_2	4594076	4598324	HistoohiSECH98_2	4155163	4159368	color=b3b1b2
HistocapHCH143_2	4601380	4605618	HistoohiSECH98_2	4162741	4166962	color=b3b1b2
HistocapHCH143_2	2619896	2624125	HistoohiSECH98_2	2382132	2386414	color=b3b1b2
HistocapHCH143_2	5222416	5226639	HistoohiSECH98_2	4702136	4706343	color=b3b1b2
HistocapHCH143_2	3861803	3865990	HistoohiSECH98_2	3504153	3508372	color=b3b1b2
HistocapHCH143_2	2156257	2160441	HistoohiSECH98_2	1983833	1988028	color=b3b1b2
HistocapHCH143_2	1044251	1048428	HistoohiSECH98_2	936350	940520	color=b3b1b2
HistocapHCH143_2	1253707	1257882	HistoohiSECH98_2	1135397	1139584	color=b3b1b2
HistocapHCH143_2	3025370	3029476	HistoohiSECH98_2	2759639	2763748	color=b3b1b2
HistocapHCH143_2	5611378	5615482	HistoohiSECH98_2	5067785	5071905	color=b3b1b2
HistocapHCH143_2	4748903	4753006	HistoohiSECH98_2	4324454	4328553	color=b3b1b2
HistocapHCH143_2	4035298	4039390	HistoohiSECH98_2	3638273	3642305	color=b3b1b2
HistocapHCH143_2	1073511	1077599	HistoohiSECH98_2	961267	965395	color=b3b1b2
HistocapHCH143_2	946111	950192	HistoohiSECH98_2	838921	842997	color=b3b1b2
HistocapHCH143_2	1197108	1201176	HistoohiSECH98_2	1066789	1070872	color=b3b1b2
HistocapHCH143_2	3637718	3641784	HistoohiSECH98_2	3301738	3305876	color=b3b1b2
HistocapHCH143_2	5259641	5263700	HistoohiSECH98_2	4739118	4743180	color=b3b1b2
HistocapHCH143_2	4053903	4057959	HistoohiSECH98_2	3672157	3676220	color=b3b1b2
HistocapHCH143_2	3766422	3770476	HistoohiSECH98_2	3397454	3401490	color=b3b1b2
HistocapHCH143_2	4775183	4779228	HistoohiSECH98_2	4337001	4341033	color=b3b1b2
HistocapHCH143_2	1819534	1823575	HistoohiSECH98_2	1673555	1677666	color=b3b1b2
HistocapHCH143_2	370896	374916	HistoohiSECH98_2	371931	375965	color=b3b1b2
HistocapHCH143_2	4049706	4053720	HistoohiSECH98_2	3668119	3672142	color=b3b1b2
HistocapHCH143_2	2226167	2230172	HistoohiSECH98_2	2013198	2017223	color=b3b1b2
HistocapHCH143_2	1684623	1688624	HistoohiSECH98_2	1541478	1545380	color=b3b1b2
HistocapHCH143_2	3823290	3827264	HistoohiSECH98_2	3482055	3486002	color=b3b1b2
HistocapHCH143_2	3247284	3251255	HistoohiSECH98_2	2955873	2951869	color=b3b1b2
HistocapHCH143_2	2107577	2111537	HistoohiSECH98_2	1924714	1928692	color=b3b1b2
HistocapHCH143_2	4720199	4724143	HistoohiSECH98_2	4292405	4296303	color=b3b1b2
HistocapHCH143_2	107846	111769	HistoohiSECH98_2	111019	114954	color=b3b1b2
HistocapHCH143_2	2219297	2223212	HistoohiSECH98_2	2007425	2011406	color=b3b1b2
HistocapHCH143_2	4928073	4931988	HistoohiSECH98_2	4474467	4478384	color=b3b1b2
HistocapHCH143_2	1415638	1419551	HistoohiSECH98_2	1310430	1314364	color=b3b1b2
HistocapHCH143_2	4235155	4239050	HistoohiSECH98_2	3841998	3845861	color=b3b1b2
HistocapHCH143_2	18347	22240	HistoohiSECH98_2	30031	33945	color=b3b1b2
HistocapHCH143_2	1801179	1805049	HistoohiSECH98_2	1654030	1657897	color=b3b1b2
HistocapHCH143_2	3341651	3345520	HistoohiSECH98_2	3087539	3091358	color=b3b1b2
HistocapHCH143_2	1077723	1081584	HistoohiSECH98_2	966184	970087	color=b3b1b2
HistocapHCH143_2	5513233	5517093	HistoohiSECH98_2	4926949	4930807	color=b3b1b2
HistocapHCH143_2	473660	477509	HistoohiSECH98_2	473353	477271	color=b3b1b2
HistocapHCH143_2	1065418	1069259	HistoohiSECH98_2	951732	955657	color=b3b1b2
HistocapHCH143_2	54912	58749	HistoohiSECH98_2	58963	62794	color=b3b1b2
HistocapHCH143_2	5173760	5177582	HistoohiSECH98_2	4664583	4668392	color=b3b1b2
HistocapHCH143_2	1204279	1208099	HistoohiSECH98_2	1087629	1091432	color=b3b1b2
HistocapHCH143_2	1069528	1073344	HistoohiSECH98_2	955683	959494	color=b3b1b2
HistocapHCH143_2	4058300	4062104	HistoohiSECH98_2	3676333	3680091	color=b3b1b2
HistocapHCH143_2	921976	925761	HistoohiSECH98_2	813171	816959	color=b3b1b2
HistocapHCH143_2	4586285	4590065	HistoohiSECH98_2	4146909	4150668	color=b3b1b2
HistocapHCH143_2	2359937	2363715	HistoohiSECH98_2	2138575	2142238	color=b3b1b2
HistocapHCH143_2	2027338	2031114	HistoohiSECH98_2	1834315	1838074	color=b3b1b2
HistocapHCH143_2	3891925	3895698	HistoohiSECH98_2	3529272	3533021	color=b3b1b2
HistocapHCH143_2	5320905	5324677	HistoohiSECH98_2	4804815	4808613	color=b3b1b2
HistocapHCH143_2	4080028	4083796	HistoohiSECH98_2	3697530	3701349	color=b3b1b2
HistocapHCH143_2	2980538	2984304	HistoohiSECH98_2	2713883	2717630	color=b3b1b2
HistocapHCH143_2	895550	899306	HistoohiSECH98_2	781951	785729	color=b3b1b2
HistocapHCH143_2	4251647	4255395	HistoohiSECH98_2	3858307	3862064	color=b3b1b2
HistocapHCH143_2	4390295	4394041	HistoohiSECH98_2	3942836	3946566	color=b3b1b2
HistocapHCH143_2	275244	278984	HistoohiSECH98_2	298448	302260	color=b3b1b2
HistocapHCH143_2	310463	314199	HistoohiSECH98_2	334521	338356	color=b3b1b2
HistocapHCH143_2	1763572	1767287	HistoohiSECH98_2	1628225	1631977	color=b3b1b2
HistocapHCH143_2	3208643	3212338	HistoohiSECH98_2	2956027	2959719	color=b3b1b2
HistocapHCH143_2	1409736	1413408	HistoohiSECH98_2	1304944	1308624	color=b3b1b2
HistocapHCH143_2	4696073	4699712	HistoohiSECH98_2	4266825	4270409	color=b3b1b2
HistocapHCH143_2	213906	217541	HistoohiSECH98_2	224752	228405	color=b3b1b2
HistocapHCH143_2	2307905	2311538	HistoohiSECH98_2	2085171	2088802	color=b3b1b2
HistocapHCH143_2	4622540	4626168	HistoohiSECH98_2	4186849	4190453	color=b3b1b2
HistocapHCH143_2	1126846	1130472	HistoohiSECH98_2	1006946	1010553	color=b3b1b2
HistocapHCH143_2	1311336	1314946	HistoohiSECH98_2	1201765	1205307	color=b3b1b2
HistocapHCH143_2	257319	260924	HistoohiSECH98_2	280297	283920	color=b3b1b2
HistocapHCH143_2	2662411	2666014	HistoohiSECH98_2	2433699	2437375	color=b3b1b2
HistocapHCH143_2	2321446	2325045	HistoohiSECH98_2	2096244	2099838	color=b3b1b2
HistocapHCH143_2	1118910	1122504	HistoohiSECH98_2	998361	1001962	color=b3b1b2
HistocapHCH143_2	5590078	5593664	HistoohiSECH98_2	5043749	5047293	color=b3b1b2
HistocapHCH143_2	2298336	2301919	HistoohiSECH98_2	2075955	2079553	color=b3b1b2
HistocapHCH143_2	3427992	3431566	HistoohiSECH98_2	3160538	3164081	color=b3b1b2
HistocapHCH143_2	1673571	1677122	HistoohiSECH98_2	1528137	1531729	color=b3b1b2
HistocapHCH143_2	2385618	2389162	HistoohiSECH98_2	2165436	2169008	color=b3b1b2
HistocapHCH143_2	1419552	1423087	HistoohiSECH98_2	1314474	1318016	color=b3b1b2
HistocapHCH143_2	3038594	3042114	HistoohiSECH98_2	2775788	2779254	color=b3b1b2
HistocapHCH143_2	4356000	4359510	HistoohiSECH98_2	3906846	3910300	color=b3b1b2
HistocapHCH143_2	4615896	4619399	HistoohiSECH98_2	4177985	4181453	color=b3b1b2
HistocapHCH143_2	3050693	3054189	HistoohiSECH98_2	2787329	2790910	color=b3b1b2
HistocapHCH143_2	3230619	3234105	HistoohiSECH98_2	2981034	2984519	color=b3b1b2
HistocapHCH143_2	3587141	3590622	HistoohiSECH98_2	3256121	3259595	color=b3b1b2
HistocapHCH143_2	5622876	5626349	HistoohiSECH98_2	5079361	5082850	color=b3b1b2
HistocapHCH143_2	3044055	3047524	HistoohiSECH98_2	2780578	2784098	color=b3b1b2
HistocapHCH143_2	2723247	2726713	HistoohiSECH98_2	2491743	2495286	color=b3b1b2
HistocapHCH143_2	3923199	3926650	HistoohiSECH98_2	3556425	3559878	color=b3b1b2
HistocapHCH143_2	3509841	3513286	HistoohiSECH98_2	3243515	3240118	color=b3b1b2
HistocapHCH143_2	355511	358949	HistoohiSECH98_2	352187	355634	color=b3b1b2
HistocapHCH143_2	4590521	4593953	HistoohiSECH98_2	4150795	4154197	color=b3b1b2
HistocapHCH143_2	2121890	2125316	HistoohiSECH98_2	1940637	1944136	color=b3b1b2
HistocapHCH143_2	4689830	4693245	HistoohiSECH98_2	4256806	4260246	color=b3b1b2
HistocapHCH143_2	655516	658923	HistoohiSECH98_2	592930	596216	color=b3b1b2
HistocapHCH143_2	2130303	2133703	HistoohiSECH98_2	1951789	1955189	color=b3b1b2
HistocapHCH143_2	1373935	1377334	HistoohiSECH98_2	1272504	1275903	color=b3b1b2
HistocapHCH143_2	2743734	2747132	HistoohiSECH98_2	2513472	2516838	color=b3b1b2
HistocapHCH143_2	3514450	3517842	HistoohiSECH98_2	3231150	3234577	color=b3b1b2
HistocapHCH143_2	5069713	5073078	HistoohiSECH98_2	4554918	4558307	color=b3b1b2
HistocapHCH143_2	4240772	4244136	HistoohiSECH98_2	3849549	3852916	color=b3b1b2
HistocapHCH143_2	2118263	2121616	HistoohiSECH98_2	1937057	1940356	color=b3b1b2
HistocapHCH143_2	3802211	3805553	HistoohiSECH98_2	3459284	3462682	color=b3b1b2
HistocapHCH143_2	1288885	1292224	HistoohiSECH98_2	1171841	1175210	color=b3b1b2
HistocapHCH143_2	2647552	2650886	HistoohiSECH98_2	2417637	2420979	color=b3b1b2
HistocapHCH143_2	2366943	2370275	HistoohiSECH98_2	2145868	2149202	color=b3b1b2
HistocapHCH143_2	4898288	4901618	HistoohiSECH98_2	4456684	4459950	color=b3b1b2
HistocapHCH143_2	1694200	1697526	HistoohiSECH98_2	1551604	1554955	color=b3b1b2
HistocapHCH143_2	1950971	1954296	HistoohiSECH98_2	1793910	1797143	color=b3b1b2
HistocapHCH143_2	4220415	4223740	HistoohiSECH98_2	3826236	3829544	color=b3b1b2
HistocapHCH143_2	5638577	5641895	HistoohiSECH98_2	5093340	5096715	color=b3b1b2
HistocapHCH143_2	3239876	3243193	HistoohiSECH98_2	2946846	2943511	color=b3b1b2
HistocapHCH143_2	3481317	3484608	HistoohiSECH98_2	3210628	3213925	color=b3b1b2
HistocapHCH143_2	3376200	3379472	HistoohiSECH98_2	3118216	3121482	color=b3b1b2
HistocapHCH143_2	3503191	3506429	HistoohiSECH98_2	3227178	3230435	color=b3b1b2
HistocapHCH143_2	425689	428922	HistoohiSECH98_2	423758	426947	color=b3b1b2
HistocapHCH143_2	147213	150443	HistoohiSECH98_2	153050	156372	color=b3b1b2
HistocapHCH143_2	2903628	2906851	HistoohiSECH98_2	2668836	2672066	color=b3b1b2
HistocapHCH143_2	3763205	3766419	HistoohiSECH98_2	3394041	3397224	color=b3b1b2
HistocapHCH143_2	5268046	5271258	HistoohiSECH98_2	4746079	4749284	color=b3b1b2
HistocapHCH143_2	4013369	4016580	HistoohiSECH98_2	3615195	3618395	color=b3b1b2
HistocapHCH143_2	3366677	3369883	HistoohiSECH98_2	3114894	3118133	color=b3b1b2
HistocapHCH143_2	5662071	5665277	HistoohiSECH98_2	5108328	5111683	color=b3b1b2
HistocapHCH143_2	1617036	1620240	HistoohiSECH98_2	1469301	1472516	color=b3b1b2
HistocapHCH143_2	2968917	2972121	HistoohiSECH98_2	2705646	2708863	color=b3b1b2
HistocapHCH143_2	1217677	1220880	HistoohiSECH98_2	1100250	1103431	color=b3b1b2
HistocapHCH143_2	2247949	2251141	HistoohiSECH98_2	2035457	2038666	color=b3b1b2
HistocapHCH143_2	1843145	1846330	HistoohiSECH98_2	1699545	1702720	color=b3b1b2
HistocapHCH143_2	1279912	1283071	HistoohiSECH98_2	1161772	1164949	color=b3b1b2
HistocapHCH143_2	2084053	2087200	HistoohiSECH98_2	1892645	1895793	color=b3b1b2
HistocapHCH143_2	950535	953679	HistoohiSECH98_2	846159	849324	color=b3b1b2
HistocapHCH143_2	3951925	3955040	HistoohiSECH98_2	3582113	3585258	color=b3b1b2
HistocapHCH143_2	2363737	2366840	HistoohiSECH98_2	2142392	2145575	color=b3b1b2
HistocapHCH143_2	2080856	2083948	HistoohiSECH98_2	1887423	1890504	color=b3b1b2
HistocapHCH143_2	3634617	3637698	HistoohiSECH98_2	3298539	3301572	color=b3b1b2
HistocapHCH143_2	1939805	1942878	HistoohiSECH98_2	1782569	1785682	color=b3b1b2
HistocapHCH143_2	942788	945859	HistoohiSECH98_2	835541	838668	color=b3b1b2
HistocapHCH143_2	907647	910717	HistoohiSECH98_2	794415	797473	color=b3b1b2
HistocapHCH143_2	1473580	1476606	HistoohiSECH98_2	1370087	1373079	color=b3b1b2
HistocapHCH143_2	384422	387446	HistoohiSECH98_2	387851	390975	color=b3b1b2
HistocapHCH143_2	925983	928961	HistoohiSECH98_2	817060	820048	color=b3b1b2
HistocapHCH143_2	2253136	2256102	HistoohiSECH98_2	2041585	2044518	color=b3b1b2
HistocapHCH143_2	674853	677818	HistoohiSECH98_2	607820	610798	color=b3b1b2
HistocapHCH143_2	4228064	4231025	HistoohiSECH98_2	3834885	3837892	color=b3b1b2
HistocapHCH143_2	3705625	3708584	HistoohiSECH98_2	3348108	3351107	color=b3b1b2
HistocapHCH143_2	2605879	2608801	HistoohiSECH98_2	2367923	2370886	color=b3b1b2
HistocapHCH143_2	2104558	2107474	HistoohiSECH98_2	1920418	1923305	color=b3b1b2
HistocapHCH143_2	240490	243399	HistoohiSECH98_2	264438	267327	color=b3b1b2
HistocapHCH143_2	1185436	1188335	HistoohiSECH98_2	1063521	1066417	color=b3b1b2
HistocapHCH143_2	1745860	1748758	HistoohiSECH98_2	1610010	1612934	color=b3b1b2
HistocapHCH143_2	5576256	5579151	HistoohiSECH98_2	5029756	5032624	color=b3b1b2
HistocapHCH143_2	5327483	5330375	HistoohiSECH98_2	4811563	4814437	color=b3b1b2
HistocapHCH143_2	5264706	5267568	HistoohiSECH98_2	4743203	4746068	color=b3b1b2
HistocapHCH143_2	4880265	4883123	HistoohiSECH98_2	4437099	4439965	color=b3b1b2
HistocapHCH143_2	2302248	2305099	HistoohiSECH98_2	2079854	2082708	color=b3b1b2
HistocapHCH143_2	1578875	1581720	HistoohiSECH98_2	1440523	1443355	color=b3b1b2
HistocapHCH143_2	2613615	2616449	HistoohiSECH98_2	2374507	2377318	color=b3b1b2
HistocapHCH143_2	3215539	3218361	HistoohiSECH98_2	2963858	2966724	color=b3b1b2
HistocapHCH143_2	4267622	4270444	HistoohiSECH98_2	3875034	3877856	color=b3b1b2
HistocapHCH143_2	1825069	1827877	HistoohiSECH98_2	1680801	1683646	color=b3b1b2
HistocapHCH143_2	2053196	2056001	HistoohiSECH98_2	1858555	1861358	color=b3b1b2
HistocapHCH143_2	3389105	3391896	HistoohiSECH98_2	3131517	3134309	color=b3b1b2
HistocapHCH143_2	3698314	3701090	HistoohiSECH98_2	3334506	3337297	color=b3b1b2
HistocapHCH143_2	4123018	4125781	HistoohiSECH98_2	3741875	3744650	color=b3b1b2
HistocapHCH143_2	359480	362238	HistoohiSECH98_2	356069	358806	color=b3b1b2
HistocapHCH143_2	1423114	1425870	HistoohiSECH98_2	1318186	1321003	color=b3b1b2
HistocapHCH143_2	3320877	3323617	HistoohiSECH98_2	3055777	3058544	color=b3b1b2
HistocapHCH143_2	3325964	3328703	HistoohiSECH98_2	3073997	3076764	color=b3b1b2
HistocapHCH143_2	158194	160927	HistoohiSECH98_2	164479	167216	color=b3b1b2
HistocapHCH143_2	1055266	1057986	HistoohiSECH98_2	947104	949839	color=b3b1b2
HistocapHCH143_2	362378	365084	HistoohiSECH98_2	358830	361582	color=b3b1b2
HistocapHCH143_2	1275536	1278241	HistoohiSECH98_2	1158030	1160763	color=b3b1b2
HistocapHCH143_2	22487	25184	HistoohiSECH98_2	34044	36817	color=b3b1b2
HistocapHCH143_2	2004157	2006848	HistoohiSECH98_2	1812134	1814850	color=b3b1b2
HistocapHCH143_2	3974252	3976941	HistoohiSECH98_2	3607660	3610308	color=b3b1b2
HistocapHCH143_2	2749076	2751749	HistoohiSECH98_2	2518991	2521669	color=b3b1b2
HistocapHCH143_2	3641935	3644604	HistoohiSECH98_2	3305900	3308543	color=b3b1b2
HistocapHCH143_2	2796541	2799201	HistoohiSECH98_2	2528750	2531377	color=b3b1b2
HistocapHCH143_2	5324822	5327480	HistoohiSECH98_2	4808779	4811462	color=b3b1b2
HistocapHCH143_2	3458489	3461143	HistoohiSECH98_2	3185501	3188121	color=b3b1b2
HistocapHCH143_2	2636340	2638993	HistoohiSECH98_2	2404740	2407386	color=b3b1b2
HistocapHCH143_2	3227876	3230518	HistoohiSECH98_2	2977578	2980229	color=b3b1b2
HistocapHCH143_2	3097706	3100347	HistoohiSECH98_2	2833783	2836444	color=b3b1b2
HistocapHCH143_2	3054195	3056833	HistoohiSECH98_2	2791038	2793680	color=b3b1b2
HistocapHCH143_2	4084104	4086724	HistoohiSECH98_2	3701344	3703961	color=b3b1b2
HistocapHCH143_2	523267	525887	HistoohiSECH98_2	523459	526069	color=b3b1b2
HistocapHCH143_2	4217335	4219954	HistoohiSECH98_2	3823183	3825811	color=b3b1b2
HistocapHCH143_2	2179971	2182583	HistoohiSECH98_2	371362	368786	color=b3b1b2
HistocapHCH143_2	672026	674637	HistoohiSECH98_2	605132	607737	color=b3b1b2
HistocapHCH143_2	477514	480117	HistoohiSECH98_2	477391	479974	color=b3b1b2
HistocapHCH143_2	4891402	4893987	HistoohiSECH98_2	4449016	4451607	color=b3b1b2
HistocapHCH143_2	4125784	4128360	HistoohiSECH98_2	3744805	3747416	color=b3b1b2
HistocapHCH143_2	4532208	4534779	HistoohiSECH98_2	4116138	4118671	color=b3b1b2
HistocapHCH143_2	3285786	3288346	HistoohiSECH98_2	3033622	3036176	color=b3b1b2
HistocapHCH143_2	5090680	5093224	HistoohiSECH98_2	4582696	4585240	color=b3b1b2
HistocapHCH143_2	1336949	1339489	HistoohiSECH98_2	1233985	1236450	color=b3b1b2
HistocapHCH143_2	4128580	4131112	HistoohiSECH98_2	3747567	3750132	color=b3b1b2
HistocapHCH143_2	5477208	5479732	HistoohiSECH98_2	4890984	4893481	color=b3b1b2
HistocapHCH143_2	92060	94563	HistoohiSECH98_2	99422	101998	color=b3b1b2
HistocapHCH143_2	4433282	4435777	HistoohiSECH98_2	3989785	3992279	color=b3b1b2
HistocapHCH143_2	3776540	3779028	HistoohiSECH98_2	3432246	3434734	color=b3b1b2
HistocapHCH143_2	4010734	4013219	HistoohiSECH98_2	3612590	3615051	color=b3b1b2
HistocapHCH143_2	2499210	2501689	HistoohiSECH98_2	2241642	2244110	color=b3b1b2
HistocapHCH143_2	782648	785118	HistoohiSECH98_2	660223	662681	color=b3b1b2
HistocapHCH143_2	4491555	4494007	HistoohiSECH98_2	4078518	4080982	color=b3b1b2
HistocapHCH143_2	563809	566257	HistoohiSECH98_2	533326	535860	color=b3b1b2
HistocapHCH143_2	3895845	3898286	HistoohiSECH98_2	3533868	3536311	color=b3b1b2
HistocapHCH143_2	1907140	1909554	HistoohiSECH98_2	1772140	1774569	color=b3b1b2
HistocapHCH143_2	5073403	5075811	HistoohiSECH98_2	4558323	4560714	color=b3b1b2
HistocapHCH143_2	3786845	3789244	HistoohiSECH98_2	3434733	3437132	color=b3b1b2
HistocapHCH143_2	2807656	2810039	HistoohiSECH98_2	2539840	2542176	color=b3b1b2
HistocapHCH143_2	5081601	5083969	HistoohiSECH98_2	4572926	4575281	color=b3b1b2
HistocapHCH143_2	2671594	2673949	HistoohiSECH98_2	2442110	2444498	color=b3b1b2
HistocapHCH143_2	254045	256390	HistoohiSECH98_2	277600	280014	color=b3b1b2
HistocapHCH143_2	3148080	3150419	HistoohiSECH98_2	2878355	2880699	color=b3b1b2
HistocapHCH143_2	2411527	2413865	HistoohiSECH98_2	2194254	2196601	color=b3b1b2
HistocapHCH143_2	1840816	1843142	HistoohiSECH98_2	1697056	1699429	color=b3b1b2
HistocapHCH143_2	265075	267397	HistoohiSECH98_2	287365	289704	color=b3b1b2
HistocapHCH143_2	3294635	3296957	HistoohiSECH98_2	3042240	3044596	color=b3b1b2
HistocapHCH143_2	2978089	2980410	HistoohiSECH98_2	2711347	2713682	color=b3b1b2
HistocapHCH143_2	76440	78757	HistoohiSECH98_2	83065	85336	color=b3b1b2
HistocapHCH143_2	3150521	3152836	HistoohiSECH98_2	2880574	2882900	color=b3b1b2
HistocapHCH143_2	2416002	2418316	HistoohiSECH98_2	2204650	2206951	color=b3b1b2
HistocapHCH143_2	1489772	1492084	HistoohiSECH98_2	1387498	1389838	color=b3b1b2
HistocapHCH143_2	5309646	5311951	HistoohiSECH98_2	4794504	4796788	color=b3b1b2
HistocapHCH143_2	3364376	3366678	HistoohiSECH98_2	3111678	3114002	color=b3b1b2
HistocapHCH143_2	1659809	1662105	HistoohiSECH98_2	1513455	1515793	color=b3b1b2
HistocapHCH143_2	4895891	4898187	HistoohiSECH98_2	4454035	4456323	color=b3b1b2
HistocapHCH143_2	1284030	1286324	HistoohiSECH98_2	1165787	1168087	color=b3b1b2
HistocapHCH143_2	1340426	1342715	HistoohiSECH98_2	1236836	1239050	color=b3b1b2
HistocapHCH143_2	1864877	1867152	HistoohiSECH98_2	1717049	1719291	color=b3b1b2
HistocapHCH143_2	4272566	4274834	HistoohiSECH98_2	3879696	3881991	color=b3b1b2
HistocapHCH143_2	3792119	3794378	HistoohiSECH98_2	3442152	3444419	color=b3b1b2
HistocapHCH143_2	3244593	3246846	HistoohiSECH98_2	2942522	2940335	color=b3b1b2
HistocapHCH143_2	3789770	3792018	HistoohiSECH98_2	3438033	3440255	color=b3b1b2
HistocapHCH143_2	2245406	2247644	HistoohiSECH98_2	2033096	2035335	color=b3b1b2
HistocapHCH143_2	2044799	2047034	HistoohiSECH98_2	1851273	1853537	color=b3b1b2
HistocapHCH143_2	2093640	2095866	HistoohiSECH98_2	1901927	1904162	color=b3b1b2
HistocapHCH143_2	2239026	2241250	HistoohiSECH98_2	2026305	2028525	color=b3b1b2
HistocapHCH143_2	2616549	2618758	HistoohiSECH98_2	2377191	2379382	color=b3b1b2
HistocapHCH143_2	87898	90099	HistoohiSECH98_2	94598	96817	color=b3b1b2
HistocapHCH143_2	2111685	2113884	HistoohiSECH98_2	1928693	1930923	color=b3b1b2
HistocapHCH143_2	4212857	4215041	HistoohiSECH98_2	3817847	3820035	color=b3b1b2
HistocapHCH143_2	2115286	2117467	HistoohiSECH98_2	1932544	1934726	color=b3b1b2
HistocapHCH143_2	2372591	2374772	HistoohiSECH98_2	2151307	2153477	color=b3b1b2
HistocapHCH143_2	3684676	3686855	HistoohiSECH98_2	3319469	3321631	color=b3b1b2
HistocapHCH143_2	3971440	3973618	HistoohiSECH98_2	3604671	3606834	color=b3b1b2
HistocapHCH143_2	3237462	3239639	HistoohiSECH98_2	2949204	2947014	color=b3b1b2
HistocapHCH143_2	4231284	4233436	HistoohiSECH98_2	3838070	3840221	color=b3b1b2
HistocapHCH143_2	3415248	3417398	HistoohiSECH98_2	3146306	3148472	color=b3b1b2
HistocapHCH143_2	4184248	4186398	HistoohiSECH98_2	3424800	3422640	color=b3b1b2
HistocapHCH143_2	2813036	2815172	HistoohiSECH98_2	2544399	2546503	color=b3b1b2
HistocapHCH143_2	1895458	1897590	HistoohiSECH98_2	1760951	1763123	color=b3b1b2
HistocapHCH143_2	2095965	2098089	HistoohiSECH98_2	1905369	1907478	color=b3b1b2
HistocapHCH143_2	5495282	5497400	HistoohiSECH98_2	4909170	4911271	color=b3b1b2
HistocapHCH143_2	5256796	5258903	HistoohiSECH98_2	4736130	4738253	color=b3b1b2
HistocapHCH143_2	3288568	3290671	HistoohiSECH98_2	3036528	3038631	color=b3b1b2
HistocapHCH143_2	2790478	2792579	HistoohiSECH98_2	2523583	2525672	color=b3b1b2
HistocapHCH143_2	5047351	5049450	HistoohiSECH98_2	4531838	4533947	color=b3b1b2
HistocapHCH143_2	392716	394810	HistoohiSECH98_2	19285	21367	color=b3b1b2
HistocapHCH143_2	1465734	1467825	HistoohiSECH98_2	1358522	1360625	color=b3b1b2
HistocapHCH143_2	2608984	2611069	HistoohiSECH98_2	2371068	2373166	color=b3b1b2
HistocapHCH143_2	900775	902859	HistoohiSECH98_2	787272	789353	color=b3b1b2
HistocapHCH143_2	3794479	3796554	HistoohiSECH98_2	3444530	3446639	color=b3b1b2
HistocapHCH143_2	3484832	3486906	HistoohiSECH98_2	3214073	3216132	color=b3b1b2
HistocapHCH143_2	5350247	5352314	HistoohiSECH98_2	4834106	4836153	color=b3b1b2
HistocapHCH143_2	652558	654622	HistoohiSECH98_2	581447	583525	color=b3b1b2
HistocapHCH143_2	1379111	1381168	HistoohiSECH98_2	1277803	1279860	color=b3b1b2
HistocapHCH143_2	4599301	4601356	HistoohiSECH98_2	4160496	4162601	color=b3b1b2
HistocapHCH143_2	4031319	4033360	HistoohiSECH98_2	3634193	3636245	color=b3b1b2
HistocapHCH143_2	1666765	1668800	HistoohiSECH98_2	1521254	1523248	color=b3b1b2
HistocapHCH143_2	2419913	2421938	HistoohiSECH98_2	2208890	2210916	color=b3b1b2
HistocapHCH143_2	293510	295532	HistoohiSECH98_2	317191	319222	color=b3b1b2
HistocapHCH143_2	1885830	1887846	HistoohiSECH98_2	1742440	1744518	color=b3b1b2
HistocapHCH143_2	689069	691080	HistoohiSECH98_2	623637	625662	color=b3b1b2
HistocapHCH143_2	3527848	3529855	HistoohiSECH98_2	3244864	3246871	color=b3b1b2
HistocapHCH143_2	2007544	2009550	HistoohiSECH98_2	1815886	1817872	color=b3b1b2
HistocapHCH143_2	1167042	1169039	HistoohiSECH98_2	1045779	1047729	color=b3b1b2
HistocapHCH143_2	3234202	3236198	HistoohiSECH98_2	2984526	2986522	color=b3b1b2
HistocapHCH143_2	2330517	2332512	HistoohiSECH98_2	2108217	2110189	color=b3b1b2
HistocapHCH143_2	4400180	4402173	HistoohiSECH98_2	3953565	3955534	color=b3b1b2
HistocapHCH143_2	4249659	4251645	HistoohiSECH98_2	3856263	3858193	color=b3b1b2
HistocapHCH143_2	4693794	4695769	HistoohiSECH98_2	4262263	4264236	color=b3b1b2
HistocapHCH143_2	3225913	3227877	HistoohiSECH98_2	2975493	2977408	color=b3b1b2
HistocapHCH143_2	5562974	5564929	HistoohiSECH98_2	5016379	5018328	color=b3b1b2
HistocapHCH143_2	4398213	4400144	HistoohiSECH98_2	3951457	3953385	color=b3b1b2
HistocapHCH143_2	123604	125520	HistoohiSECH98_2	125000	126950	color=b3b1b2
HistocapHCH143_2	4335488	4337395	HistoohiSECH98_2	3884873	3886750	color=b3b1b2
HistocapHCH143_2	4215436	4217339	HistoohiSECH98_2	3821149	3823081	color=b3b1b2
HistocapHCH143_2	3017545	3019441	HistoohiSECH98_2	2750576	2752473	color=b3b1b2
HistocapHCH143_2	291318	293208	HistoohiSECH98_2	315297	317192	color=b3b1b2
HistocapHCH143_2	2667213	2669099	HistoohiSECH98_2	2437650	2439528	color=b3b1b2
HistocapHCH143_2	3004348	3006229	HistoohiSECH98_2	2737477	2739419	color=b3b1b2
HistocapHCH143_2	3734469	3736336	HistoohiSECH98_2	3003014	3001147	color=b3b1b2
HistocapHCH143_2	90100	91959	HistoohiSECH98_2	96927	98878	color=b3b1b2
HistocapHCH143_2	3074636	3076493	HistoohiSECH98_2	2812290	2814144	color=b3b1b2
HistocapHCH143_2	870026	871875	HistoohiSECH98_2	755096	756955	color=b3b1b2
HistocapHCH143_2	502979	504819	HistoohiSECH98_2	503594	505440	color=b3b1b2
HistocapHCH143_2	4211018	4212855	HistoohiSECH98_2	3815853	3817690	color=b3b1b2
HistocapHCH143_2	2127035	2128865	HistoohiSECH98_2	1946069	1947909	color=b3b1b2
HistocapHCH143_2	4771413	4773240	HistoohiSECH98_2	4333094	4334921	color=b3b1b2
HistocapHCH143_2	3013426	3015244	HistoohiSECH98_2	2745771	2747590	color=b3b1b2
HistocapHCH143_2	4175718	4177531	HistoohiSECH98_2	3802431	3804238	color=b3b1b2
HistocapHCH143_2	5550107	5551914	HistoohiSECH98_2	4956224	4958068	color=b3b1b2
HistocapHCH143_2	1469717	1471516	HistoohiSECH98_2	1362427	1364251	color=b3b1b2
HistocapHCH143_2	4244241	4246038	HistoohiSECH98_2	3853930	3855734	color=b3b1b2
HistocapHCH143_2	988151	989947	HistoohiSECH98_2	881269	883081	color=b3b1b2
HistocapHCH143_2	1525647	1527437	HistoohiSECH98_2	1421239	1423029	color=b3b1b2
HistocapHCH143_2	3251629	3253408	HistoohiSECH98_2	2951298	2949532	color=b3b1b2
HistocapHCH143_2	5678143	5679919	HistoohiSECH98_2	5120120	5121908	color=b3b1b2
HistocapHCH143_2	2215482	2217256	HistoohiSECH98_2	378385	380179	color=b3b1b2
HistocapHCH143_2	1897712	1899478	HistoohiSECH98_2	1763531	1765310	color=b3b1b2
HistocapHCH143_2	1662332	1664089	HistoohiSECH98_2	1515972	1517750	color=b3b1b2
HistocapHCH143_2	4270609	4272365	HistoohiSECH98_2	3877961	3879695	color=b3b1b2
HistocapHCH143_2	5067300	5069048	HistoohiSECH98_2	4551713	4553459	color=b3b1b2
HistocapHCH143_2	3212983	3214722	HistoohiSECH98_2	2959736	2961480	color=b3b1b2
HistocapHCH143_2	4033361	4035100	HistoohiSECH98_2	3636470	3638233	color=b3b1b2
HistocapHCH143_2	2900805	2902541	HistoohiSECH98_2	2665481	2667253	color=b3b1b2
HistocapHCH143_2	5488635	5490364	HistoohiSECH98_2	4902284	4903993	color=b3b1b2
HistocapHCH143_2	3819353	3821073	HistoohiSECH98_2	3477670	3479395	color=b3b1b2
HistocapHCH143_2	2125316	2127035	HistoohiSECH98_2	1944237	1945951	color=b3b1b2
HistocapHCH143_2	3701315	3703034	HistoohiSECH98_2	3339181	3340896	color=b3b1b2
HistocapHCH143_2	819892	821586	HistoohiSECH98_2	698291	699971	color=b3b1b2
HistocapHCH143_2	4641458	4643151	HistoohiSECH98_2	4215027	4216716	color=b3b1b2
HistocapHCH143_2	2406917	2408600	HistoohiSECH98_2	2190933	2192582	color=b3b1b2
HistocapHCH143_2	1805820	1807501	HistoohiSECH98_2	1645436	1647142	color=b3b1b2
HistocapHCH143_2	878669	880346	HistoohiSECH98_2	698285	696555	color=b3b1b2
HistocapHCH143_2	308076	309751	HistoohiSECH98_2	332071	333759	color=b3b1b2
HistocapHCH143_2	1188313	1189984	HistoohiSECH98_2	4843652	4845323	color=b3b1b2
HistocapHCH143_2	314299	315959	HistoohiSECH98_2	338526	340203	color=b3b1b2
HistocapHCH143_2	4361800	4363435	HistoohiSECH98_2	3912495	3914123	color=b3b1b2
HistocapHCH143_2	2809985	2811618	HistoohiSECH98_2	2542332	2543983	color=b3b1b2
HistocapHCH143_2	1163673	1165305	HistoohiSECH98_2	1043991	1045623	color=b3b1b2
HistocapHCH143_2	3814998	3816629	HistoohiSECH98_2	3472468	3474117	color=b3b1b2
HistocapHCH143_2	2747384	2749010	HistoohiSECH98_2	2517218	2518845	color=b3b1b2
HistocapHCH143_2	94568	96189	HistoohiSECH98_2	102106	103791	color=b3b1b2
HistocapHCH143_2	3950305	3951925	HistoohiSECH98_2	3580356	3582008	color=b3b1b2
HistocapHCH143_2	1467829	1469448	HistoohiSECH98_2	1360740	1362410	color=b3b1b2
HistocapHCH143_2	1124938	1126553	HistoohiSECH98_2	1004674	1006285	color=b3b1b2
HistocapHCH143_2	2794048	2795659	HistoohiSECH98_2	2527109	2528748	color=b3b1b2
HistocapHCH143_2	5235789	5237396	HistoohiSECH98_2	4716334	4717860	color=b3b1b2
HistocapHCH143_2	4138222	4139826	HistoohiSECH98_2	3763882	3765531	color=b3b1b2
HistocapHCH143_2	3200991	3202578	HistoohiSECH98_2	2928717	2930305	color=b3b1b2
HistocapHCH143_2	5307976	5309550	HistoohiSECH98_2	4790220	4791782	color=b3b1b2
HistocapHCH143_2	5665673	5667242	HistoohiSECH98_2	5111683	5113290	color=b3b1b2
HistocapHCH143_2	871882	873436	HistoohiSECH98_2	757095	758719	color=b3b1b2
HistocapHCH143_2	3821593	3823144	HistoohiSECH98_2	3479651	3481200	color=b3b1b2
HistocapHCH143_2	4861549	4863098	HistoohiSECH98_2	4427706	4429259	color=b3b1b2
HistocapHCH143_2	2639050	2640588	HistoohiSECH98_2	2407564	2409124	color=b3b1b2
HistocapHCH143_2	1202363	1203889	HistoohiSECH98_2	1079750	1081275	color=b3b1b2
HistocapHCH143_2	267402	268923	HistoohiSECH98_2	289854	291372	color=b3b1b2
HistocapHCH143_2	962398	963918	HistoohiSECH98_2	856309	857852	color=b3b1b2
HistocapHCH143_2	1581821	1583337	HistoohiSECH98_2	1443229	1444714	color=b3b1b2
HistocapHCH143_2	4753463	4754969	HistoohiSECH98_2	4329431	4330928	color=b3b1b2
HistocapHCH143_2	3125580	3127083	HistoohiSECH98_2	2852970	2854545	color=b3b1b2
HistocapHCH143_2	2944315	2945814	HistoohiSECH98_2	2681154	2682655	color=b3b1b2
HistocapHCH143_2	2049886	2051383	HistoohiSECH98_2	1856162	1857659	color=b3b1b2
HistocapHCH143_2	3102884	3104373	HistoohiSECH98_2	2838695	2840177	color=b3b1b2
HistocapHCH143_2	1377390	1378868	HistoohiSECH98_2	1276085	1277587	color=b3b1b2
HistocapHCH143_2	4275207	4276685	HistoohiSECH98_2	3882162	3883640	color=b3b1b2
HistocapHCH143_2	2495264	2496733	HistoohiSECH98_2	2240137	2241604	color=b3b1b2
HistocapHCH143_2	295633	297099	HistoohiSECH98_2	319096	320581	color=b3b1b2
HistocapHCH143_2	4619390	4620853	HistoohiSECH98_2	4181874	4183361	color=b3b1b2
HistocapHCH143_2	3191320	3192776	HistoohiSECH98_2	2917760	2919224	color=b3b1b2
HistocapHCH143_2	3001457	3002894	HistoohiSECH98_2	2734631	2736062	color=b3b1b2
HistocapHCH143_2	5234357	5235789	HistoohiSECH98_2	4714799	4716214	color=b3b1b2
HistocapHCH143_2	2418388	2419814	HistoohiSECH98_2	2207211	2208641	color=b3b1b2
HistocapHCH143_2	892792	894217	HistoohiSECH98_2	778072	779495	color=b3b1b2
HistocapHCH143_2	375807	377230	HistoohiSECH98_2	376938	378368	color=b3b1b2
HistocapHCH143_2	4360219	4361639	HistoohiSECH98_2	3911047	3912465	color=b3b1b2
HistocapHCH143_2	3222729	3224147	HistoohiSECH98_2	2973933	2975337	color=b3b1b2
HistocapHCH143_2	691489	692906	HistoohiSECH98_2	626438	627894	color=b3b1b2
HistocapHCH143_2	2295084	2296500	HistoohiSECH98_2	2074533	2075916	color=b3b1b2
HistocapHCH143_2	1433808	1435220	HistoohiSECH98_2	1329224	1330534	color=b3b1b2
HistocapHCH143_2	2286181	2287587	HistoohiSECH98_2	2064714	2066115	color=b3b1b2
HistocapHCH143_2	3431566	3432969	HistoohiSECH98_2	3164201	3165604	color=b3b1b2
HistocapHCH143_2	1615514	1616890	HistoohiSECH98_2	1467923	1469301	color=b3b1b2
HistocapHCH143_2	3817590	3818963	HistoohiSECH98_2	3475104	3476477	color=b3b1b2
HistocapHCH143_2	2241804	2243173	HistoohiSECH98_2	2028543	2029951	color=b3b1b2
HistocapHCH143_2	16206	17561	HistoohiSECH98_2	27083	28412	color=b3b1b2
HistocapHCH143_2	4780402	4781753	HistoohiSECH98_2	4342072	4343421	color=b3b1b2
HistocapHCH143_2	4396648	4397990	HistoohiSECH98_2	3949740	3951083	color=b3b1b2
HistocapHCH143_2	4626173	4627515	HistoohiSECH98_2	4190582	4191932	color=b3b1b2
HistocapHCH143_2	4971410	4972745	HistoohiSECH98_2	4492699	4494035	color=b3b1b2
HistocapHCH143_2	4837881	4839210	HistoohiSECH98_2	4403475	4404799	color=b3b1b2
HistocapHCH143_2	2635015	2636330	HistoohiSECH98_2	2403318	2404634	color=b3b1b2
HistocapHCH143_2	2846076	2847390	HistoohiSECH98_2	2604273	2605593	color=b3b1b2
HistocapHCH143_2	1413408	1414712	HistoohiSECH98_2	1308734	1310034	color=b3b1b2
HistocapHCH143_2	5359156	5360454	HistoohiSECH98_2	4846626	4847933	color=b3b1b2
HistocapHCH143_2	96516	97810	HistoohiSECH98_2	104303	105561	color=b3b1b2
HistocapHCH143_2	2113935	2115226	HistoohiSECH98_2	1931093	1932368	color=b3b1b2
HistocapHCH143_2	3221413	3222694	HistoohiSECH98_2	2972378	2973663	color=b3b1b2
HistocapHCH143_2	3462175	3463444	HistoohiSECH98_2	3189750	3191013	color=b3b1b2
HistocapHCH143_2	201752	203004	HistoohiSECH98_2	209861	211144	color=b3b1b2
HistocapHCH143_2	5546382	5547630	HistoohiSECH98_2	4947280	4948541	color=b3b1b2
HistocapHCH143_2	3477970	3479200	HistoohiSECH98_2	3207071	3208295	color=b3b1b2
HistocapHCH143_2	2880744	2881973	HistoohiSECH98_2	2638171	2639427	color=b3b1b2
HistocapHCH143_2	3455923	3457150	HistoohiSECH98_2	3182428	3183654	color=b3b1b2
HistocapHCH143_2	2847589	2848810	HistoohiSECH98_2	2605772	2607005	color=b3b1b2
HistocapHCH143_2	7020	8232	HistoohiSECH98_2	9827	11053	color=b3b1b2
HistocapHCH143_2	1343759	1344960	HistoohiSECH98_2	1239892	1241092	color=b3b1b2
HistocapHCH143_2	2293845	2294983	HistoohiSECH98_2	2072917	2074055	color=b3b1b2
HistocapHCH143_2	3604099	3605237	HistoohiSECH98_2	3273994	3275158	color=b3b1b2
HistocapHCH143_2	3218532	3219669	HistoohiSECH98_2	2968013	2969144	color=b3b1b2
HistocapHCH143_2	3905629	3906759	HistoohiSECH98_2	3537168	3538320	color=b3b1b2
HistocapHCH143_2	3405463	3406578	HistoohiSECH98_2	3144355	3145468	color=b3b1b2
HistocapHCH143_2	4614781	4615895	HistoohiSECH98_2	4176783	4177894	color=b3b1b2
HistocapHCH143_2	1083644	1084729	HistoohiSECH98_2	972465	973543	color=b3b1b2
HistocapHCH143_2	4475985	4477067	HistoohiSECH98_2	4062825	4063919	color=b3b1b2
HistocapHCH143_2	4224473	4225553	HistoohiSECH98_2	3831684	3832767	color=b3b1b2
HistocapHCH143_2	203897	204969	HistoohiSECH98_2	212499	213571	color=b3b1b2
HistocapHCH143_2	3644909	3645981	HistoohiSECH98_2	3308630	3309704	color=b3b1b2
HistocapHCH143_2	1585613	1586684	HistoohiSECH98_2	1445980	1447061	color=b3b1b2
HistocapHCH143_2	133650	134719	HistoohiSECH98_2	136130	137212	color=b3b1b2
HistocapHCH143_2	3292067	3293124	HistoohiSECH98_2	3040130	3041202	color=b3b1b2
HistocapHCH143_2	1081861	1082917	HistoohiSECH98_2	970415	971457	color=b3b1b2
HistocapHCH143_2	5065965	5067019	HistoohiSECH98_2	4550470	4551508	color=b3b1b2
HistocapHCH143_2	5636523	5637570	HistoohiSECH98_2	5091111	5092161	color=b3b1b2
HistocapHCH143_2	2540026	2541070	HistoohiSECH98_2	2268881	2269924	color=b3b1b2
HistocapHCH143_2	4970365	4971408	HistoohiSECH98_2	4491499	4492542	color=b3b1b2
HistocapHCH143_2	2306170	2307210	HistoohiSECH98_2	2084119	2085170	color=b3b1b2
HistocapHCH143_2	929103	930139	HistoohiSECH98_2	820499	821549	color=b3b1b2
HistocapHCH143_2	2618859	2619893	HistoohiSECH98_2	2379256	2380292	color=b3b1b2
HistocapHCH143_2	708534	709567	HistoohiSECH98_2	644222	645257	color=b3b1b2
HistocapHCH143_2	1041914	1042939	HistoohiSECH98_2	933365	934383	color=b3b1b2
HistocapHCH143_2	3627146	3628170	HistoohiSECH98_2	3296618	3297633	color=b3b1b2
HistocapHCH143_2	1123312	1124329	HistoohiSECH98_2	1002333	1003362	color=b3b1b2
HistocapHCH143_2	1091889	1092897	HistoohiSECH98_2	982569	983577	color=b3b1b2
HistocapHCH143_2	461735	462739	HistoohiSECH98_2	460794	461812	color=b3b1b2
HistocapHCH143_2	2646235	2647236	HistoohiSECH98_2	2416047	2417048	color=b3b1b2
