HistocapCB192_6	3083400	3128386	HistoohiG217B_JAEVHH010000004	2802422	2757433	color=b3b1b2
HistocapCB192_6	1295482	1329487	HistoohiG217B_JAEVHH010000004	5109656	5075655	color=b3b1b2
HistocapCB192_6	869721	902713	HistoohiG217B_JAEVHH010000004	5572538	5539474	color=b3b1b2
HistocapCB192_6	2231488	2259326	HistoohiG217B_JAEVHH010000004	3585562	3557744	color=b3b1b2
HistocapCB192_6	3716800	3743470	HistoohiG217B_JAEVHH010000004	1919452	1892762	color=b3b1b2
HistocapCB192_6	4714345	4740709	HistoohiG217B_JAEVHH010000004	943066	916610	color=b3b1b2
HistocapCB192_6	3048482	3074625	HistoohiG217B_JAEVHH010000004	2837022	2810866	color=b3b1b2
HistocapCB192_6	1390316	1415569	HistoohiG217B_JAEVHH010000004	5013324	4988058	color=b3b1b2
HistocapCB192_6	2869930	2894495	HistoohiG217B_JAEVHH010000004	3036059	3011546	color=b3b1b2
HistocapCB192_6	4263528	4287177	HistoohiG217B_JAEVHH010000004	1364076	1340394	color=b3b1b2
HistocapCB192_6	4368540	4391462	HistoohiG217B_JAEVHH010000004	1261044	1238181	color=b3b1b2
HistocapCB192_6	2647114	2669586	HistoohiG217B_JAEVHH010000004	3234384	3211841	color=b3b1b2
HistocapCB192_6	2948125	2970196	HistoohiG217B_JAEVHH010000004	2954966	2932825	color=b3b1b2
HistocapCB192_6	3946828	3968291	HistoohiG217B_JAEVHH010000004	1673651	1652212	color=b3b1b2
HistocapCB192_6	2269823	2290885	HistoohiG217B_JAEVHH010000004	3479909	3458671	color=b3b1b2
HistocapCB192_6	4217219	4238197	HistoohiG217B_JAEVHH010000004	1408154	1387147	color=b3b1b2
HistocapCB192_6	4951199	4972140	HistoohiG217B_JAEVHH010000004	682786	661801	color=b3b1b2
HistocapCB192_6	3501724	3522507	HistoohiG217B_JAEVHH010000004	2378338	2357508	color=b3b1b2
HistocapCB192_6	3372935	3393618	HistoohiG217B_JAEVHH010000004	2508970	2488268	color=b3b1b2
HistocapCB192_6	2030549	2050474	HistoohiG217B_JAEVHH010000004	3754437	3734506	color=b3b1b2
HistocapCB192_6	1172350	1190996	HistoohiG217B_JAEVHH010000004	5234733	5216166	color=b3b1b2
HistocapCB192_6	3141929	3159502	HistoohiG217B_JAEVHH010000004	2743475	2725866	color=b3b1b2
HistocapCB192_6	2133543	2150963	HistoohiG217B_JAEVHH010000004	3658844	3641418	color=b3b1b2
HistocapCB192_6	4686481	4703749	HistoohiG217B_JAEVHH010000004	969272	952138	color=b3b1b2
HistocapCB192_6	4653888	4670571	HistoohiG217B_JAEVHH010000004	1000101	983396	color=b3b1b2
HistocapCB192_6	1898707	1915149	HistoohiG217B_JAEVHH010000004	3902024	3885548	color=b3b1b2
HistocapCB192_6	4121285	4137623	HistoohiG217B_JAEVHH010000004	1500985	1484816	color=b3b1b2
HistocapCB192_6	693600	709748	HistoohiG217B_JAEVHH010000004	5845235	5829004	color=b3b1b2
HistocapCB192_6	3542057	3558091	HistoohiG217B_JAEVHH010000004	2289717	2273683	color=b3b1b2
HistocapCB192_6	4516509	4532398	HistoohiG217B_JAEVHH010000004	1139943	1123995	color=b3b1b2
HistocapCB192_6	1273776	1289551	HistoohiG217B_JAEVHH010000004	5131043	5115144	color=b3b1b2
HistocapCB192_6	1463169	1478890	HistoohiG217B_JAEVHH010000004	4600932	4585249	color=b3b1b2
HistocapCB192_6	1210089	1225650	HistoohiG217B_JAEVHH010000004	5199521	5184044	color=b3b1b2
HistocapCB192_6	1953229	1968776	HistoohiG217B_JAEVHH010000004	3849946	3834515	color=b3b1b2
HistocapCB192_6	2695242	2710114	HistoohiG217B_JAEVHH010000004	3197631	3182626	color=b3b1b2
HistocapCB192_6	4794591	4809299	HistoohiG217B_JAEVHH010000004	861718	847052	color=b3b1b2
HistocapCB192_6	1353173	1367760	HistoohiG217B_JAEVHH010000004	5050565	5035953	color=b3b1b2
HistocapCB192_6	3621429	3636011	HistoohiG217B_JAEVHH010000004	2216100	2201541	color=b3b1b2
HistocapCB192_6	2192960	2207449	HistoohiG217B_JAEVHH010000004	3624168	3609663	color=b3b1b2
HistocapCB192_6	4469277	4483694	HistoohiG217B_JAEVHH010000004	1176896	1162453	color=b3b1b2
HistocapCB192_6	4195656	4209280	HistoohiG217B_JAEVHH010000004	1429264	1415623	color=b3b1b2
HistocapCB192_6	4765952	4779543	HistoohiG217B_JAEVHH010000004	890327	876623	color=b3b1b2
HistocapCB192_6	3277082	3290444	HistoohiG217B_JAEVHH010000004	2598679	2585241	color=b3b1b2
HistocapCB192_6	3466387	3479551	HistoohiG217B_JAEVHH010000004	2412953	2399846	color=b3b1b2
HistocapCB192_6	4895894	4909038	HistoohiG217B_JAEVHH010000004	730808	717697	color=b3b1b2
HistocapCB192_6	3427645	3440743	HistoohiG217B_JAEVHH010000004	2451958	2438867	color=b3b1b2
HistocapCB192_6	2975022	2988074	HistoohiG217B_JAEVHH010000004	2927984	2915002	color=b3b1b2
HistocapCB192_6	2388308	2401290	HistoohiG217B_JAEVHH010000004	3376590	3363589	color=b3b1b2
HistocapCB192_6	601930	614847	HistoohiG217B_JAEVHH010000004	5946002	5933087	color=b3b1b2
HistocapCB192_6	4875423	4888094	HistoohiG217B_JAEVHH010000004	751862	739204	color=b3b1b2
HistocapCB192_6	761589	774153	HistoohiG217B_JAEVHH010000004	5782918	5770367	color=b3b1b2
HistocapCB192_6	5099791	5112255	HistoohiG217B_JAEVHH010000004	371370	358846	color=b3b1b2
HistocapCB192_6	3759363	3771777	HistoohiG217B_JAEVHH010000004	1874781	1862334	color=b3b1b2
HistocapCB192_6	1119428	1131828	HistoohiG217B_JAEVHH010000004	5292271	5279801	color=b3b1b2
HistocapCB192_6	3306322	3318662	HistoohiG217B_JAEVHH010000004	2571919	2559455	color=b3b1b2
HistocapCB192_6	722392	734719	HistoohiG217B_JAEVHH010000004	5822905	5810628	color=b3b1b2
HistocapCB192_6	2291871	2304194	HistoohiG217B_JAEVHH010000004	3457964	3445792	color=b3b1b2
HistocapCB192_6	2796990	2809268	HistoohiG217B_JAEVHH010000004	3106126	3093926	color=b3b1b2
HistocapCB192_6	4581743	4593994	HistoohiG217B_JAEVHH010000004	1074112	1061778	color=b3b1b2
HistocapCB192_6	578585	590647	HistoohiG217B_JAEVHH010000004	5964399	5952459	color=b3b1b2
HistocapCB192_6	1704289	1716334	HistoohiG217B_JAEVHH010000004	4149169	4137112	color=b3b1b2
HistocapCB192_6	1378452	1390122	HistoohiG217B_JAEVHH010000004	5025184	5013508	color=b3b1b2
HistocapCB192_6	851451	863096	HistoohiG217B_JAEVHH010000004	5587997	5576349	color=b3b1b2
HistocapCB192_6	508948	520587	HistoohiG217B_JAEVHH010000004	6472882	6484507	color=b3b1b2
HistocapCB192_6	3636110	3647521	HistoohiG217B_JAEVHH010000004	2160719	2149401	color=b3b1b2
HistocapCB192_6	4350005	4361371	HistoohiG217B_JAEVHH010000004	1280092	1268684	color=b3b1b2
HistocapCB192_6	956509	967832	HistoohiG217B_JAEVHH010000004	5432598	5421299	color=b3b1b2
HistocapCB192_6	4538794	4550009	HistoohiG217B_JAEVHH010000004	1120766	1109653	color=b3b1b2
HistocapCB192_6	4783433	4794488	HistoohiG217B_JAEVHH010000004	872867	861837	color=b3b1b2
HistocapCB192_6	2841701	2852704	HistoohiG217B_JAEVHH010000004	3071046	3059969	color=b3b1b2
HistocapCB192_6	1849521	1860520	HistoohiG217B_JAEVHH010000004	3947374	3936497	color=b3b1b2
HistocapCB192_6	1133237	1144228	HistoohiG217B_JAEVHH010000004	5279005	5268055	color=b3b1b2
HistocapCB192_6	4568590	4579351	HistoohiG217B_JAEVHH010000004	1092809	1082030	color=b3b1b2
HistocapCB192_6	4752734	4763440	HistoohiG217B_JAEVHH010000004	904440	893764	color=b3b1b2
HistocapCB192_6	1723487	1734174	HistoohiG217B_JAEVHH010000004	4128199	4117663	color=b3b1b2
HistocapCB192_6	3128598	3139274	HistoohiG217B_JAEVHH010000004	2757439	2746882	color=b3b1b2
HistocapCB192_6	2428857	2439392	HistoohiG217B_JAEVHH010000004	3334799	3324183	color=b3b1b2
HistocapCB192_6	4147130	4157611	HistoohiG217B_JAEVHH010000004	1475432	1464955	color=b3b1b2
HistocapCB192_6	2361058	2371518	HistoohiG217B_JAEVHH010000004	3403546	3393084	color=b3b1b2
HistocapCB192_6	1480992	1491446	HistoohiG217B_JAEVHH010000004	4584709	4574204	color=b3b1b2
HistocapCB192_6	827229	837675	HistoohiG217B_JAEVHH010000004	5611867	5601285	color=b3b1b2
HistocapCB192_6	3595717	3606104	HistoohiG217B_JAEVHH010000004	2237714	2227357	color=b3b1b2
HistocapCB192_6	2631714	2642097	HistoohiG217B_JAEVHH010000004	3250127	3239746	color=b3b1b2
HistocapCB192_6	5143516	5153803	HistoohiG217B_JAEVHH010000004	322977	312596	color=b3b1b2
HistocapCB192_6	2072867	2083150	HistoohiG217B_JAEVHH010000004	3713573	3703318	color=b3b1b2
HistocapCB192_6	1632751	1643012	HistoohiG217B_JAEVHH010000004	4268912	4258751	color=b3b1b2
HistocapCB192_6	3569155	3579362	HistoohiG217B_JAEVHH010000004	2263386	2253285	color=b3b1b2
HistocapCB192_6	4167888	4177937	HistoohiG217B_JAEVHH010000004	1455279	1445142	color=b3b1b2
HistocapCB192_6	4820606	4830649	HistoohiG217B_JAEVHH010000004	794654	784553	color=b3b1b2
HistocapCB192_6	5132820	5142835	HistoohiG217B_JAEVHH010000004	333308	323317	color=b3b1b2
HistocapCB192_6	3852713	3862706	HistoohiG217B_JAEVHH010000004	1777699	1767732	color=b3b1b2
HistocapCB192_6	2532011	2542001	HistoohiG217B_JAEVHH010000004	1784975	1794940	color=b3b1b2
HistocapCB192_6	740703	750666	HistoohiG217B_JAEVHH010000004	5808874	5798956	color=b3b1b2
HistocapCB192_6	676407	686330	HistoohiG217B_JAEVHH010000004	5861569	5851786	color=b3b1b2
HistocapCB192_6	2083646	2093536	HistoohiG217B_JAEVHH010000004	3701868	3691888	color=b3b1b2
HistocapCB192_6	1102178	1112060	HistoohiG217B_JAEVHH010000004	5309684	5299869	color=b3b1b2
HistocapCB192_6	2099446	2109286	HistoohiG217B_JAEVHH010000004	3687050	3677148	color=b3b1b2
HistocapCB192_6	967833	977633	HistoohiG217B_JAEVHH010000004	5421205	5411432	color=b3b1b2
HistocapCB192_6	1368442	1378233	HistoohiG217B_JAEVHH010000004	5035531	5025619	color=b3b1b2
HistocapCB192_6	1023113	1032884	HistoohiG217B_JAEVHH010000004	5379641	5369871	color=b3b1b2
HistocapCB192_6	3267357	3277082	HistoohiG217B_JAEVHH010000004	2608499	2598779	color=b3b1b2
HistocapCB192_6	1839874	1849522	HistoohiG217B_JAEVHH010000004	3958558	3948864	color=b3b1b2
HistocapCB192_6	1562632	1572270	HistoohiG217B_JAEVHH010000004	4498130	4488501	color=b3b1b2
HistocapCB192_6	3245082	3254698	HistoohiG217B_JAEVHH010000004	2629784	2620204	color=b3b1b2
HistocapCB192_6	4484142	4493752	HistoohiG217B_JAEVHH010000004	1162358	1152758	color=b3b1b2
HistocapCB192_6	2151547	2161075	HistoohiG217B_JAEVHH010000004	3641378	3631978	color=b3b1b2
HistocapCB192_6	1503404	1512914	HistoohiG217B_JAEVHH010000004	4562129	4552661	color=b3b1b2
HistocapCB192_6	1544948	1554400	HistoohiG217B_JAEVHH010000004	4521435	4511991	color=b3b1b2
HistocapCB192_6	2260253	2269697	HistoohiG217B_JAEVHH010000004	3556980	3547447	color=b3b1b2
HistocapCB192_6	3162642	3172033	HistoohiG217B_JAEVHH010000004	2724683	2715228	color=b3b1b2
HistocapCB192_6	4107244	4116562	HistoohiG217B_JAEVHH010000004	1512157	1502864	color=b3b1b2
HistocapCB192_6	4015678	4024983	HistoohiG217B_JAEVHH010000004	1610890	1601569	color=b3b1b2
HistocapCB192_6	927630	936879	HistoohiG217B_JAEVHH010000004	5468296	5459047	color=b3b1b2
HistocapCB192_6	641716	650873	HistoohiG217B_JAEVHH010000004	5893950	5884792	color=b3b1b2
HistocapCB192_6	1744549	1753704	HistoohiG217B_JAEVHH010000004	4107290	4098144	color=b3b1b2
HistocapCB192_6	5112355	5121508	HistoohiG217B_JAEVHH010000004	358733	349481	color=b3b1b2
HistocapCB192_6	4249603	4258741	HistoohiG217B_JAEVHH010000004	1375271	1366117	color=b3b1b2
HistocapCB192_6	3805004	3814074	HistoohiG217B_JAEVHH010000004	1836954	1827843	color=b3b1b2
HistocapCB192_6	1260210	1269246	HistoohiG217B_JAEVHH010000004	5144425	5135318	color=b3b1b2
HistocapCB192_6	4092739	4101684	HistoohiG217B_JAEVHH010000004	1527327	1518411	color=b3b1b2
HistocapCB192_6	842416	851313	HistoohiG217B_JAEVHH010000004	5597056	5588080	color=b3b1b2
HistocapCB192_6	3924001	3932891	HistoohiG217B_JAEVHH010000004	1698651	1689867	color=b3b1b2
HistocapCB192_6	4287278	4296153	HistoohiG217B_JAEVHH010000004	1340278	1331433	color=b3b1b2
HistocapCB192_6	1572376	1581248	HistoohiG217B_JAEVHH010000004	4488495	4479598	color=b3b1b2
HistocapCB192_6	3393722	3402562	HistoohiG217B_JAEVHH010000004	2488053	2479275	color=b3b1b2
HistocapCB192_6	2371687	2380507	HistoohiG217B_JAEVHH010000004	3393194	3384469	color=b3b1b2
HistocapCB192_6	1343651	1352319	HistoohiG217B_JAEVHH010000004	5060050	5051442	color=b3b1b2
HistocapCB192_6	2051095	2059662	HistoohiG217B_JAEVHH010000004	3734264	3725675	color=b3b1b2
HistocapCB192_6	3580335	3588873	HistoohiG217B_JAEVHH010000004	2253282	2244852	color=b3b1b2
HistocapCB192_6	4987441	4995974	HistoohiG217B_JAEVHH010000004	629105	620580	color=b3b1b2
HistocapCB192_6	5123317	5131833	HistoohiG217B_JAEVHH010000004	343000	334565	color=b3b1b2
HistocapCB192_6	3528629	3537112	HistoohiG217B_JAEVHH010000004	2319723	2311202	color=b3b1b2
HistocapCB192_6	2727419	2735825	HistoohiG217B_JAEVHH010000004	3166949	3158356	color=b3b1b2
HistocapCB192_6	2002945	2011305	HistoohiG217B_JAEVHH010000004	3780934	3772584	color=b3b1b2
HistocapCB192_6	1792744	1801098	HistoohiG217B_JAEVHH010000004	4014337	4005986	color=b3b1b2
HistocapCB192_6	4053676	4062026	HistoohiG217B_JAEVHH010000004	1565495	1557193	color=b3b1b2
HistocapCB192_6	5075352	5083687	HistoohiG217B_JAEVHH010000004	404256	395854	color=b3b1b2
HistocapCB192_6	1581467	1589752	HistoohiG217B_JAEVHH010000004	4479541	4471280	color=b3b1b2
HistocapCB192_6	4419750	4427979	HistoohiG217B_JAEVHH010000004	1222507	1214284	color=b3b1b2
HistocapCB192_6	5083911	5092117	HistoohiG217B_JAEVHH010000004	395400	387154	color=b3b1b2
HistocapCB192_6	569927	578123	HistoohiG217B_JAEVHH010000004	5973377	5965309	color=b3b1b2
HistocapCB192_6	5008953	5017131	HistoohiG217B_JAEVHH010000004	599718	591622	color=b3b1b2
HistocapCB192_6	1445632	1453780	HistoohiG217B_JAEVHH010000004	4757848	4749761	color=b3b1b2
HistocapCB192_6	1144689	1152833	HistoohiG217B_JAEVHH010000004	5268057	5259941	color=b3b1b2
HistocapCB192_6	2341484	2349534	HistoohiG217B_JAEVHH010000004	3423249	3415086	color=b3b1b2
HistocapCB192_6	2215538	2223458	HistoohiG217B_JAEVHH010000004	3600919	3593068	color=b3b1b2
HistocapCB192_6	1815055	1822882	HistoohiG217B_JAEVHH010000004	3986196	3978515	color=b3b1b2
HistocapCB192_6	2919305	2927062	HistoohiG217B_JAEVHH010000004	2985130	2977307	color=b3b1b2
HistocapCB192_6	3686425	3694179	HistoohiG217B_JAEVHH010000004	1950391	1942584	color=b3b1b2
HistocapCB192_6	5039150	5046884	HistoohiG217B_JAEVHH010000004	445333	437569	color=b3b1b2
HistocapCB192_6	939273	946983	HistoohiG217B_JAEVHH010000004	5450741	5442961	color=b3b1b2
HistocapCB192_6	902893	910536	HistoohiG217B_JAEVHH010000004	5539219	5531662	color=b3b1b2
HistocapCB192_6	3009899	3017536	HistoohiG217B_JAEVHH010000004	2875753	2868130	color=b3b1b2
HistocapCB192_6	1537223	1544838	HistoohiG217B_JAEVHH010000004	4529829	4522138	color=b3b1b2
HistocapCB192_6	1156855	1164413	HistoohiG217B_JAEVHH010000004	5256431	5248839	color=b3b1b2
HistocapCB192_6	3183240	3190730	HistoohiG217B_JAEVHH010000004	2697243	2689838	color=b3b1b2
HistocapCB192_6	3677877	3685307	HistoohiG217B_JAEVHH010000004	1997406	1989961	color=b3b1b2
HistocapCB192_6	2517183	2524527	HistoohiG217B_JAEVHH010000004	1777617	1784938	color=b3b1b2
HistocapCB192_6	4450459	4457787	HistoohiG217B_JAEVHH010000004	1196474	1189153	color=b3b1b2
HistocapCB192_6	1589883	1597198	HistoohiG217B_JAEVHH010000004	4462874	4455484	color=b3b1b2
HistocapCB192_6	3223072	3230367	HistoohiG217B_JAEVHH010000004	2660365	2653083	color=b3b1b2
HistocapCB192_6	633202	640493	HistoohiG217B_JAEVHH010000004	5908331	5901025	color=b3b1b2
HistocapCB192_6	1455776	1463065	HistoohiG217B_JAEVHH010000004	4615751	4608560	color=b3b1b2
HistocapCB192_6	2163563	2170837	HistoohiG217B_JAEVHH010000004	3631513	3624219	color=b3b1b2
HistocapCB192_6	3254802	3262072	HistoohiG217B_JAEVHH010000004	2620207	2612926	color=b3b1b2
HistocapCB192_6	1057449	1064690	HistoohiG217B_JAEVHH010000004	5345786	5338467	color=b3b1b2
HistocapCB192_6	2676165	2683335	HistoohiG217B_JAEVHH010000004	3207988	3200824	color=b3b1b2
HistocapCB192_6	5058665	5065815	HistoohiG217B_JAEVHH010000004	421183	413880	color=b3b1b2
HistocapCB192_6	1495745	1502889	HistoohiG217B_JAEVHH010000004	4570095	4563058	color=b3b1b2
HistocapCB192_6	3335741	3342870	HistoohiG217B_JAEVHH010000004	2545431	2538216	color=b3b1b2
HistocapCB192_6	3031919	3039040	HistoohiG217B_JAEVHH010000004	2852920	2845825	color=b3b1b2
HistocapCB192_6	3996763	4003783	HistoohiG217B_JAEVHH010000004	1624387	1617327	color=b3b1b2
HistocapCB192_6	1423284	1430296	HistoohiG217B_JAEVHH010000004	4978800	4971865	color=b3b1b2
HistocapCB192_6	1968820	1975831	HistoohiG217B_JAEVHH010000004	3834265	3827291	color=b3b1b2
HistocapCB192_6	1077911	1084906	HistoohiG217B_JAEVHH010000004	5334011	5327016	color=b3b1b2
HistocapCB192_6	1874679	1881659	HistoohiG217B_JAEVHH010000004	3922486	3915381	color=b3b1b2
HistocapCB192_6	3451628	3458565	HistoohiG217B_JAEVHH010000004	2428247	2421311	color=b3b1b2
HistocapCB192_6	914311	921218	HistoohiG217B_JAEVHH010000004	5526958	5520022	color=b3b1b2
HistocapCB192_6	4553197	4560084	HistoohiG217B_JAEVHH010000004	1105517	1098714	color=b3b1b2
HistocapCB192_6	3976987	3983857	HistoohiG217B_JAEVHH010000004	1643995	1637225	color=b3b1b2
HistocapCB192_6	1198894	1205762	HistoohiG217B_JAEVHH010000004	5210809	5203978	color=b3b1b2
HistocapCB192_6	5047111	5053946	HistoohiG217B_JAEVHH010000004	437240	430375	color=b3b1b2
HistocapCB192_6	3610172	3616967	HistoohiG217B_JAEVHH010000004	2227333	2220488	color=b3b1b2
HistocapCB192_6	3588926	3595717	HistoohiG217B_JAEVHH010000004	2244666	2237819	color=b3b1b2
HistocapCB192_6	3208396	3215167	HistoohiG217B_JAEVHH010000004	2675740	2668953	color=b3b1b2
HistocapCB192_6	1087536	1094268	HistoohiG217B_JAEVHH010000004	5322477	5315715	color=b3b1b2
HistocapCB192_6	3790244	3796974	HistoohiG217B_JAEVHH010000004	1846799	1840015	color=b3b1b2
HistocapCB192_6	4361829	4368539	HistoohiG217B_JAEVHH010000004	1268358	1261908	color=b3b1b2
HistocapCB192_6	1860933	1867635	HistoohiG217B_JAEVHH010000004	3936372	3929630	color=b3b1b2
HistocapCB192_6	1602168	1608858	HistoohiG217B_JAEVHH010000004	4297940	4291300	color=b3b1b2
HistocapCB192_6	4457888	4464576	HistoohiG217B_JAEVHH010000004	1189167	1182503	color=b3b1b2
HistocapCB192_6	4332088	4338775	HistoohiG217B_JAEVHH010000004	1296893	1290322	color=b3b1b2
HistocapCB192_6	2760488	2767168	HistoohiG217B_JAEVHH010000004	3133741	3126948	color=b3b1b2
HistocapCB192_6	4298703	4305356	HistoohiG217B_JAEVHH010000004	1331409	1324739	color=b3b1b2
HistocapCB192_6	5002138	5008786	HistoohiG217B_JAEVHH010000004	606452	599729	color=b3b1b2
HistocapCB192_6	3654838	3661480	HistoohiG217B_JAEVHH010000004	2142470	2135955	color=b3b1b2
HistocapCB192_6	4889254	4895779	HistoohiG217B_JAEVHH010000004	737797	731070	color=b3b1b2
HistocapCB192_6	4029662	4036183	HistoohiG217B_JAEVHH010000004	1596873	1590395	color=b3b1b2
HistocapCB192_6	3872144	3878643	HistoohiG217B_JAEVHH010000004	1750306	1743784	color=b3b1b2
HistocapCB192_6	1936111	1942573	HistoohiG217B_JAEVHH010000004	3865881	3859332	color=b3b1b2
HistocapCB192_6	2623655	2630074	HistoohiG217B_JAEVHH010000004	3259838	3253491	color=b3b1b2
HistocapCB192_6	4160881	4167263	HistoohiG217B_JAEVHH010000004	1461921	1455543	color=b3b1b2
HistocapCB192_6	3458658	3465035	HistoohiG217B_JAEVHH010000004	2421065	2414623	color=b3b1b2
HistocapCB192_6	793982	800210	HistoohiG217B_JAEVHH010000004	5759260	5752948	color=b3b1b2
HistocapCB192_6	4862336	4868554	HistoohiG217B_JAEVHH010000004	762442	756234	color=b3b1b2
HistocapCB192_6	3818556	3824770	HistoohiG217B_JAEVHH010000004	1821343	1815185	color=b3b1b2
HistocapCB192_6	3003470	3009671	HistoohiG217B_JAEVHH010000004	2883347	2877101	color=b3b1b2
HistocapCB192_6	2736047	2742232	HistoohiG217B_JAEVHH010000004	3157490	3151397	color=b3b1b2
HistocapCB192_6	3190772	3196955	HistoohiG217B_JAEVHH010000004	2689544	2683364	color=b3b1b2
HistocapCB192_6	5031427	5037603	HistoohiG217B_JAEVHH010000004	452097	445996	color=b3b1b2
HistocapCB192_6	522038	528208	HistoohiG217B_JAEVHH010000004	6484564	6490765	color=b3b1b2
HistocapCB192_6	4036287	4042394	HistoohiG217B_JAEVHH010000004	1589981	1583907	color=b3b1b2
HistocapCB192_6	3886583	3892559	HistoohiG217B_JAEVHH010000004	1736074	1730205	color=b3b1b2
HistocapCB192_6	4679277	4685156	HistoohiG217B_JAEVHH010000004	975153	969273	color=b3b1b2
HistocapCB192_6	5183675	5189526	HistoohiG217B_JAEVHH010000004	295307	289588	color=b3b1b2
HistocapCB192_6	4438689	4444530	HistoohiG217B_JAEVHH010000004	1205293	1199484	color=b3b1b2
HistocapCB192_6	2353062	2358892	HistoohiG217B_JAEVHH010000004	3411743	3405924	color=b3b1b2
HistocapCB192_6	4413999	4419821	HistoohiG217B_JAEVHH010000004	1228377	1222538	color=b3b1b2
HistocapCB192_6	1944634	1950445	HistoohiG217B_JAEVHH010000004	3857293	3851512	color=b3b1b2
HistocapCB192_6	2749702	2755480	HistoohiG217B_JAEVHH010000004	3144509	3138711	color=b3b1b2
HistocapCB192_6	3846838	3852586	HistoohiG217B_JAEVHH010000004	1800829	1795026	color=b3b1b2
HistocapCB192_6	4189555	4195267	HistoohiG217B_JAEVHH010000004	1435174	1429436	color=b3b1b2
HistocapCB192_6	2421570	2427270	HistoohiG217B_JAEVHH010000004	3341916	3336244	color=b3b1b2
HistocapCB192_6	4978832	4984502	HistoohiG217B_JAEVHH010000004	634758	629095	color=b3b1b2
HistocapCB192_6	1045608	1051266	HistoohiG217B_JAEVHH010000004	5356417	5350803	color=b3b1b2
HistocapCB192_6	2743513	2749143	HistoohiG217B_JAEVHH010000004	3150244	3144576	color=b3b1b2
HistocapCB192_6	4642385	4647998	HistoohiG217B_JAEVHH010000004	1011093	1005481	color=b3b1b2
HistocapCB192_6	3293288	3298850	HistoohiG217B_JAEVHH010000004	2582800	2577261	color=b3b1b2
HistocapCB192_6	1010058	1015581	HistoohiG217B_JAEVHH010000004	5386027	5380465	color=b3b1b2
HistocapCB192_6	1802686	1808198	HistoohiG217B_JAEVHH010000004	3998069	3992557	color=b3b1b2
HistocapCB192_6	2913366	2918878	HistoohiG217B_JAEVHH010000004	2991933	2986440	color=b3b1b2
HistocapCB192_6	3558378	3563858	HistoohiG217B_JAEVHH010000004	2273652	2268180	color=b3b1b2
HistocapCB192_6	1977586	1983026	HistoohiG217B_JAEVHH010000004	3825357	3819891	color=b3b1b2
HistocapCB192_6	3896883	3902297	HistoohiG217B_JAEVHH010000004	1724888	1719461	color=b3b1b2
HistocapCB192_6	531514	536911	HistoohiG217B_JAEVHH010000004	6424473	6419012	color=b3b1b2
HistocapCB192_6	3075665	3081056	HistoohiG217B_JAEVHH010000004	2810009	2804594	color=b3b1b2
HistocapCB192_6	3446027	3451296	HistoohiG217B_JAEVHH010000004	2433730	2428461	color=b3b1b2
HistocapCB192_6	2226144	2231384	HistoohiG217B_JAEVHH010000004	3591073	3585786	color=b3b1b2
HistocapCB192_6	2413703	2418932	HistoohiG217B_JAEVHH010000004	3351530	3346284	color=b3b1b2
HistocapCB192_6	709942	715154	HistoohiG217B_JAEVHH010000004	5828997	5823784	color=b3b1b2
HistocapCB192_6	591151	596358	HistoohiG217B_JAEVHH010000004	5952350	5947131	color=b3b1b2
HistocapCB192_6	651010	656202	HistoohiG217B_JAEVHH010000004	5884647	5879454	color=b3b1b2
HistocapCB192_6	4313576	4318756	HistoohiG217B_JAEVHH010000004	1316079	1310865	color=b3b1b2
HistocapCB192_6	5158592	5163764	HistoohiG217B_JAEVHH010000004	308485	303355	color=b3b1b2
HistocapCB192_6	4433228	4438368	HistoohiG217B_JAEVHH010000004	1210638	1205512	color=b3b1b2
HistocapCB192_6	4855943	4861079	HistoohiG217B_JAEVHH010000004	768880	763686	color=b3b1b2
HistocapCB192_6	3744262	3749377	HistoohiG217B_JAEVHH010000004	1891664	1886554	color=b3b1b2
HistocapCB192_6	4391471	4396558	HistoohiG217B_JAEVHH010000004	1237889	1232798	color=b3b1b2
HistocapCB192_6	2767347	2772432	HistoohiG217B_JAEVHH010000004	3126765	3121676	color=b3b1b2
HistocapCB192_6	1651709	1656767	HistoohiG217B_JAEVHH010000004	4247677	4242646	color=b3b1b2
HistocapCB192_6	1242405	1247448	HistoohiG217B_JAEVHH010000004	5162498	5157472	color=b3b1b2
HistocapCB192_6	2900305	2905332	HistoohiG217B_JAEVHH010000004	3006440	3001432	color=b3b1b2
HistocapCB192_6	4670831	4675789	HistoohiG217B_JAEVHH010000004	983135	978154	color=b3b1b2
HistocapCB192_6	2441272	2446206	HistoohiG217B_JAEVHH010000004	4302952	4298019	color=b3b1b2
HistocapCB192_6	625322	630246	HistoohiG217B_JAEVHH010000004	5919431	5914610	color=b3b1b2
HistocapCB192_6	1925808	1930712	HistoohiG217B_JAEVHH010000004	3876713	3871836	color=b3b1b2
HistocapCB192_6	2383291	2388193	HistoohiG217B_JAEVHH010000004	3381473	3376592	color=b3b1b2
HistocapCB192_6	2642101	2646984	HistoohiG217B_JAEVHH010000004	3239571	3234669	color=b3b1b2
HistocapCB192_6	2791977	2796860	HistoohiG217B_JAEVHH010000004	3111200	3106362	color=b3b1b2
HistocapCB192_6	3706287	3711115	HistoohiG217B_JAEVHH010000004	1929325	1924486	color=b3b1b2
HistocapCB192_6	1289888	1294698	HistoohiG217B_JAEVHH010000004	5114599	5109816	color=b3b1b2
HistocapCB192_6	2755637	2760366	HistoohiG217B_JAEVHH010000004	3138567	3133832	color=b3b1b2
HistocapCB192_6	1672816	1677519	HistoohiG217B_JAEVHH010000004	4230176	4225514	color=b3b1b2
HistocapCB192_6	1885905	1890604	HistoohiG217B_JAEVHH010000004	3911877	3907245	color=b3b1b2
HistocapCB192_6	3196968	3201650	HistoohiG217B_JAEVHH010000004	2682954	2678272	color=b3b1b2
HistocapCB192_6	1734172	1738852	HistoohiG217B_JAEVHH010000004	4117419	4112681	color=b3b1b2
HistocapCB192_6	3422872	3427540	HistoohiG217B_JAEVHH010000004	2456656	2451960	color=b3b1b2
HistocapCB192_6	1716463	1721129	HistoohiG217B_JAEVHH010000004	4137088	4132444	color=b3b1b2
HistocapCB192_6	4464571	4469232	HistoohiG217B_JAEVHH010000004	1182402	1177615	color=b3b1b2
HistocapCB192_6	4610498	4615148	HistoohiG217B_JAEVHH010000004	1048820	1044160	color=b3b1b2
HistocapCB192_6	3346870	3351509	HistoohiG217B_JAEVHH010000004	2533936	2529243	color=b3b1b2
HistocapCB192_6	3402662	3407281	HistoohiG217B_JAEVHH010000004	2478941	2474348	color=b3b1b2
HistocapCB192_6	1237546	1242150	HistoohiG217B_JAEVHH010000004	5167120	5162494	color=b3b1b2
HistocapCB192_6	2993279	2997864	HistoohiG217B_JAEVHH010000004	2908200	2903705	color=b3b1b2
HistocapCB192_6	3867519	3872104	HistoohiG217B_JAEVHH010000004	1764586	1760053	color=b3b1b2
HistocapCB192_6	4084977	4089552	HistoohiG217B_JAEVHH010000004	1534937	1530380	color=b3b1b2
HistocapCB192_6	3911077	3915642	HistoohiG217B_JAEVHH010000004	1711142	1706566	color=b3b1b2
HistocapCB192_6	1915288	1919835	HistoohiG217B_JAEVHH010000004	3885545	3880964	color=b3b1b2
HistocapCB192_6	1626320	1630857	HistoohiG217B_JAEVHH010000004	4275115	4270594	color=b3b1b2
HistocapCB192_6	3218473	3222988	HistoohiG217B_JAEVHH010000004	2665545	2661005	color=b3b1b2
HistocapCB192_6	2722812	2727317	HistoohiG217B_JAEVHH010000004	3171586	3167129	color=b3b1b2
HistocapCB192_6	1005507	1010004	HistoohiG217B_JAEVHH010000004	5390608	5386233	color=b3b1b2
HistocapCB192_6	1890705	1895189	HistoohiG217B_JAEVHH010000004	3907371	3902889	color=b3b1b2
HistocapCB192_6	1765024	1769507	HistoohiG217B_JAEVHH010000004	4087029	4082529	color=b3b1b2
HistocapCB192_6	1249702	1254174	HistoohiG217B_JAEVHH010000004	5154750	5150236	color=b3b1b2
HistocapCB192_6	2611826	2616285	HistoohiG217B_JAEVHH010000004	3269950	3265470	color=b3b1b2
HistocapCB192_6	1690730	1695186	HistoohiG217B_JAEVHH010000004	4162696	4158160	color=b3b1b2
HistocapCB192_6	663115	667538	HistoohiG217B_JAEVHH010000004	5874591	5870168	color=b3b1b2
HistocapCB192_6	4071845	4076259	HistoohiG217B_JAEVHH010000004	1548532	1544117	color=b3b1b2
HistocapCB192_6	949505	953916	HistoohiG217B_JAEVHH010000004	5440484	5435881	color=b3b1b2
HistocapCB192_6	3940026	3944432	HistoohiG217B_JAEVHH010000004	1681298	1676871	color=b3b1b2
HistocapCB192_6	2935965	2940369	HistoohiG217B_JAEVHH010000004	2967969	2963647	color=b3b1b2
HistocapCB192_6	3441509	3445889	HistoohiG217B_JAEVHH010000004	2438068	2433713	color=b3b1b2
HistocapCB192_6	1786215	1790583	HistoohiG217B_JAEVHH010000004	4021049	4016631	color=b3b1b2
HistocapCB192_6	1620231	1624551	HistoohiG217B_JAEVHH010000004	4281462	4277119	color=b3b1b2
HistocapCB192_6	541881	546200	HistoohiG217B_JAEVHH010000004	6357893	6362151	color=b3b1b2
HistocapCB192_6	1684980	1689295	HistoohiG217B_JAEVHH010000004	4193558	4189303	color=b3b1b2
HistocapCB192_6	4910538	4914841	HistoohiG217B_JAEVHH010000004	715092	710833	color=b3b1b2
HistocapCB192_6	3919529	3923826	HistoohiG217B_JAEVHH010000004	1702848	1698647	color=b3b1b2
HistocapCB192_6	1329626	1333903	HistoohiG217B_JAEVHH010000004	5075508	5071251	color=b3b1b2
HistocapCB192_6	3777631	3781904	HistoohiG217B_JAEVHH010000004	1854527	1850248	color=b3b1b2
HistocapCB192_6	838062	842330	HistoohiG217B_JAEVHH010000004	5601268	5597051	color=b3b1b2
HistocapCB192_6	822654	826912	HistoohiG217B_JAEVHH010000004	5616104	5611928	color=b3b1b2
HistocapCB192_6	4704031	4708248	HistoohiG217B_JAEVHH010000004	952142	947936	color=b3b1b2
HistocapCB192_6	1097966	1102180	HistoohiG217B_JAEVHH010000004	5313920	5309795	color=b3b1b2
HistocapCB192_6	3935476	3939688	HistoohiG217B_JAEVHH010000004	1685486	1681296	color=b3b1b2
HistocapCB192_6	4816090	4820295	HistoohiG217B_JAEVHH010000004	799072	794820	color=b3b1b2
HistocapCB192_6	4564187	4568362	HistoohiG217B_JAEVHH010000004	1096986	1092822	color=b3b1b2
HistocapCB192_6	3617133	3621302	HistoohiG217B_JAEVHH010000004	2220266	2216191	color=b3b1b2
HistocapCB192_6	2907042	2911209	HistoohiG217B_JAEVHH010000004	2998326	2994130	color=b3b1b2
HistocapCB192_6	3985570	3989736	HistoohiG217B_JAEVHH010000004	1635891	1631733	color=b3b1b2
HistocapCB192_6	3409840	3413994	HistoohiG217B_JAEVHH010000004	2471232	2467060	color=b3b1b2
HistocapCB192_6	2895698	2899831	HistoohiG217B_JAEVHH010000004	3010574	3006441	color=b3b1b2
HistocapCB192_6	4319941	4324074	HistoohiG217B_JAEVHH010000004	1308841	1304573	color=b3b1b2
HistocapCB192_6	803725	807847	HistoohiG217B_JAEVHH010000004	5749596	5745461	color=b3b1b2
HistocapCB192_6	4511732	4515851	HistoohiG217B_JAEVHH010000004	1145866	1141727	color=b3b1b2
HistocapCB192_6	2853511	2857624	HistoohiG217B_JAEVHH010000004	3057273	3053176	color=b3b1b2
HistocapCB192_6	5195821	5199928	HistoohiG217B_JAEVHH010000004	134530	130418	color=b3b1b2
HistocapCB192_6	3712480	3716571	HistoohiG217B_JAEVHH010000004	1923689	1919586	color=b3b1b2
HistocapCB192_6	2014274	2018355	HistoohiG217B_JAEVHH010000004	3769629	3765510	color=b3b1b2
HistocapCB192_6	2927155	2931221	HistoohiG217B_JAEVHH010000004	2977307	2973234	color=b3b1b2
HistocapCB192_6	1491571	1495614	HistoohiG217B_JAEVHH010000004	4574176	4570106	color=b3b1b2
HistocapCB192_6	2116771	2120804	HistoohiG217B_JAEVHH010000004	3668208	3664132	color=b3b1b2
HistocapCB192_6	4238197	4242220	HistoohiG217B_JAEVHH010000004	1386958	1382871	color=b3b1b2
HistocapCB192_6	4847168	4851191	HistoohiG217B_JAEVHH010000004	777352	773356	color=b3b1b2
HistocapCB192_6	1034885	1038893	HistoohiG217B_JAEVHH010000004	5367259	5363221	color=b3b1b2
HistocapCB192_6	2775135	2779129	HistoohiG217B_JAEVHH010000004	3119324	3115381	color=b3b1b2
HistocapCB192_6	2337310	2341257	HistoohiG217B_JAEVHH010000004	3427277	3423299	color=b3b1b2
HistocapCB192_6	2021097	2025014	HistoohiG217B_JAEVHH010000004	3761519	3757615	color=b3b1b2
HistocapCB192_6	4919641	4923551	HistoohiG217B_JAEVHH010000004	706123	702095	color=b3b1b2
HistocapCB192_6	2607073	2610963	HistoohiG217B_JAEVHH010000004	3310541	3306645	color=b3b1b2
HistocapCB192_6	2971181	2975022	HistoohiG217B_JAEVHH010000004	2932006	2928161	color=b3b1b2
HistocapCB192_6	1830752	1834564	HistoohiG217B_JAEVHH010000004	3969603	3965778	color=b3b1b2
HistocapCB192_6	818607	822414	HistoohiG217B_JAEVHH010000004	5620015	5616163	color=b3b1b2
HistocapCB192_6	4618212	4621912	HistoohiG217B_JAEVHH010000004	1041455	1037707	color=b3b1b2
HistocapCB192_6	2831754	2835443	HistoohiG217B_JAEVHH010000004	3077019	3073327	color=b3b1b2
HistocapCB192_6	3993087	3996768	HistoohiG217B_JAEVHH010000004	1628667	1625075	color=b3b1b2
HistocapCB192_6	3915768	3919438	HistoohiG217B_JAEVHH010000004	1706548	1702849	color=b3b1b2
HistocapCB192_6	4011344	4015007	HistoohiG217B_JAEVHH010000004	1615249	1611521	color=b3b1b2
HistocapCB192_6	1112746	1116403	HistoohiG217B_JAEVHH010000004	5299334	5295628	color=b3b1b2
HistocapCB192_6	3342868	3346525	HistoohiG217B_JAEVHH010000004	2537880	2534199	color=b3b1b2
HistocapCB192_6	865936	869561	HistoohiG217B_JAEVHH010000004	5576259	5572602	color=b3b1b2
HistocapCB192_6	4102088	4105711	HistoohiG217B_JAEVHH010000004	1517407	1513694	color=b3b1b2
HistocapCB192_6	3565524	3569143	HistoohiG217B_JAEVHH010000004	2267099	2263492	color=b3b1b2
HistocapCB192_6	2715997	2719587	HistoohiG217B_JAEVHH010000004	3176350	3172762	color=b3b1b2
HistocapCB192_6	3814172	3817761	HistoohiG217B_JAEVHH010000004	1827851	1824186	color=b3b1b2
HistocapCB192_6	4649752	4653336	HistoohiG217B_JAEVHH010000004	1005341	1001827	color=b3b1b2
HistocapCB192_6	4324297	4327864	HistoohiG217B_JAEVHH010000004	1304570	1301003	color=b3b1b2
HistocapCB192_6	2307341	2310907	HistoohiG217B_JAEVHH010000004	3442987	3439450	color=b3b1b2
HistocapCB192_6	4342761	4346292	HistoohiG217B_JAEVHH010000004	1286592	1283088	color=b3b1b2
HistocapCB192_6	3042385	3045914	HistoohiG217B_JAEVHH010000004	2842454	2838940	color=b3b1b2
HistocapCB192_6	1415773	1419295	HistoohiG217B_JAEVHH010000004	4987944	4984372	color=b3b1b2
HistocapCB192_6	4076338	4079824	HistoohiG217B_JAEVHH010000004	1543971	1540402	color=b3b1b2
HistocapCB192_6	3022993	3026465	HistoohiG217B_JAEVHH010000004	2861955	2858568	color=b3b1b2
HistocapCB192_6	2333450	2336918	HistoohiG217B_JAEVHH010000004	3430816	3427306	color=b3b1b2
HistocapCB192_6	1808398	1811865	HistoohiG217B_JAEVHH010000004	3992339	3988960	color=b3b1b2
HistocapCB192_6	3878861	3882316	HistoohiG217B_JAEVHH010000004	1743317	1739848	color=b3b1b2
HistocapCB192_6	1430691	1434145	HistoohiG217B_JAEVHH010000004	4960022	4956588	color=b3b1b2
HistocapCB192_6	3488963	3492387	HistoohiG217B_JAEVHH010000004	2382740	2379332	color=b3b1b2
HistocapCB192_6	3360196	3363612	HistoohiG217B_JAEVHH010000004	2520746	2517328	color=b3b1b2
HistocapCB192_6	4601529	4604934	HistoohiG217B_JAEVHH010000004	1056777	1053374	color=b3b1b2
HistocapCB192_6	785671	789073	HistoohiG217B_JAEVHH010000004	5767104	5763695	color=b3b1b2
HistocapCB192_6	1678002	1681376	HistoohiG217B_JAEVHH010000004	4200789	4197402	color=b3b1b2
HistocapCB192_6	1153273	1156636	HistoohiG217B_JAEVHH010000004	5259952	5256596	color=b3b1b2
HistocapCB192_6	2063184	2066540	HistoohiG217B_JAEVHH010000004	3722344	3719046	color=b3b1b2
HistocapCB192_6	3694402	3697750	HistoohiG217B_JAEVHH010000004	1942292	1938951	color=b3b1b2
HistocapCB192_6	2318489	2321819	HistoohiG217B_JAEVHH010000004	3436387	3433033	color=b3b1b2
HistocapCB192_6	1656866	1660154	HistoohiG217B_JAEVHH010000004	4242644	4239369	color=b3b1b2
HistocapCB192_6	1554554	1557839	HistoohiG217B_JAEVHH010000004	4511627	4508342	color=b3b1b2
HistocapCB192_6	3172133	3175416	HistoohiG217B_JAEVHH010000004	2709445	2706235	color=b3b1b2
HistocapCB192_6	1739191	1742452	HistoohiG217B_JAEVHH010000004	4112153	4108953	color=b3b1b2
HistocapCB192_6	3320008	3323251	HistoohiG217B_JAEVHH010000004	2557945	2554786	color=b3b1b2
HistocapCB192_6	4636362	4639605	HistoohiG217B_JAEVHH010000004	1017380	1014053	color=b3b1b2
HistocapCB192_6	688196	691429	HistoohiG217B_JAEVHH010000004	5850383	5847146	color=b3b1b2
HistocapCB192_6	4851300	4854520	HistoohiG217B_JAEVHH010000004	773309	770073	color=b3b1b2
HistocapCB192_6	3039036	3042246	HistoohiG217B_JAEVHH010000004	2845631	2842459	color=b3b1b2
HistocapCB192_6	1513116	1516322	HistoohiG217B_JAEVHH010000004	4552350	4549153	color=b3b1b2
HistocapCB192_6	4305489	4308655	HistoohiG217B_JAEVHH010000004	1324725	1321626	color=b3b1b2
HistocapCB192_6	4065249	4068413	HistoohiG217B_JAEVHH010000004	1554807	1551677	color=b3b1b2
HistocapCB192_6	2349805	2352960	HistoohiG217B_JAEVHH010000004	3414990	3411846	color=b3b1b2
HistocapCB192_6	3479659	3482810	HistoohiG217B_JAEVHH010000004	2399846	2396744	color=b3b1b2
HistocapCB192_6	4046948	4050094	HistoohiG217B_JAEVHH010000004	1578741	1575611	color=b3b1b2
HistocapCB192_6	4068511	4071648	HistoohiG217B_JAEVHH010000004	1551697	1548560	color=b3b1b2
HistocapCB192_6	3968747	3971877	HistoohiG217B_JAEVHH010000004	1651530	1648399	color=b3b1b2
HistocapCB192_6	2932594	2935714	HistoohiG217B_JAEVHH010000004	2971213	2968133	color=b3b1b2
HistocapCB192_6	800513	803630	HistoohiG217B_JAEVHH010000004	5752694	5749577	color=b3b1b2
HistocapCB192_6	5054044	5057159	HistoohiG217B_JAEVHH010000004	429781	426672	color=b3b1b2
HistocapCB192_6	614977	618091	HistoohiG217B_JAEVHH010000004	5933066	5929943	color=b3b1b2
HistocapCB192_6	2779273	2782340	HistoohiG217B_JAEVHH010000004	3115183	3112106	color=b3b1b2
HistocapCB192_6	4943441	4946494	HistoohiG217B_JAEVHH010000004	687005	683942	color=b3b1b2
HistocapCB192_6	983219	986245	HistoohiG217B_JAEVHH010000004	5405287	5402273	color=b3b1b2
HistocapCB192_6	1440360	1443382	HistoohiG217B_JAEVHH010000004	4874112	4871088	color=b3b1b2
HistocapCB192_6	4026445	4029446	HistoohiG217B_JAEVHH010000004	1600215	1597203	color=b3b1b2
HistocapCB192_6	4184050	4187037	HistoohiG217B_JAEVHH010000004	1438350	1435369	color=b3b1b2
HistocapCB192_6	790748	793733	HistoohiG217B_JAEVHH010000004	5762226	5759336	color=b3b1b2
HistocapCB192_6	3486000	3488971	HistoohiG217B_JAEVHH010000004	2385957	2382972	color=b3b1b2
HistocapCB192_6	1983959	1986899	HistoohiG217B_JAEVHH010000004	3792540	3789570	color=b3b1b2
HistocapCB192_6	4346428	4349357	HistoohiG217B_JAEVHH010000004	1283066	1280172	color=b3b1b2
HistocapCB192_6	775253	778176	HistoohiG217B_JAEVHH010000004	5770347	5767439	color=b3b1b2
HistocapCB192_6	5176496	5179410	HistoohiG217B_JAEVHH010000004	298402	295498	color=b3b1b2
HistocapCB192_6	2311045	2313928	HistoohiG217B_JAEVHH010000004	3439296	3436394	color=b3b1b2
HistocapCB192_6	5190320	5193203	HistoohiG217B_JAEVHH010000004	288857	285952	color=b3b1b2
HistocapCB192_6	1615277	1618148	HistoohiG217B_JAEVHH010000004	4287234	4284344	color=b3b1b2
HistocapCB192_6	618283	621126	HistoohiG217B_JAEVHH010000004	5929715	5926869	color=b3b1b2
HistocapCB192_6	1165822	1168663	HistoohiG217B_JAEVHH010000004	5241620	5238813	color=b3b1b2
HistocapCB192_6	3483073	3485900	HistoohiG217B_JAEVHH010000004	2388756	2385964	color=b3b1b2
HistocapCB192_6	4309681	4312497	HistoohiG217B_JAEVHH010000004	1320475	1317579	color=b3b1b2
HistocapCB192_6	2304417	2307229	HistoohiG217B_JAEVHH010000004	3445790	3442987	color=b3b1b2
HistocapCB192_6	4596238	4599050	HistoohiG217B_JAEVHH010000004	1061253	1058526	color=b3b1b2
HistocapCB192_6	3020076	3022881	HistoohiG217B_JAEVHH010000004	2865276	2862472	color=b3b1b2
HistocapCB192_6	1270778	1273577	HistoohiG217B_JAEVHH010000004	5134041	5131260	color=b3b1b2
HistocapCB192_6	668065	670848	HistoohiG217B_JAEVHH010000004	5870168	5867379	color=b3b1b2
HistocapCB192_6	3802131	3804904	HistoohiG217B_JAEVHH010000004	1839695	1836957	color=b3b1b2
HistocapCB192_6	4181056	4183796	HistoohiG217B_JAEVHH010000004	1440876	1438124	color=b3b1b2
HistocapCB192_6	3357393	3360132	HistoohiG217B_JAEVHH010000004	2523631	2520971	color=b3b1b2
HistocapCB192_6	2068519	2071249	HistoohiG217B_JAEVHH010000004	3717603	3714914	color=b3b1b2
HistocapCB192_6	3242101	3244831	HistoohiG217B_JAEVHH010000004	2632551	2629788	color=b3b1b2
HistocapCB192_6	660249	662976	HistoohiG217B_JAEVHH010000004	5877518	5874744	color=b3b1b2
HistocapCB192_6	4535957	4538676	HistoohiG217B_JAEVHH010000004	1123825	1121076	color=b3b1b2
HistocapCB192_6	2011490	2014201	HistoohiG217B_JAEVHH010000004	3772480	3769800	color=b3b1b2
HistocapCB192_6	4178251	4180951	HistoohiG217B_JAEVHH010000004	1443982	1441360	color=b3b1b2
HistocapCB192_6	4833824	4836522	HistoohiG217B_JAEVHH010000004	780144	777496	color=b3b1b2
HistocapCB192_6	2380607	2383300	HistoohiG217B_JAEVHH010000004	3384306	3381638	color=b3b1b2
HistocapCB192_6	1700570	1703248	HistoohiG217B_JAEVHH010000004	4152609	4149919	color=b3b1b2
HistocapCB192_6	4623219	4625867	HistoohiG217B_JAEVHH010000004	1028236	1025622	color=b3b1b2
HistocapCB192_6	4142972	4145616	HistoohiG217B_JAEVHH010000004	1479797	1477166	color=b3b1b2
HistocapCB192_6	4328694	4331337	HistoohiG217B_JAEVHH010000004	1300372	1297766	color=b3b1b2
HistocapCB192_6	1834657	1837285	HistoohiG217B_JAEVHH010000004	3963653	3960968	color=b3b1b2
HistocapCB192_6	4090025	4092633	HistoohiG217B_JAEVHH010000004	1529978	1527335	color=b3b1b2
HistocapCB192_6	4209423	4212030	HistoohiG217B_JAEVHH010000004	1415545	1412934	color=b3b1b2
HistocapCB192_6	4615329	4617916	HistoohiG217B_JAEVHH010000004	1044105	1041495	color=b3b1b2
HistocapCB192_6	3844130	3846713	HistoohiG217B_JAEVHH010000004	1803478	1800934	color=b3b1b2
HistocapCB192_6	2448481	2451058	HistoohiG217B_JAEVHH010000004	3320872	3318336	color=b3b1b2
HistocapCB192_6	4051115	4053676	HistoohiG217B_JAEVHH010000004	1568280	1565685	color=b3b1b2
HistocapCB192_6	1812058	1814610	HistoohiG217B_JAEVHH010000004	3988765	3986190	color=b3b1b2
HistocapCB192_6	3749557	3752108	HistoohiG217B_JAEVHH010000004	1886065	1883543	color=b3b1b2
HistocapCB192_6	5021338	5023884	HistoohiG217B_JAEVHH010000004	465822	463244	color=b3b1b2
HistocapCB192_6	4639631	4642159	HistoohiG217B_JAEVHH010000004	1013901	1011338	color=b3b1b2
HistocapCB192_6	2451158	2453679	HistoohiG217B_JAEVHH010000004	3318335	3315782	color=b3b1b2
HistocapCB192_6	1116686	1119206	HistoohiG217B_JAEVHH010000004	5295754	5293217	color=b3b1b2
HistocapCB192_6	1206105	1208618	HistoohiG217B_JAEVHH010000004	5203901	5201377	color=b3b1b2
HistocapCB192_6	3354775	3357288	HistoohiG217B_JAEVHH010000004	2526212	2523731	color=b3b1b2
HistocapCB192_6	1754027	1756534	HistoohiG217B_JAEVHH010000004	4098121	4095647	color=b3b1b2
HistocapCB192_6	4711637	4714141	HistoohiG217B_JAEVHH010000004	945318	942833	color=b3b1b2
HistocapCB192_6	3826366	3828852	HistoohiG217B_JAEVHH010000004	1813964	1811422	color=b3b1b2
HistocapCB192_6	2130932	2133403	HistoohiG217B_JAEVHH010000004	3661333	3658870	color=b3b1b2
HistocapCB192_6	1645598	1648059	HistoohiG217B_JAEVHH010000004	4255649	4253208	color=b3b1b2
HistocapCB192_6	4550008	4552460	HistoohiG217B_JAEVHH010000004	1108681	1106199	color=b3b1b2
HistocapCB192_6	750923	753370	HistoohiG217B_JAEVHH010000004	5798742	5796344	color=b3b1b2
HistocapCB192_6	1882088	1884526	HistoohiG217B_JAEVHH010000004	3914895	3912425	color=b3b1b2
HistocapCB192_6	2109346	2111773	HistoohiG217B_JAEVHH010000004	3672732	3670304	color=b3b1b2
HistocapCB192_6	2816878	2819304	HistoohiG217B_JAEVHH010000004	3088901	3086423	color=b3b1b2
HistocapCB192_6	3329022	3331446	HistoohiG217B_JAEVHH010000004	2551533	2549080	color=b3b1b2
HistocapCB192_6	946987	949409	HistoohiG217B_JAEVHH010000004	5442888	5440484	color=b3b1b2
HistocapCB192_6	1559924	1562339	HistoohiG217B_JAEVHH010000004	4502278	4499860	color=b3b1b2
HistocapCB192_6	3752578	3754987	HistoohiG217B_JAEVHH010000004	1881938	1879575	color=b3b1b2
HistocapCB192_6	4750322	4752709	HistoohiG217B_JAEVHH010000004	907098	904659	color=b3b1b2
HistocapCB192_6	1987080	1989465	HistoohiG217B_JAEVHH010000004	3789457	3787139	color=b3b1b2
HistocapCB192_6	3332903	3335284	HistoohiG217B_JAEVHH010000004	2547769	2545434	color=b3b1b2
HistocapCB192_6	1193493	1195853	HistoohiG217B_JAEVHH010000004	5213439	5211085	color=b3b1b2
HistocapCB192_6	4427981	4430341	HistoohiG217B_JAEVHH010000004	1214171	1211824	color=b3b1b2
HistocapCB192_6	630347	632699	HistoohiG217B_JAEVHH010000004	5910935	5908588	color=b3b1b2
HistocapCB192_6	2819733	2822080	HistoohiG217B_JAEVHH010000004	3086392	3084107	color=b3b1b2
HistocapCB192_6	4339111	4341454	HistoohiG217B_JAEVHH010000004	1290280	1287942	color=b3b1b2
HistocapCB192_6	4744749	4747071	HistoohiG217B_JAEVHH010000004	912590	910255	color=b3b1b2
HistocapCB192_6	3407296	3409616	HistoohiG217B_JAEVHH010000004	2474163	2471835	color=b3b1b2
HistocapCB192_6	924198	926517	HistoohiG217B_JAEVHH010000004	5520005	5517680	color=b3b1b2
HistocapCB192_6	5017479	5019797	HistoohiG217B_JAEVHH010000004	591492	589180	color=b3b1b2
HistocapCB192_6	1643105	1645416	HistoohiG217B_JAEVHH010000004	4258612	4256324	color=b3b1b2
HistocapCB192_6	4042394	4044698	HistoohiG217B_JAEVHH010000004	1583768	1581448	color=b3b1b2
HistocapCB192_6	758024	760326	HistoohiG217B_JAEVHH010000004	5785841	5783519	color=b3b1b2
HistocapCB192_6	5070229	5072528	HistoohiG217B_JAEVHH010000004	407361	405033	color=b3b1b2
HistocapCB192_6	2602977	2605272	HistoohiG217B_JAEVHH010000004	3314771	3312455	color=b3b1b2
HistocapCB192_6	2689788	2692057	HistoohiG217B_JAEVHH010000004	3200458	3198205	color=b3b1b2
HistocapCB192_6	3290487	3292756	HistoohiG217B_JAEVHH010000004	2585058	2582799	color=b3b1b2
HistocapCB192_6	1837445	1839708	HistoohiG217B_JAEVHH010000004	3960967	3958725	color=b3b1b2
HistocapCB192_6	1419296	1421553	HistoohiG217B_JAEVHH010000004	4984073	4981817	color=b3b1b2
HistocapCB192_6	3661581	3663833	HistoohiG217B_JAEVHH010000004	2135973	2133712	color=b3b1b2
HistocapCB192_6	4813679	4815926	HistoohiG217B_JAEVHH010000004	801843	799602	color=b3b1b2
HistocapCB192_6	2059664	2061910	HistoohiG217B_JAEVHH010000004	3725299	3723026	color=b3b1b2
HistocapCB192_6	3234469	3236714	HistoohiG217B_JAEVHH010000004	2649270	2647045	color=b3b1b2
HistocapCB192_6	4630806	4633045	HistoohiG217B_JAEVHH010000004	3057396	3059635	color=b3b1b2
HistocapCB192_6	1933911	1936122	HistoohiG217B_JAEVHH010000004	3868347	3866175	color=b3b1b2
HistocapCB192_6	3932993	3935204	HistoohiG217B_JAEVHH010000004	1689867	1687679	color=b3b1b2
HistocapCB192_6	623104	625314	HistoohiG217B_JAEVHH010000004	5921799	5919599	color=b3b1b2
HistocapCB192_6	3990621	3992830	HistoohiG217B_JAEVHH010000004	1630974	1628781	color=b3b1b2
HistocapCB192_6	553895	556088	HistoohiG217B_JAEVHH010000004	6341347	6339151	color=b3b1b2
HistocapCB192_6	4140562	4142744	HistoohiG217B_JAEVHH010000004	1482100	1479887	color=b3b1b2
HistocapCB192_6	2095308	2097482	HistoohiG217B_JAEVHH010000004	3691615	3689425	color=b3b1b2
HistocapCB192_6	674240	676411	HistoohiG217B_JAEVHH010000004	5863758	5861611	color=b3b1b2
HistocapCB192_6	1015564	1017732	HistoohiG217B_JAEVHH010000004	2320651	2322861	color=b3b1b2
HistocapCB192_6	5026874	5029027	HistoohiG217B_JAEVHH010000004	460560	458391	color=b3b1b2
HistocapCB192_6	4062888	4065029	HistoohiG217B_JAEVHH010000004	1557065	1554892	color=b3b1b2
HistocapCB192_6	4215082	4217218	HistoohiG217B_JAEVHH010000004	1410389	1408260	color=b3b1b2
HistocapCB192_6	3081175	3083299	HistoohiG217B_JAEVHH010000004	2804578	2802433	color=b3b1b2
HistocapCB192_6	2524528	2526651	HistoohiG217B_JAEVHH010000004	1759996	1757853	color=b3b1b2
HistocapCB192_6	1871364	1873480	HistoohiG217B_JAEVHH010000004	3925833	3923754	color=b3b1b2
HistocapCB192_6	1443381	1445491	HistoohiG217B_JAEVHH010000004	4815456	4813360	color=b3b1b2
HistocapCB192_6	1721276	1723386	HistoohiG217B_JAEVHH010000004	4130953	4128851	color=b3b1b2
HistocapCB192_6	3841811	3843909	HistoohiG217B_JAEVHH010000004	1805650	1803551	color=b3b1b2
HistocapCB192_6	3352580	3354674	HistoohiG217B_JAEVHH010000004	2527149	2529214	color=b3b1b2
HistocapCB192_6	2990693	2992786	HistoohiG217B_JAEVHH010000004	2912146	2910057	color=b3b1b2
HistocapCB192_6	4081591	4083677	HistoohiG217B_JAEVHH010000004	1538892	1536790	color=b3b1b2
HistocapCB192_6	4626928	4629003	HistoohiG217B_JAEVHH010000004	1024730	1022598	color=b3b1b2
HistocapCB192_6	980845	982916	HistoohiG217B_JAEVHH010000004	5408291	5406201	color=b3b1b2
HistocapCB192_6	1518401	1520469	HistoohiG217B_JAEVHH010000004	4547249	4545185	color=b3b1b2
HistocapCB192_6	2911305	2913366	HistoohiG217B_JAEVHH010000004	2994130	2992104	color=b3b1b2
HistocapCB192_6	4495951	4498002	HistoohiG217B_JAEVHH010000004	1148268	1146217	color=b3b1b2
HistocapCB192_6	2120939	2122976	HistoohiG217B_JAEVHH010000004	3663474	3661427	color=b3b1b2
HistocapCB192_6	3944572	3946581	HistoohiG217B_JAEVHH010000004	1676511	1674510	color=b3b1b2
HistocapCB192_6	5067776	5069782	HistoohiG217B_JAEVHH010000004	410412	408347	color=b3b1b2
HistocapCB192_6	1930713	1932693	HistoohiG217B_JAEVHH010000004	3871511	3869530	color=b3b1b2
HistocapCB192_6	4493753	4495706	HistoohiG217B_JAEVHH010000004	1150216	1148270	color=b3b1b2
HistocapCB192_6	3365448	3367381	HistoohiG217B_JAEVHH010000004	2514913	2512934	color=b3b1b2
HistocapCB192_6	816567	818498	HistoohiG217B_JAEVHH010000004	5621987	5620015	color=b3b1b2
HistocapCB192_6	4044858	4046762	HistoohiG217B_JAEVHH010000004	1581151	1579182	color=b3b1b2
HistocapCB192_6	2114718	2116616	HistoohiG217B_JAEVHH010000004	3670306	3668396	color=b3b1b2
HistocapCB192_6	3830456	3832349	HistoohiG217B_JAEVHH010000004	1808638	1806739	color=b3b1b2
HistocapCB192_6	1534248	1536121	HistoohiG217B_JAEVHH010000004	4532757	4530915	color=b3b1b2
HistocapCB192_6	2331490	2333349	HistoohiG217B_JAEVHH010000004	3432794	3430935	color=b3b1b2
HistocapCB192_6	2866040	2867899	HistoohiG217B_JAEVHH010000004	3038233	3036368	color=b3b1b2
HistocapCB192_6	4810231	4812090	HistoohiG217B_JAEVHH010000004	805011	803149	color=b3b1b2
HistocapCB192_6	1824578	1826418	HistoohiG217B_JAEVHH010000004	3977190	3975331	color=b3b1b2
HistocapCB192_6	4633087	4634926	HistoohiG217B_JAEVHH010000004	1021225	1019414	color=b3b1b2
HistocapCB192_6	4915331	4917165	HistoohiG217B_JAEVHH010000004	710552	708716	color=b3b1b2
HistocapCB192_6	1520569	1522402	HistoohiG217B_JAEVHH010000004	4545184	4543328	color=b3b1b2
HistocapCB192_6	5029048	5030837	HistoohiG217B_JAEVHH010000004	453928	452127	color=b3b1b2
HistocapCB192_6	4763765	4765550	HistoohiG217B_JAEVHH010000004	893118	891330	color=b3b1b2
HistocapCB192_6	1225655	1227421	HistoohiG217B_JAEVHH010000004	5183404	5181687	color=b3b1b2
HistocapCB192_6	2223891	2225657	HistoohiG217B_JAEVHH010000004	3593015	3591252	color=b3b1b2
HistocapCB192_6	1681495	1683250	HistoohiG217B_JAEVHH010000004	4197379	4195624	color=b3b1b2
HistocapCB192_6	506647	508400	HistoohiG217B_JAEVHH010000004	6471129	6472881	color=b3b1b2
HistocapCB192_6	4446055	4447768	HistoohiG217B_JAEVHH010000004	1198203	1196489	color=b3b1b2
HistocapCB192_6	1790811	1792514	HistoohiG217B_JAEVHH010000004	4016279	4014568	color=b3b1b2
HistocapCB192_6	3895056	3896738	HistoohiG217B_JAEVHH010000004	1726658	1724984	color=b3b1b2
HistocapCB192_6	3046301	3047974	HistoohiG217B_JAEVHH010000004	2838734	2837059	color=b3b1b2
HistocapCB192_6	2018358	2020029	HistoohiG217B_JAEVHH010000004	3765365	3763667	color=b3b1b2
HistocapCB192_6	621226	622874	HistoohiG217B_JAEVHH010000004	5925988	5924293	color=b3b1b2
HistocapCB192_6	2530349	2531986	HistoohiG217B_JAEVHH010000004	1751963	1750331	color=b3b1b2
HistocapCB192_6	4779567	4781198	HistoohiG217B_JAEVHH010000004	876245	874602	color=b3b1b2
HistocapCB192_6	3699160	3700787	HistoohiG217B_JAEVHH010000004	1938388	1936818	color=b3b1b2
HistocapCB192_6	4159109	4160732	HistoohiG217B_JAEVHH010000004	1463598	1461963	color=b3b1b2
HistocapCB192_6	656203	657823	HistoohiG217B_JAEVHH010000004	5879172	5877569	color=b3b1b2
HistocapCB192_6	3884866	3886482	HistoohiG217B_JAEVHH010000004	1738402	1736752	color=b3b1b2
HistocapCB192_6	1869362	1870976	HistoohiG217B_JAEVHH010000004	3927900	3926300	color=b3b1b2
HistocapCB192_6	2905332	2906942	HistoohiG217B_JAEVHH010000004	3001177	2999573	color=b3b1b2
HistocapCB192_6	1631006	1632583	HistoohiG217B_JAEVHH010000004	4270493	4268912	color=b3b1b2
HistocapCB192_6	4871486	4873060	HistoohiG217B_JAEVHH010000004	755537	753947	color=b3b1b2
HistocapCB192_6	1055185	1056753	HistoohiG217B_JAEVHH010000004	5350446	5348894	color=b3b1b2
HistocapCB192_6	1950750	1952308	HistoohiG217B_JAEVHH010000004	3851493	3849952	color=b3b1b2
HistocapCB192_6	1867670	1869225	HistoohiG217B_JAEVHH010000004	3929442	3927902	color=b3b1b2
HistocapCB192_6	1613578	1615132	HistoohiG217B_JAEVHH010000004	4289027	4287471	color=b3b1b2
HistocapCB192_6	4116563	4118117	HistoohiG217B_JAEVHH010000004	1502555	1501001	color=b3b1b2
HistocapCB192_6	4933745	4935279	HistoohiG217B_JAEVHH010000004	695497	693958	color=b3b1b2
HistocapCB192_6	3893373	3894898	HistoohiG217B_JAEVHH010000004	1729287	1727768	color=b3b1b2
HistocapCB192_6	5058074	5059598	HistoohiG217B_JAEVHH010000004	421728	420248	color=b3b1b2
HistocapCB192_6	2427270	2428756	HistoohiG217B_JAEVHH010000004	3336114	3334673	color=b3b1b2
HistocapCB192_6	3704696	3706159	HistoohiG217B_JAEVHH010000004	1931015	1929512	color=b3b1b2
HistocapCB192_6	789192	790650	HistoohiG217B_JAEVHH010000004	5763688	5762221	color=b3b1b2
HistocapCB192_6	4977019	4978471	HistoohiG217B_JAEVHH010000004	657575	656057	color=b3b1b2
HistocapCB192_6	1624777	1626222	HistoohiG217B_JAEVHH010000004	4276587	4275113	color=b3b1b2
HistocapCB192_6	5156577	5158005	HistoohiG217B_JAEVHH010000004	310352	308924	color=b3b1b2
HistocapCB192_6	4999239	5000664	HistoohiG217B_JAEVHH010000004	614317	612910	color=b3b1b2
HistocapCB192_6	2066965	2068330	HistoohiG217B_JAEVHH010000004	3719008	3717650	color=b3b1b2
HistocapCB192_6	1683360	1684715	HistoohiG217B_JAEVHH010000004	4195620	4194250	color=b3b1b2
HistocapCB192_6	2620424	2621777	HistoohiG217B_JAEVHH010000004	3262709	3261381	color=b3b1b2
HistocapCB192_6	5023942	5025291	HistoohiG217B_JAEVHH010000004	462832	461441	color=b3b1b2
HistocapCB192_6	1529561	1530906	HistoohiG217B_JAEVHH010000004	4537476	4536081	color=b3b1b2
HistocapCB192_6	3783548	3784893	HistoohiG217B_JAEVHH010000004	1848146	1846810	color=b3b1b2
HistocapCB192_6	426322	427655	HistoohiG217B_JAEVHH010000004	4849919	4851237	color=b3b1b2
HistocapCB192_6	1763581	1764909	HistoohiG217B_JAEVHH010000004	4088239	4086917	color=b3b1b2
HistocapCB192_6	3527075	3528400	HistoohiG217B_JAEVHH010000004	4328267	4326943	color=b3b1b2
HistocapCB192_6	2946583	2947902	HistoohiG217B_JAEVHH010000004	2956304	2954968	color=b3b1b2
HistocapCB192_6	4909227	4910540	HistoohiG217B_JAEVHH010000004	717481	716172	color=b3b1b2
HistocapCB192_6	912805	914078	HistoohiG217B_JAEVHH010000004	5528362	5527107	color=b3b1b2
HistocapCB192_6	4444675	4445942	HistoohiG217B_JAEVHH010000004	1199476	1198202	color=b3b1b2
HistocapCB192_6	4812313	4813578	HistoohiG217B_JAEVHH010000004	803069	801826	color=b3b1b2
HistocapCB192_6	2616388	2617651	HistoohiG217B_JAEVHH010000004	3265148	3263882	color=b3b1b2
HistocapCB192_6	686479	687729	HistoohiG217B_JAEVHH010000004	5851699	5850379	color=b3b1b2
HistocapCB192_6	2528187	2529428	HistoohiG217B_JAEVHH010000004	1751963	1750726	color=b3b1b2
HistocapCB192_6	3984060	3985292	HistoohiG217B_JAEVHH010000004	1637138	1635912	color=b3b1b2
HistocapCB192_6	4830991	4832212	HistoohiG217B_JAEVHH010000004	784440	783216	color=b3b1b2
HistocapCB192_6	3160052	3161237	HistoohiG217B_JAEVHH010000004	2725854	2724663	color=b3b1b2
HistocapCB192_6	1660307	1661489	HistoohiG217B_JAEVHH010000004	4239237	4238081	color=b3b1b2
HistocapCB192_6	3824875	3826051	HistoohiG217B_JAEVHH010000004	1815185	1814005	color=b3b1b2
HistocapCB192_6	2412430	2413602	HistoohiG217B_JAEVHH010000004	3352667	3351530	color=b3b1b2
HistocapCB192_6	4873567	4874712	HistoohiG217B_JAEVHH010000004	753287	752109	color=b3b1b2
HistocapCB192_6	3318764	3319907	HistoohiG217B_JAEVHH010000004	2559261	2558123	color=b3b1b2
HistocapCB192_6	596484	597611	HistoohiG217B_JAEVHH010000004	5947131	5946010	color=b3b1b2
HistocapCB192_6	1823285	1824410	HistoohiG217B_JAEVHH010000004	3978520	3977396	color=b3b1b2
HistocapCB192_6	753528	754650	HistoohiG217B_JAEVHH010000004	5794817	5793691	color=b3b1b2
HistocapCB192_6	1932790	1933911	HistoohiG217B_JAEVHH010000004	3869662	3868496	color=b3b1b2
HistocapCB192_6	1516447	1517562	HistoohiG217B_JAEVHH010000004	4548884	4547771	color=b3b1b2
HistocapCB192_6	3865687	3866800	HistoohiG217B_JAEVHH010000004	1766450	1765308	color=b3b1b2
HistocapCB192_6	1778615	1779725	HistoohiG217B_JAEVHH010000004	4048877	4047769	color=b3b1b2
HistocapCB192_6	1421655	1422764	HistoohiG217B_JAEVHH010000004	4981512	4980405	color=b3b1b2
HistocapCB192_6	4937391	4938495	HistoohiG217B_JAEVHH010000004	692537	691451	color=b3b1b2
HistocapCB192_6	2411341	2412429	HistoohiG217B_JAEVHH010000004	3353850	3352759	color=b3b1b2
HistocapCB192_6	5066563	5067645	HistoohiG217B_JAEVHH010000004	411572	410518	color=b3b1b2
HistocapCB192_6	3265663	3266730	HistoohiG217B_JAEVHH010000004	2611816	2610750	color=b3b1b2
HistocapCB192_6	4996086	4997106	HistoohiG217B_JAEVHH010000004	620572	619552	color=b3b1b2
HistocapCB192_6	2419564	2420571	HistoohiG217B_JAEVHH010000004	3345140	3344120	color=b3b1b2
HistocapCB192_6	1619154	1620158	HistoohiG217B_JAEVHH010000004	4282529	4283591	color=b3b1b2
