Histocap1517p17_3	2677058	2700616	HistocapCB192_3	2596035	2619590	color=b3b1b2
Histocap1517p17_3	1329149	1347553	HistocapCB192_3	1258673	1277150	color=b3b1b2
Histocap1517p17_3	3443686	3461990	HistocapCB192_3	3330397	3348731	color=b3b1b2
Histocap1517p17_3	872085	889676	HistocapCB192_3	819924	837435	color=b3b1b2
Histocap1517p17_3	3645558	3662792	HistocapCB192_3	3517422	3534784	color=b3b1b2
Histocap1517p17_3	2940351	2957492	HistocapCB192_3	2862844	2879993	color=b3b1b2
Histocap1517p17_3	656350	672536	HistocapCB192_3	596459	612703	color=b3b1b2
Histocap1517p17_3	2738852	2754998	HistocapCB192_3	2656262	2672386	color=b3b1b2
Histocap1517p17_3	2078876	2094368	HistocapCB192_3	2046692	2062136	color=b3b1b2
Histocap1517p17_3	454525	469803	HistocapCB192_3	412207	427510	color=b3b1b2
Histocap1517p17_3	1083079	1098182	HistocapCB192_3	1002901	1018023	color=b3b1b2
Histocap1517p17_3	2395151	2410178	HistocapCB192_3	2329482	2344515	color=b3b1b2
Histocap1517p17_3	2032797	2047817	HistocapCB192_3	2001253	2016308	color=b3b1b2
Histocap1517p17_3	3154668	3168986	HistocapCB192_3	3054304	3068664	color=b3b1b2
Histocap1517p17_3	1228806	1242664	HistocapCB192_3	1159675	1173625	color=b3b1b2
Histocap1517p17_3	3029530	3042879	HistocapCB192_3	2939643	2953037	color=b3b1b2
Histocap1517p17_3	2277694	2290898	HistocapCB192_3	2201985	2215175	color=b3b1b2
Histocap1517p17_3	2203723	2216655	HistocapCB192_3	2137834	2150757	color=b3b1b2
Histocap1517p17_3	1496639	1509536	HistocapCB192_3	1437382	1450233	color=b3b1b2
Histocap1517p17_3	3063005	3075807	HistocapCB192_3	2969850	2982739	color=b3b1b2
Histocap1517p17_3	228535	241262	HistocapCB192_3	205436	218183	color=b3b1b2
Histocap1517p17_3	482365	494889	HistocapCB192_3	440111	452594	color=b3b1b2
Histocap1517p17_3	1103177	1115557	HistocapCB192_3	1023780	1036081	color=b3b1b2
Histocap1517p17_3	1476985	1489088	HistocapCB192_3	1415911	1427965	color=b3b1b2
Histocap1517p17_3	2905180	2917256	HistocapCB192_3	2816389	2828537	color=b3b1b2
Histocap1517p17_3	2639610	2651530	HistocapCB192_3	2551364	2563221	color=b3b1b2
Histocap1517p17_3	103391	115152	HistocapCB192_3	119661	131428	color=b3b1b2
Histocap1517p17_3	1140285	1151989	HistocapCB192_3	1059782	1071432	color=b3b1b2
Histocap1517p17_3	2665366	2677042	HistocapCB192_3	2584235	2595934	color=b3b1b2
Histocap1517p17_3	1003470	1014923	HistocapCB192_3	923079	934537	color=b3b1b2
Histocap1517p17_3	150735	162084	HistocapCB192_3	144825	156312	color=b3b1b2
Histocap1517p17_3	2176613	2187905	HistocapCB192_3	2108644	2119870	color=b3b1b2
Histocap1517p17_3	967848	978989	HistocapCB192_3	886682	897869	color=b3b1b2
Histocap1517p17_3	3338241	3349299	HistocapCB192_3	3228787	3239887	color=b3b1b2
Histocap1517p17_3	714766	725768	HistocapCB192_3	645197	656166	color=b3b1b2
Histocap1517p17_3	162101	173030	HistocapCB192_3	156413	167519	color=b3b1b2
Histocap1517p17_3	28463	39392	HistocapCB192_3	36641	47596	color=b3b1b2
Histocap1517p17_3	1899875	1910719	HistocapCB192_3	1875287	1886161	color=b3b1b2
Histocap1517p17_3	1069125	1079948	HistocapCB192_3	988289	999112	color=b3b1b2
Histocap1517p17_3	469920	480535	HistocapCB192_3	427684	438375	color=b3b1b2
Histocap1517p17_3	2361954	2372556	HistocapCB192_3	2296576	2307249	color=b3b1b2
Histocap1517p17_3	2480440	2491014	HistocapCB192_3	2414321	2424929	color=b3b1b2
Histocap1517p17_3	1880138	1890632	HistocapCB192_3	1856823	1867202	color=b3b1b2
Histocap1517p17_3	1549165	1559596	HistocapCB192_3	1491009	1501362	color=b3b1b2
Histocap1517p17_3	1635364	1645751	HistocapCB192_3	1579250	1589674	color=b3b1b2
Histocap1517p17_3	986536	996845	HistocapCB192_3	905518	915833	color=b3b1b2
Histocap1517p17_3	3472997	3483136	HistocapCB192_3	3359293	3369391	color=b3b1b2
Histocap1517p17_3	3672944	3683039	HistocapCB192_3	3553427	3563543	color=b3b1b2
Histocap1517p17_3	1260786	1270790	HistocapCB192_3	1185351	1195389	color=b3b1b2
Histocap1517p17_3	3079189	3089177	HistocapCB192_3	2986227	2996186	color=b3b1b2
Histocap1517p17_3	3052795	3062679	HistocapCB192_3	2959597	2969425	color=b3b1b2
Histocap1517p17_3	531384	541251	HistocapCB192_3	490278	500128	color=b3b1b2
Histocap1517p17_3	1029175	1039026	HistocapCB192_3	949563	959426	color=b3b1b2
Histocap1517p17_3	1421708	1431500	HistocapCB192_3	1353621	1363463	color=b3b1b2
Histocap1517p17_3	3720554	3730343	HistocapCB192_3	3610882	3620675	color=b3b1b2
Histocap1517p17_3	1372027	1381567	HistocapCB192_3	1306294	1315829	color=b3b1b2
Histocap1517p17_3	847458	856883	HistocapCB192_3	795518	804903	color=b3b1b2
Histocap1517p17_3	1319561	1328897	HistocapCB192_3	1248925	1258308	color=b3b1b2
Histocap1517p17_3	1176472	1185805	HistocapCB192_3	1095978	1105385	color=b3b1b2
Histocap1517p17_3	1648690	1657999	HistocapCB192_3	1592648	1601974	color=b3b1b2
Histocap1517p17_3	743609	752908	HistocapCB192_3	680072	689405	color=b3b1b2
Histocap1517p17_3	1189000	1198193	HistocapCB192_3	1117981	1127113	color=b3b1b2
Histocap1517p17_3	1152080	1161205	HistocapCB192_3	1071533	1080717	color=b3b1b2
Histocap1517p17_3	3564191	3573244	HistocapCB192_3	3443801	3452753	color=b3b1b2
Histocap1517p17_3	246416	255419	HistocapCB192_3	222517	231551	color=b3b1b2
Histocap1517p17_3	2413355	2422241	HistocapCB192_3	2347569	2356349	color=b3b1b2
Histocap1517p17_3	857716	866458	HistocapCB192_3	805680	814307	color=b3b1b2
Histocap1517p17_3	3327405	3336105	HistocapCB192_3	3217645	3226316	color=b3b1b2
Histocap1517p17_3	3144635	3153333	HistocapCB192_3	3042038	3050844	color=b3b1b2
Histocap1517p17_3	2963754	2972360	HistocapCB192_3	2887433	2896012	color=b3b1b2
Histocap1517p17_3	2620231	2628703	HistocapCB192_3	2529513	2538033	color=b3b1b2
Histocap1517p17_3	2880873	2889276	HistocapCB192_3	2795669	2804079	color=b3b1b2
Histocap1517p17_3	69744	78027	HistocapCB192_3	86106	94492	color=b3b1b2
Histocap1517p17_3	1539049	1547132	HistocapCB192_3	1481074	1489027	color=b3b1b2
Histocap1517p17_3	1890742	1898766	HistocapCB192_3	1867202	1875218	color=b3b1b2
Histocap1517p17_3	646767	654789	HistocapCB192_3	583787	591767	color=b3b1b2
Histocap1517p17_3	1298265	1306262	HistocapCB192_3	1226531	1234508	color=b3b1b2
Histocap1517p17_3	1051867	1059833	HistocapCB192_3	972607	980601	color=b3b1b2
Histocap1517p17_3	3181034	3188983	HistocapCB192_3	3075195	3083143	color=b3b1b2
Histocap1517p17_3	3730596	3738527	HistocapCB192_3	3621175	3629081	color=b3b1b2
Histocap1517p17_3	1043954	1051859	HistocapCB192_3	963973	971998	color=b3b1b2
Histocap1517p17_3	495003	502894	HistocapCB192_3	452611	460418	color=b3b1b2
Histocap1517p17_3	427870	435731	HistocapCB192_3	386253	394196	color=b3b1b2
Histocap1517p17_3	897319	905131	HistocapCB192_3	845567	853454	color=b3b1b2
Histocap1517p17_3	1582630	1590437	HistocapCB192_3	1523141	1530838	color=b3b1b2
Histocap1517p17_3	930646	938432	HistocapCB192_3	853557	861307	color=b3b1b2
Histocap1517p17_3	3547819	3555600	HistocapCB192_3	3427658	3435532	color=b3b1b2
Histocap1517p17_3	2024921	2032687	HistocapCB192_3	1993471	2001251	color=b3b1b2
Histocap1517p17_3	2760381	2768095	HistocapCB192_3	2677774	2685418	color=b3b1b2
Histocap1517p17_3	818059	825736	HistocapCB192_3	761672	769403	color=b3b1b2
Histocap1517p17_3	545913	553529	HistocapCB192_3	503345	511103	color=b3b1b2
Histocap1517p17_3	3526127	3533732	HistocapCB192_3	3407822	3415464	color=b3b1b2
Histocap1517p17_3	410261	417824	HistocapCB192_3	367272	374866	color=b3b1b2
Histocap1517p17_3	2299291	2306843	HistocapCB192_3	2227437	2234941	color=b3b1b2
Histocap1517p17_3	979056	986503	HistocapCB192_3	897970	905417	color=b3b1b2
Histocap1517p17_3	1167701	1175118	HistocapCB192_3	1087384	1094841	color=b3b1b2
Histocap1517p17_3	1290612	1298022	HistocapCB192_3	1215158	1222537	color=b3b1b2
Histocap1517p17_3	703939	711314	HistocapCB192_3	636885	644390	color=b3b1b2
Histocap1517p17_3	17306	24671	HistocapCB192_3	22118	29452	color=b3b1b2
Histocap1517p17_3	1623925	1631274	HistocapCB192_3	1563137	1570487	color=b3b1b2
Histocap1517p17_3	1607998	1615330	HistocapCB192_3	1547246	1554542	color=b3b1b2
Histocap1517p17_3	946100	953382	HistocapCB192_3	865172	872327	color=b3b1b2
Histocap1517p17_3	2587708	2594978	HistocapCB192_3	2494132	2501507	color=b3b1b2
Histocap1517p17_3	3090980	3098201	HistocapCB192_3	3001315	3008546	color=b3b1b2
Histocap1517p17_3	93247	100457	HistocapCB192_3	110537	117608	color=b3b1b2
Histocap1517p17_3	3744167	3751328	HistocapCB192_3	3637826	3645012	color=b3b1b2
Histocap1517p17_3	2264363	2271330	HistocapCB192_3	2188423	2195414	color=b3b1b2
Histocap1517p17_3	3462042	3469006	HistocapCB192_3	3348860	3355809	color=b3b1b2
Histocap1517p17_3	264856	271811	HistocapCB192_3	242169	249186	color=b3b1b2
Histocap1517p17_3	2139747	2146634	HistocapCB192_3	2078579	2085475	color=b3b1b2
Histocap1517p17_3	2496993	2503878	HistocapCB192_3	2431125	2438005	color=b3b1b2
Histocap1517p17_3	2068866	2075694	HistocapCB192_3	2036778	2043669	color=b3b1b2
Histocap1517p17_3	1846320	1853143	HistocapCB192_3	1812515	1819319	color=b3b1b2
Histocap1517p17_3	1347768	1354584	HistocapCB192_3	1277485	1284268	color=b3b1b2
Histocap1517p17_3	3683808	3690600	HistocapCB192_3	3563972	3570751	color=b3b1b2
Histocap1517p17_3	1915155	1921942	HistocapCB192_3	1889483	1896265	color=b3b1b2
Histocap1517p17_3	682975	689754	HistocapCB192_3	620300	627109	color=b3b1b2
Histocap1517p17_3	826409	833168	HistocapCB192_3	770649	777444	color=b3b1b2
Histocap1517p17_3	2382930	2389597	HistocapCB192_3	2316666	2323306	color=b3b1b2
Histocap1517p17_3	3212158	3218808	HistocapCB192_3	3104491	3111226	color=b3b1b2
Histocap1517p17_3	1272452	1279095	HistocapCB192_3	1197507	1204068	color=b3b1b2
Histocap1517p17_3	2994452	3001095	HistocapCB192_3	2918472	2925100	color=b3b1b2
Histocap1517p17_3	3115723	3122362	HistocapCB192_3	3021866	3028515	color=b3b1b2
Histocap1517p17_3	2096188	2102804	HistocapCB192_3	2063297	2069932	color=b3b1b2
Histocap1517p17_3	1812388	1818990	HistocapCB192_3	1775704	1782275	color=b3b1b2
Histocap1517p17_3	1707620	1714218	HistocapCB192_3	1664707	1671320	color=b3b1b2
Histocap1517p17_3	2218942	2225482	HistocapCB192_3	2152490	2159011	color=b3b1b2
Histocap1517p17_3	1724876	1731405	HistocapCB192_3	1684652	1691215	color=b3b1b2
Histocap1517p17_3	781380	787847	HistocapCB192_3	718656	725164	color=b3b1b2
Histocap1517p17_3	214787	221237	HistocapCB192_3	191458	197881	color=b3b1b2
Histocap1517p17_3	1161263	1167699	HistocapCB192_3	1080819	1087229	color=b3b1b2
Histocap1517p17_3	2976175	2982603	HistocapCB192_3	2899921	2906256	color=b3b1b2
Histocap1517p17_3	2601089	2607485	HistocapCB192_3	2506736	2513096	color=b3b1b2
Histocap1517p17_3	1120701	1127061	HistocapCB192_3	1041075	1047471	color=b3b1b2
Histocap1517p17_3	833313	839664	HistocapCB192_3	777592	783965	color=b3b1b2
Histocap1517p17_3	3753493	3759833	HistocapCB192_3	3647060	3653384	color=b3b1b2
Histocap1517p17_3	1385693	1392022	HistocapCB192_3	1317790	1324134	color=b3b1b2
Histocap1517p17_3	1986872	1993198	HistocapCB192_3	1960570	1966921	color=b3b1b2
Histocap1517p17_3	3587213	3593523	HistocapCB192_3	3466673	3473004	color=b3b1b2
Histocap1517p17_3	1667306	1673599	HistocapCB192_3	1617644	1623966	color=b3b1b2
Histocap1517p17_3	1957809	1964081	HistocapCB192_3	1910214	1916486	color=b3b1b2
Histocap1517p17_3	1767739	1774007	HistocapCB192_3	1731876	1738133	color=b3b1b2
Histocap1517p17_3	3580858	3587120	HistocapCB192_3	3459979	3466253	color=b3b1b2
Histocap1517p17_3	511075	517324	HistocapCB192_3	468428	474644	color=b3b1b2
Histocap1517p17_3	1364591	1370790	HistocapCB192_3	1296095	1302312	color=b3b1b2
Histocap1517p17_3	1617621	1623815	HistocapCB192_3	1556869	1563135	color=b3b1b2
Histocap1517p17_3	3492701	3498878	HistocapCB192_3	3378598	3384762	color=b3b1b2
Histocap1517p17_3	3201597	3207763	HistocapCB192_3	3094024	3100239	color=b3b1b2
Histocap1517p17_3	3303164	3309311	HistocapCB192_3	3194305	3200448	color=b3b1b2
Histocap1517p17_3	2957626	2963752	HistocapCB192_3	2880958	2887069	color=b3b1b2
Histocap1517p17_3	1733812	1739920	HistocapCB192_3	1696255	1702348	color=b3b1b2
Histocap1517p17_3	3371787	3377884	HistocapCB192_3	3260263	3266380	color=b3b1b2
Histocap1517p17_3	1564392	1570455	HistocapCB192_3	1506034	1512031	color=b3b1b2
Histocap1517p17_3	1445423	1451466	HistocapCB192_3	1380018	1386042	color=b3b1b2
Histocap1517p17_3	3423279	3429304	HistocapCB192_3	3307667	3313684	color=b3b1b2
Histocap1517p17_3	1804162	1810137	HistocapCB192_3	1768341	1774290	color=b3b1b2
Histocap1517p17_3	2784808	2790779	HistocapCB192_3	2700523	2706409	color=b3b1b2
Histocap1517p17_3	1681830	1687780	HistocapCB192_3	1638374	1644294	color=b3b1b2
Histocap1517p17_3	1306293	1312137	HistocapCB192_3	1234640	1240466	color=b3b1b2
Histocap1517p17_3	954550	960368	HistocapCB192_3	873281	879118	color=b3b1b2
Histocap1517p17_3	2190745	2196526	HistocapCB192_3	2121666	2127433	color=b3b1b2
Histocap1517p17_3	1673803	1679582	HistocapCB192_3	1624322	1630107	color=b3b1b2
Histocap1517p17_3	2355326	2361066	HistocapCB192_3	2289771	2295558	color=b3b1b2
Histocap1517p17_3	1840513	1846247	HistocapCB192_3	1806765	1812495	color=b3b1b2
Histocap1517p17_3	182142	187858	HistocapCB192_3	174342	180054	color=b3b1b2
Histocap1517p17_3	2334742	2340437	HistocapCB192_3	2264745	2270431	color=b3b1b2
Histocap1517p17_3	613692	619385	HistocapCB192_3	550659	556366	color=b3b1b2
Histocap1517p17_3	1415721	1421380	HistocapCB192_3	1347905	1353608	color=b3b1b2
Histocap1517p17_3	3014240	3019891	HistocapCB192_3	2933980	2939647	color=b3b1b2
Histocap1517p17_3	2170386	2175983	HistocapCB192_3	2102590	2108184	color=b3b1b2
Histocap1517p17_3	327641	333220	HistocapCB192_3	308331	313965	color=b3b1b2
Histocap1517p17_3	1211238	1216746	HistocapCB192_3	1141132	1146650	color=b3b1b2
Histocap1517p17_3	295450	300954	HistocapCB192_3	272790	278295	color=b3b1b2
Histocap1517p17_3	2439503	2444997	HistocapCB192_3	2373052	2378564	color=b3b1b2
Histocap1517p17_3	64241	69720	HistocapCB192_3	80277	85706	color=b3b1b2
Histocap1517p17_3	2793084	2798555	HistocapCB192_3	2708049	2713621	color=b3b1b2
Histocap1517p17_3	3573312	3578775	HistocapCB192_3	3452864	3458394	color=b3b1b2
Histocap1517p17_3	2718396	2723847	HistocapCB192_3	2636824	2642278	color=b3b1b2
Histocap1517p17_3	1864060	1869506	HistocapCB192_3	1848139	1853663	color=b3b1b2
Histocap1517p17_3	1354641	1360074	HistocapCB192_3	1284489	1289916	color=b3b1b2
Histocap1517p17_3	3555726	3561149	HistocapCB192_3	3435532	3440932	color=b3b1b2
Histocap1517p17_3	1525123	1530497	HistocapCB192_3	1467603	1473038	color=b3b1b2
Histocap1517p17_3	1248996	1254361	HistocapCB192_3	1174387	1179604	color=b3b1b2
Histocap1517p17_3	2710856	2716198	HistocapCB192_3	2630039	2635352	color=b3b1b2
Histocap1517p17_3	336223	341561	HistocapCB192_3	316825	322122	color=b3b1b2
Histocap1517p17_3	2491495	2496791	HistocapCB192_3	2425793	2431138	color=b3b1b2
Histocap1517p17_3	3377878	3383173	HistocapCB192_3	3273629	3268351	color=b3b1b2
Histocap1517p17_3	810229	815522	HistocapCB192_3	752831	758142	color=b3b1b2
Histocap1517p17_3	2829054	2834342	HistocapCB192_3	2744278	2749583	color=b3b1b2
Histocap1517p17_3	1469537	1474819	HistocapCB192_3	1404474	1409930	color=b3b1b2
Histocap1517p17_3	404817	410095	HistocapCB192_3	361540	366924	color=b3b1b2
Histocap1517p17_3	2230746	2236021	HistocapCB192_3	2164318	2169620	color=b3b1b2
Histocap1517p17_3	2802279	2807530	HistocapCB192_3	2717146	2722357	color=b3b1b2
Histocap1517p17_3	866764	872014	HistocapCB192_3	814582	819823	color=b3b1b2
Histocap1517p17_3	1401190	1406439	HistocapCB192_3	1334351	1339611	color=b3b1b2
Histocap1517p17_3	520340	525568	HistocapCB192_3	480393	485622	color=b3b1b2
Histocap1517p17_3	223139	228362	HistocapCB192_3	200180	205408	color=b3b1b2
Histocap1517p17_3	3411477	3416689	HistocapCB192_3	3296740	3301992	color=b3b1b2
Histocap1517p17_3	1964667	1969833	HistocapCB192_3	1916686	1921772	color=b3b1b2
Histocap1517p17_3	2820582	2825714	HistocapCB192_3	2735802	2740841	color=b3b1b2
Histocap1517p17_3	1062930	1068043	HistocapCB192_3	982496	987565	color=b3b1b2
Histocap1517p17_3	1016798	1021866	HistocapCB192_3	937146	942264	color=b3b1b2
Histocap1517p17_3	2257395	2262460	HistocapCB192_3	2180262	2185365	color=b3b1b2
Histocap1517p17_3	2632094	2637158	HistocapCB192_3	2541080	2546141	color=b3b1b2
Histocap1517p17_3	1832248	1837302	HistocapCB192_3	1798837	1803918	color=b3b1b2
Histocap1517p17_3	564481	569505	HistocapCB192_3	520607	525698	color=b3b1b2
Histocap1517p17_3	3360015	3365031	HistocapCB192_3	3248662	3253686	color=b3b1b2
Histocap1517p17_3	307183	312187	HistocapCB192_3	284884	289888	color=b3b1b2
Histocap1517p17_3	1799016	1803944	HistocapCB192_3	1763212	1768150	color=b3b1b2
Histocap1517p17_3	438553	443476	HistocapCB192_3	397187	402138	color=b3b1b2
Histocap1517p17_3	3436466	3441379	HistocapCB192_3	3323182	3328140	color=b3b1b2
Histocap1517p17_3	2850711	2855565	HistocapCB192_3	2760909	2765783	color=b3b1b2
Histocap1517p17_3	1313070	1317910	HistocapCB192_3	1242281	1247114	color=b3b1b2
Histocap1517p17_3	1218652	1223484	HistocapCB192_3	1149645	1154543	color=b3b1b2
Histocap1517p17_3	2466398	2471173	HistocapCB192_3	2401246	2405982	color=b3b1b2
Histocap1517p17_3	1590698	1595445	HistocapCB192_3	1530925	1535772	color=b3b1b2
Histocap1517p17_3	2163645	2168390	HistocapCB192_3	2095589	2100291	color=b3b1b2
Histocap1517p17_3	315423	320134	HistocapCB192_3	293481	298260	color=b3b1b2
Histocap1517p17_3	341627	346338	HistocapCB192_3	322376	327092	color=b3b1b2
Histocap1517p17_3	2528684	2533391	HistocapCB192_3	2470447	2475158	color=b3b1b2
Histocap1517p17_3	764073	768752	HistocapCB192_3	701048	705780	color=b3b1b2
Histocap1517p17_3	2372652	2377323	HistocapCB192_3	2307255	2311890	color=b3b1b2
Histocap1517p17_3	346260	350921	HistocapCB192_3	327240	331903	color=b3b1b2
Histocap1517p17_3	2063741	2068373	HistocapCB192_3	2031597	2036257	color=b3b1b2
Histocap1517p17_3	2197948	2202578	HistocapCB192_3	2131984	2136700	color=b3b1b2
Histocap1517p17_3	2928442	2933061	HistocapCB192_3	2837222	2841847	color=b3b1b2
Histocap1517p17_3	1492023	1496641	HistocapCB192_3	1428066	1432705	color=b3b1b2
Histocap1517p17_3	2815981	2820582	HistocapCB192_3	2731076	2735654	color=b3b1b2
Histocap1517p17_3	3521489	3526083	HistocapCB192_3	3403240	3407823	color=b3b1b2
Histocap1517p17_3	2050417	2054989	HistocapCB192_3	2019049	2023593	color=b3b1b2
Histocap1517p17_3	1762875	1767439	HistocapCB192_3	1727229	1731809	color=b3b1b2
Histocap1517p17_3	87388	91948	HistocapCB192_3	105092	109681	color=b3b1b2
Histocap1517p17_3	3237878	3242428	HistocapCB192_3	3130281	3134909	color=b3b1b2
Histocap1517p17_3	281033	285560	HistocapCB192_3	259783	264289	color=b3b1b2
Histocap1517p17_3	2865679	2870204	HistocapCB192_3	2778177	2782681	color=b3b1b2
Histocap1517p17_3	1718951	1723462	HistocapCB192_3	1677890	1682461	color=b3b1b2
Histocap1517p17_3	2153172	2157673	HistocapCB192_3	2090131	2094622	color=b3b1b2
Histocap1517p17_3	733412	737906	HistocapCB192_3	663847	668285	color=b3b1b2
Histocap1517p17_3	1945964	1950455	HistocapCB192_3	1898994	1903505	color=b3b1b2
Histocap1517p17_3	2110245	2114733	HistocapCB192_3	2073997	2078478	color=b3b1b2
Histocap1517p17_3	3243774	3248262	HistocapCB192_3	3137333	3141874	color=b3b1b2
Histocap1517p17_3	2725876	2730350	HistocapCB192_3	2642524	2647069	color=b3b1b2
Histocap1517p17_3	2450850	2455317	HistocapCB192_3	2384684	2389132	color=b3b1b2
Histocap1517p17_3	3315203	3319615	HistocapCB192_3	3206357	3210781	color=b3b1b2
Histocap1517p17_3	3738749	3743158	HistocapCB192_3	3629247	3633617	color=b3b1b2
Histocap1517p17_3	2340470	2344871	HistocapCB192_3	2270532	2274948	color=b3b1b2
Histocap1517p17_3	570001	574386	HistocapCB192_3	525844	530212	color=b3b1b2
Histocap1517p17_3	2768213	2772591	HistocapCB192_3	2685418	2689842	color=b3b1b2
Histocap1517p17_3	1857697	1862074	HistocapCB192_3	1840499	1844892	color=b3b1b2
Histocap1517p17_3	3172167	3176541	HistocapCB192_3	3069609	3074030	color=b3b1b2
Histocap1517p17_3	1098324	1102680	HistocapCB192_3	1018026	1022381	color=b3b1b2
Histocap1517p17_3	2350058	2354375	HistocapCB192_3	2284307	2288632	color=b3b1b2
Histocap1517p17_3	3260566	3264860	HistocapCB192_3	3152367	3156660	color=b3b1b2
Histocap1517p17_3	2515615	2519881	HistocapCB192_3	2453478	2457775	color=b3b1b2
Histocap1517p17_3	1740895	1745136	HistocapCB192_3	1703780	1707945	color=b3b1b2
Histocap1517p17_3	798010	802249	HistocapCB192_3	742353	746616	color=b3b1b2
Histocap1517p17_3	2147270	2151506	HistocapCB192_3	2085783	2090132	color=b3b1b2
Histocap1517p17_3	595807	600042	HistocapCB192_3	534122	538444	color=b3b1b2
Histocap1517p17_3	1022046	1026275	HistocapCB192_3	943686	947902	color=b3b1b2
Histocap1517p17_3	1515972	1520199	HistocapCB192_3	1456429	1460646	color=b3b1b2
Histocap1517p17_3	2378285	2382478	HistocapCB192_3	2312176	2316414	color=b3b1b2
Histocap1517p17_3	1511612	1515793	HistocapCB192_3	1452241	1456387	color=b3b1b2
Histocap1517p17_3	1255828	1260006	HistocapCB192_3	1180035	1184239	color=b3b1b2
Histocap1517p17_3	57400	61561	HistocapCB192_3	73038	77204	color=b3b1b2
Histocap1517p17_3	1570589	1574714	HistocapCB192_3	1512643	1516825	color=b3b1b2
Histocap1517p17_3	3630446	3634571	HistocapCB192_3	3505238	3509423	color=b3b1b2
Histocap1517p17_3	3398403	3402524	HistocapCB192_3	3287803	3291955	color=b3b1b2
Histocap1517p17_3	2391019	2395132	HistocapCB192_3	2325265	2329355	color=b3b1b2
Histocap1517p17_3	422420	426533	HistocapCB192_3	380005	384176	color=b3b1b2
Histocap1517p17_3	2430753	2434864	HistocapCB192_3	2363878	2367984	color=b3b1b2
Histocap1517p17_3	2834528	2838629	HistocapCB192_3	2749586	2753692	color=b3b1b2
Histocap1517p17_3	2657039	2661132	HistocapCB192_3	2576125	2580292	color=b3b1b2
Histocap1517p17_3	2323911	2327992	HistocapCB192_3	2254302	2258358	color=b3b1b2
Histocap1517p17_3	2225686	2229764	HistocapCB192_3	2159126	2163241	color=b3b1b2
Histocap1517p17_3	301077	305116	HistocapCB192_3	278396	282463	color=b3b1b2
Histocap1517p17_3	757131	761144	HistocapCB192_3	693927	697949	color=b3b1b2
Histocap1517p17_3	1574951	1578961	HistocapCB192_3	1516926	1520925	color=b3b1b2
Histocap1517p17_3	1559687	1563663	HistocapCB192_3	1501367	1505334	color=b3b1b2
Histocap1517p17_3	1520847	1524813	HistocapCB192_3	1463453	1467444	color=b3b1b2
Histocap1517p17_3	777154	781118	HistocapCB192_3	714584	718657	color=b3b1b2
Histocap1517p17_3	83411	87373	HistocapCB192_3	101023	104979	color=b3b1b2
Histocap1517p17_3	2523514	2527453	HistocapCB192_3	2465635	2469600	color=b3b1b2
Histocap1517p17_3	1283101	1287010	HistocapCB192_3	1208079	1211949	color=b3b1b2
Histocap1517p17_3	700044	703939	HistocapCB192_3	632819	636780	color=b3b1b2
Histocap1517p17_3	352134	356028	HistocapCB192_3	334261	338204	color=b3b1b2
Histocap1517p17_3	2661494	2665347	HistocapCB192_3	2580295	2584125	color=b3b1b2
Histocap1517p17_3	3295989	3299838	HistocapCB192_3	3187249	3191116	color=b3b1b2
Histocap1517p17_3	1205899	1209743	HistocapCB192_3	1135160	1138999	color=b3b1b2
Histocap1517p17_3	2273296	2277117	HistocapCB192_3	2197087	2200935	color=b3b1b2
Histocap1517p17_3	2016926	2020709	HistocapCB192_3	1984812	1988529	color=b3b1b2
Histocap1517p17_3	2871678	2875434	HistocapCB192_3	2787507	2791221	color=b3b1b2
Histocap1517p17_3	3716461	3720197	HistocapCB192_3	3605658	3609354	color=b3b1b2
Histocap1517p17_3	1819256	1822989	HistocapCB192_3	1782281	1786086	color=b3b1b2
Histocap1517p17_3	3103397	3107124	HistocapCB192_3	3010475	3014193	color=b3b1b2
Histocap1517p17_3	1431823	1435527	HistocapCB192_3	1364081	1367761	color=b3b1b2
Histocap1517p17_3	1950336	1954038	HistocapCB192_3	1903613	1907367	color=b3b1b2
Histocap1517p17_3	3256646	3260336	HistocapCB192_3	3148648	3152341	color=b3b1b2
Histocap1517p17_3	842848	846512	HistocapCB192_3	789692	793386	color=b3b1b2
Histocap1517p17_3	2329936	2333585	HistocapCB192_3	2260029	2263672	color=b3b1b2
Histocap1517p17_3	1687848	1691483	HistocapCB192_3	1644549	1648174	color=b3b1b2
Histocap1517p17_3	176830	180465	HistocapCB192_3	170133	173792	color=b3b1b2
Histocap1517p17_3	1533745	1537352	HistocapCB192_3	1475776	1479377	color=b3b1b2
Histocap1517p17_3	3282086	3285659	HistocapCB192_3	3172456	3175980	color=b3b1b2
Histocap1517p17_3	3191966	3195518	HistocapCB192_3	3084525	3088084	color=b3b1b2
Histocap1517p17_3	1360873	1364423	HistocapCB192_3	1292484	1296039	color=b3b1b2
Histocap1517p17_3	3207886	3211430	HistocapCB192_3	3100468	3104155	color=b3b1b2
Histocap1517p17_3	1395391	1398934	HistocapCB192_3	1328273	1331820	color=b3b1b2
Histocap1517p17_3	3615949	3619490	HistocapCB192_3	3488371	3491904	color=b3b1b2
Histocap1517p17_3	2556447	2559985	HistocapCB192_3	2487742	2491256	color=b3b1b2
Histocap1517p17_3	3695229	3698764	HistocapCB192_3	3576431	3579979	color=b3b1b2
Histocap1517p17_3	1599915	1603449	HistocapCB192_3	1539716	1543237	color=b3b1b2
Histocap1517p17_3	2473710	2477229	HistocapCB192_3	2408703	2412198	color=b3b1b2
Histocap1517p17_3	2972551	2976062	HistocapCB192_3	2896113	2899642	color=b3b1b2
Histocap1517p17_3	3621882	3625393	HistocapCB192_3	3496285	3499815	color=b3b1b2
Histocap1517p17_3	2346557	2350066	HistocapCB192_3	2280380	2283879	color=b3b1b2
Histocap1517p17_3	2462891	2466393	HistocapCB192_3	2397217	2400747	color=b3b1b2
Histocap1517p17_3	2103133	2106631	HistocapCB192_3	2070191	2073654	color=b3b1b2
Histocap1517p17_3	3265956	3269434	HistocapCB192_3	3157588	3161075	color=b3b1b2
Histocap1517p17_3	1040447	1043921	HistocapCB192_3	960336	963854	color=b3b1b2
Histocap1517p17_3	49238	52693	HistocapCB192_3	66024	69546	color=b3b1b2
Histocap1517p17_3	1662445	1665883	HistocapCB192_3	1606226	1609636	color=b3b1b2
Histocap1517p17_3	1697740	1701157	HistocapCB192_3	1655793	1659215	color=b3b1b2
Histocap1517p17_3	1000063	1003477	HistocapCB192_3	919458	922852	color=b3b1b2
Histocap1517p17_3	2504161	2507558	HistocapCB192_3	2438410	2441796	color=b3b1b2
Histocap1517p17_3	450917	454305	HistocapCB192_3	408631	411999	color=b3b1b2
Histocap1517p17_3	2757014	2760387	HistocapCB192_3	2674357	2677660	color=b3b1b2
Histocap1517p17_3	672643	676013	HistocapCB192_3	612707	616082	color=b3b1b2
Histocap1517p17_3	1752179	1755545	HistocapCB192_3	1715256	1718648	color=b3b1b2
Histocap1517p17_3	3285656	3289022	HistocapCB192_3	3176520	3179864	color=b3b1b2
Histocap1517p17_3	1975104	1978466	HistocapCB192_3	1926535	1929913	color=b3b1b2
Histocap1517p17_3	42183	45524	HistocapCB192_3	50838	54220	color=b3b1b2
Histocap1517p17_3	3249423	3252756	HistocapCB192_3	3142137	3145451	color=b3b1b2
Histocap1517p17_3	2775697	2779019	HistocapCB192_3	2691799	2695103	color=b3b1b2
Histocap1517p17_3	1748839	1752158	HistocapCB192_3	1711595	1714848	color=b3b1b2
Histocap1517p17_3	607131	610413	HistocapCB192_3	541682	545012	color=b3b1b2
Histocap1517p17_3	2021493	2024765	HistocapCB192_3	1989592	1992831	color=b3b1b2
Histocap1517p17_3	2859626	2862898	HistocapCB192_3	2772575	2775834	color=b3b1b2
Histocap1517p17_3	2238252	2241519	HistocapCB192_3	2173001	2176345	color=b3b1b2
Histocap1517p17_3	1701498	1704763	HistocapCB192_3	1659213	1662448	color=b3b1b2
Histocap1517p17_3	2842546	2845809	HistocapCB192_3	2754167	2757455	color=b3b1b2
Histocap1517p17_3	3666636	3669896	HistocapCB192_3	3537901	3541128	color=b3b1b2
Histocap1517p17_3	3767697	3770926	HistocapCB192_3	3653776	3657008	color=b3b1b2
Histocap1517p17_3	1604538	1607765	HistocapCB192_3	1543693	1546933	color=b3b1b2
Histocap1517p17_3	506793	510017	HistocapCB192_3	464469	467720	color=b3b1b2
Histocap1517p17_3	447588	450798	HistocapCB192_3	405312	408530	color=b3b1b2
Histocap1517p17_3	1759515	1762650	HistocapCB192_3	1723142	1726306	color=b3b1b2
Histocap1517p17_3	1981880	1984988	HistocapCB192_3	1955800	1958934	color=b3b1b2
Histocap1517p17_3	3499700	3502803	HistocapCB192_3	3384944	3388073	color=b3b1b2
Histocap1517p17_3	3312104	3315191	HistocapCB192_3	3203037	3206144	color=b3b1b2
Histocap1517p17_3	3198129	3201215	HistocapCB192_3	3090795	3093821	color=b3b1b2
Histocap1517p17_3	3712520	3715593	HistocapCB192_3	3602055	3605131	color=b3b1b2
Histocap1517p17_3	1127677	1130744	HistocapCB192_3	1047872	1050982	color=b3b1b2
Histocap1517p17_3	1788420	1791486	HistocapCB192_3	1753275	1756353	color=b3b1b2
Histocap1517p17_3	3232983	3236045	HistocapCB192_3	3124838	3127948	color=b3b1b2
Histocap1517p17_3	610603	613657	HistocapCB192_3	545053	548119	color=b3b1b2
Histocap1517p17_3	2459816	2462866	HistocapCB192_3	2394007	2397059	color=b3b1b2
Histocap1517p17_3	996993	1000042	HistocapCB192_3	916308	919352	color=b3b1b2
Histocap1517p17_3	2847504	2850539	HistocapCB192_3	2757897	2760903	color=b3b1b2
Histocap1517p17_3	2807637	2810670	HistocapCB192_3	2722528	2725605	color=b3b1b2
Histocap1517p17_3	2825860	2828889	HistocapCB192_3	2741038	2744079	color=b3b1b2
Histocap1517p17_3	3300038	3303019	HistocapCB192_3	3191186	3194170	color=b3b1b2
Histocap1517p17_3	694434	697413	HistocapCB192_3	627113	630145	color=b3b1b2
Histocap1517p17_3	2734981	2737957	HistocapCB192_3	2653283	2656250	color=b3b1b2
Histocap1517p17_3	1823600	1826570	HistocapCB192_3	1786193	1789161	color=b3b1b2
Histocap1517p17_3	2445498	2448448	HistocapCB192_3	2379248	2382193	color=b3b1b2
Histocap1517p17_3	1198481	1201425	HistocapCB192_3	1127328	1130274	color=b3b1b2
Histocap1517p17_3	3487020	3489952	HistocapCB192_3	3373168	3376083	color=b3b1b2
Histocap1517p17_3	312241	315156	HistocapCB192_3	290342	293259	color=b3b1b2
Histocap1517p17_3	3228656	3231564	HistocapCB192_3	3120613	3123522	color=b3b1b2
Histocap1517p17_3	259562	262469	HistocapCB192_3	238151	241063	color=b3b1b2
Histocap1517p17_3	139011	141902	HistocapCB192_3	133625	136486	color=b3b1b2
Histocap1517p17_3	1791501	1794375	HistocapCB192_3	1756455	1759328	color=b3b1b2
Histocap1517p17_3	142847	145717	HistocapCB192_3	137497	140415	color=b3b1b2
Histocap1517p17_3	3048818	3051684	HistocapCB192_3	2956357	2959231	color=b3b1b2
Histocap1517p17_3	2991286	2994151	HistocapCB192_3	2914831	2917694	color=b3b1b2
Histocap1517p17_3	938446	941307	HistocapCB192_3	861408	864360	color=b3b1b2
Histocap1517p17_3	807333	810177	HistocapCB192_3	749804	752677	color=b3b1b2
Histocap1517p17_3	2011280	2014116	HistocapCB192_3	1978986	1981837	color=b3b1b2
Histocap1517p17_3	739897	742715	HistocapCB192_3	670888	673699	color=b3b1b2
Histocap1517p17_3	3275790	3278607	HistocapCB192_3	3166038	3168876	color=b3b1b2
Histocap1517p17_3	1411059	1413874	HistocapCB192_3	1344109	1346943	color=b3b1b2
Histocap1517p17_3	1774009	1776822	HistocapCB192_3	1742724	1745533	color=b3b1b2
Histocap1517p17_3	3222594	3225405	HistocapCB192_3	3114075	3116867	color=b3b1b2
Histocap1517p17_3	2628909	2631665	HistocapCB192_3	2538031	2540788	color=b3b1b2
Histocap1517p17_3	2810549	2813298	HistocapCB192_3	2725709	2728461	color=b3b1b2
Histocap1517p17_3	1954038	1956784	HistocapCB192_3	1907475	1910210	color=b3b1b2
Histocap1517p17_3	3269454	3272169	HistocapCB192_3	3161176	3163902	color=b3b1b2
Histocap1517p17_3	1079850	1082563	HistocapCB192_3	999975	1002673	color=b3b1b2
Histocap1517p17_3	1837815	1840513	HistocapCB192_3	1803982	1806656	color=b3b1b2
Histocap1517p17_3	2295296	2297987	HistocapCB192_3	2218490	2221172	color=b3b1b2
Histocap1517p17_3	634364	637052	HistocapCB192_3	572671	575390	color=b3b1b2
Histocap1517p17_3	211005	213673	HistocapCB192_3	187501	190126	color=b3b1b2
Histocap1517p17_3	1489230	1491882	HistocapCB192_3	784239	786898	color=b3b1b2
Histocap1517p17_3	357613	360263	HistocapCB192_3	340645	343329	color=b3b1b2
Histocap1517p17_3	1645789	1648436	HistocapCB192_3	1590016	1592650	color=b3b1b2
Histocap1517p17_3	3561536	3564163	HistocapCB192_3	3441055	3443675	color=b3b1b2
Histocap1517p17_3	1451705	1454326	HistocapCB192_3	1386359	1389025	color=b3b1b2
Histocap1517p17_3	435729	438340	HistocapCB192_3	394545	397156	color=b3b1b2
Histocap1517p17_3	2936236	2938844	HistocapCB192_3	2858039	2860612	color=b3b1b2
Histocap1517p17_3	3515328	3517935	HistocapCB192_3	3398206	3400858	color=b3b1b2
Histocap1517p17_3	2985928	2988502	HistocapCB192_3	2910102	2912702	color=b3b1b2
Histocap1517p17_3	1971588	1974146	HistocapCB192_3	1923728	1926283	color=b3b1b2
Histocap1517p17_3	401179	403712	HistocapCB192_3	356660	359192	color=b3b1b2
Histocap1517p17_3	1694312	1696842	HistocapCB192_3	1650305	1652851	color=b3b1b2
Histocap1517p17_3	560051	562580	HistocapCB192_3	517379	519919	color=b3b1b2
Histocap1517p17_3	2651984	2654478	HistocapCB192_3	2570501	2572993	color=b3b1b2
Histocap1517p17_3	2813301	2815794	HistocapCB192_3	2728562	2731072	color=b3b1b2
Histocap1517p17_3	2598617	2601092	HistocapCB192_3	2504148	2506618	color=b3b1b2
Histocap1517p17_3	2314062	2316535	HistocapCB192_3	2244296	2246773	color=b3b1b2
Histocap1517p17_3	3595377	3597847	HistocapCB192_3	3475460	3477926	color=b3b1b2
Histocap1517p17_3	891480	893948	HistocapCB192_3	839269	841689	color=b3b1b2
Histocap1517p17_3	3389290	3391756	HistocapCB192_3	3279483	3281978	color=b3b1b2
Histocap1517p17_3	962972	965438	HistocapCB192_3	881240	883739	color=b3b1b2
Histocap1517p17_3	3710003	3712459	HistocapCB192_3	3594133	3596590	color=b3b1b2
Histocap1517p17_3	1435716	1438164	HistocapCB192_3	1369536	1371980	color=b3b1b2
Histocap1517p17_3	2471194	2473602	HistocapCB192_3	2406106	2408544	color=b3b1b2
Histocap1517p17_3	61627	64034	HistocapCB192_3	77877	80276	color=b3b1b2
Histocap1517p17_3	3044746	3047134	HistocapCB192_3	2953905	2956340	color=b3b1b2
Histocap1517p17_3	3309329	3311716	HistocapCB192_3	3200549	3202933	color=b3b1b2
Histocap1517p17_3	3219933	3222316	HistocapCB192_3	3111410	3113779	color=b3b1b2
Histocap1517p17_3	3195637	3198015	HistocapCB192_3	3088297	3090694	color=b3b1b2
Histocap1517p17_3	392455	394827	HistocapCB192_3	347090	349452	color=b3b1b2
Histocap1517p17_3	3142241	3144609	HistocapCB192_3	3039458	3041913	color=b3b1b2
Histocap1517p17_3	2511970	2514325	HistocapCB192_3	2449970	2452313	color=b3b1b2
Histocap1517p17_3	2509314	2511667	HistocapCB192_3	2447391	2449810	color=b3b1b2
Histocap1517p17_3	697604	699944	HistocapCB192_3	630178	632429	color=b3b1b2
Histocap1517p17_3	1280298	1282634	HistocapCB192_3	1205133	1207560	color=b3b1b2
Histocap1517p17_3	3508959	3511282	HistocapCB192_3	3391517	3393866	color=b3b1b2
Histocap1517p17_3	2608980	2611297	HistocapCB192_3	2513201	2515548	color=b3b1b2
Histocap1517p17_3	45711	48023	HistocapCB192_3	54364	56630	color=b3b1b2
Histocap1517p17_3	2551477	2553781	HistocapCB192_3	2483644	2485925	color=b3b1b2
Histocap1517p17_3	1631426	1633712	HistocapCB192_3	1570826	1573068	color=b3b1b2
Histocap1517p17_3	644078	646357	HistocapCB192_3	581545	583791	color=b3b1b2
Histocap1517p17_3	2448473	2450747	HistocapCB192_3	2382294	2384559	color=b3b1b2
Histocap1517p17_3	3122411	3124679	HistocapCB192_3	3028743	3030994	color=b3b1b2
Histocap1517p17_3	3357724	3359986	HistocapCB192_3	3246271	3248544	color=b3b1b2
Histocap1517p17_3	729175	731413	HistocapCB192_3	659385	661626	color=b3b1b2
Histocap1517p17_3	39803	42036	HistocapCB192_3	48496	50732	color=b3b1b2
Histocap1517p17_3	2855706	2857921	HistocapCB192_3	2768088	2770284	color=b3b1b2
Histocap1517p17_3	2875585	2877771	HistocapCB192_3	2791293	2793477	color=b3b1b2
Histocap1517p17_3	965626	967792	HistocapCB192_3	884077	886276	color=b3b1b2
Histocap1517p17_3	3664157	3666304	HistocapCB192_3	3535822	3537920	color=b3b1b2
Histocap1517p17_3	2520777	2522918	HistocapCB192_3	2459755	2461894	color=b3b1b2
Histocap1517p17_3	3490540	3492680	HistocapCB192_3	3376082	3378237	color=b3b1b2
Histocap1517p17_3	3076244	3078378	HistocapCB192_3	2982953	2985080	color=b3b1b2
Histocap1517p17_3	3225817	3227951	HistocapCB192_3	3118387	3120484	color=b3b1b2
Histocap1517p17_3	1756891	1759016	HistocapCB192_3	1719918	1722050	color=b3b1b2
Histocap1517p17_3	3336117	3338240	HistocapCB192_3	3226540	3228673	color=b3b1b2
Histocap1517p17_3	2312007	2314118	HistocapCB192_3	2241920	2244045	color=b3b1b2
Histocap1517p17_3	257372	259482	HistocapCB192_3	235710	237841	color=b3b1b2
Histocap1517p17_3	2878612	2880693	HistocapCB192_3	2793562	2795638	color=b3b1b2
Histocap1517p17_3	3112779	3114858	HistocapCB192_3	3019267	3021333	color=b3b1b2
Histocap1517p17_3	775061	777137	HistocapCB192_3	567916	565839	color=b3b1b2
Histocap1517p17_3	3420049	3422122	HistocapCB192_3	3305316	3307386	color=b3b1b2
Histocap1517p17_3	726058	728098	HistocapCB192_3	656362	658418	color=b3b1b2
Histocap1517p17_3	3321746	3323775	HistocapCB192_3	3212515	3214563	color=b3b1b2
Histocap1517p17_3	3441489	3443506	HistocapCB192_3	3328353	3330375	color=b3b1b2
Histocap1517p17_3	305117	307130	HistocapCB192_3	282762	284777	color=b3b1b2
Histocap1517p17_3	1225086	1227093	HistocapCB192_3	1155738	1157776	color=b3b1b2
Histocap1517p17_3	632314	634311	HistocapCB192_3	570096	568097	color=b3b1b2
Histocap1517p17_3	1138036	1140032	HistocapCB192_3	1057514	1059524	color=b3b1b2
Histocap1517p17_3	1745160	1747132	HistocapCB192_3	1708269	1710267	color=b3b1b2
Histocap1517p17_3	322581	324548	HistocapCB192_3	299973	301939	color=b3b1b2
Histocap1517p17_3	1829035	1830996	HistocapCB192_3	1791360	1793280	color=b3b1b2
Histocap1517p17_3	101327	103287	HistocapCB192_3	117603	119560	color=b3b1b2
Histocap1517p17_3	2423963	2425917	HistocapCB192_3	2358245	2360183	color=b3b1b2
Histocap1517p17_3	503197	505143	HistocapCB192_3	460499	462510	color=b3b1b2
Histocap1517p17_3	680389	682333	HistocapCB192_3	618238	620190	color=b3b1b2
Histocap1517p17_3	1659119	1661062	HistocapCB192_3	1602974	1604913	color=b3b1b2
Histocap1517p17_3	1466473	1468414	HistocapCB192_3	1401693	1403668	color=b3b1b2
Histocap1517p17_3	731442	733378	HistocapCB192_3	661785	663746	color=b3b1b2
Histocap1517p17_3	2798625	2800559	HistocapCB192_3	2713722	2715663	color=b3b1b2
Histocap1517p17_3	1407350	1409264	HistocapCB192_3	1340689	1342596	color=b3b1b2
Histocap1517p17_3	2611459	2613366	HistocapCB192_3	2515770	2517671	color=b3b1b2
Histocap1517p17_3	2933991	2935892	HistocapCB192_3	2842236	2844172	color=b3b1b2
Histocap1517p17_3	2543278	2545178	HistocapCB192_3	2475374	2477314	color=b3b1b2
Histocap1517p17_3	53060	54956	HistocapCB192_3	69630	71512	color=b3b1b2
Histocap1517p17_3	1458235	1460126	HistocapCB192_3	1393278	1395167	color=b3b1b2
Histocap1517p17_3	2654952	2656834	HistocapCB192_3	2574232	2576088	color=b3b1b2
Histocap1517p17_3	1705022	1706902	HistocapCB192_3	1662672	1664511	color=b3b1b2
Histocap1517p17_3	2262462	2264340	HistocapCB192_3	2185482	2187376	color=b3b1b2
Histocap1517p17_3	444249	446088	HistocapCB192_3	402239	404046	color=b3b1b2
Histocap1517p17_3	3383325	3385160	HistocapCB192_3	3268307	3266489	color=b3b1b2
Histocap1517p17_3	3396044	3397878	HistocapCB192_3	3284759	3286594	color=b3b1b2
Histocap1517p17_3	1443385	1445215	HistocapCB192_3	1378070	1379910	color=b3b1b2
Histocap1517p17_3	770704	772534	HistocapCB192_3	707790	709669	color=b3b1b2
Histocap1517p17_3	3469789	3471611	HistocapCB192_3	3356026	3357866	color=b3b1b2
Histocap1517p17_3	3751408	3753229	HistocapCB192_3	3645114	3646939	color=b3b1b2
Histocap1517p17_3	1578975	1580787	HistocapCB192_3	1521012	1522825	color=b3b1b2
Histocap1517p17_3	789386	791192	HistocapCB192_3	727254	729086	color=b3b1b2
Histocap1517p17_3	2893832	2895631	HistocapCB192_3	2808592	2810389	color=b3b1b2
Histocap1517p17_3	1785548	1787322	HistocapCB192_3	1750535	1752354	color=b3b1b2
Histocap1517p17_3	3429552	3431308	HistocapCB192_3	3313705	3315467	color=b3b1b2
Histocap1517p17_3	2920094	2921840	HistocapCB192_3	2831040	2832846	color=b3b1b2
Histocap1517p17_3	2456816	2458558	HistocapCB192_3	2390570	2392322	color=b3b1b2
Histocap1517p17_3	3107144	3108883	HistocapCB192_3	3014294	3016033	color=b3b1b2
Histocap1517p17_3	2782835	2784572	HistocapCB192_3	2698738	2700460	color=b3b1b2
Histocap1517p17_3	3294132	3295865	HistocapCB192_3	3185374	3187139	color=b3b1b2
Histocap1517p17_3	3101371	3103102	HistocapCB192_3	3008744	3010471	color=b3b1b2
Histocap1517p17_3	2507556	2509286	HistocapCB192_3	2441903	2443624	color=b3b1b2
Histocap1517p17_3	675998	677715	HistocapCB192_3	616185	617919	color=b3b1b2
Histocap1517p17_3	1530887	1532603	HistocapCB192_3	1474042	1475754	color=b3b1b2
Histocap1517p17_3	3324130	3325834	HistocapCB192_3	3214691	3216383	color=b3b1b2
Histocap1517p17_3	242523	244216	HistocapCB192_3	218678	220366	color=b3b1b2
Histocap1517p17_3	272586	274258	HistocapCB192_3	249994	251666	color=b3b1b2
Histocap1517p17_3	591889	593559	HistocapCB192_3	530353	532078	color=b3b1b2
Histocap1517p17_3	794189	795855	HistocapCB192_3	731890	733565	color=b3b1b2
Histocap1517p17_3	147211	148850	HistocapCB192_3	141683	143316	color=b3b1b2
Histocap1517p17_3	554730	556365	HistocapCB192_3	512718	514350	color=b3b1b2
Histocap1517p17_3	3483375	3485006	HistocapCB192_3	3369393	3371031	color=b3b1b2
Histocap1517p17_3	1978758	1980387	HistocapCB192_3	1930253	1931882	color=b3b1b2
Histocap1517p17_3	1691698	1693324	HistocapCB192_3	1648396	1650035	color=b3b1b2
Histocap1517p17_3	2422123	2423742	HistocapCB192_3	2356507	2358130	color=b3b1b2
Histocap1517p17_3	1510006	1511612	HistocapCB192_3	1450502	1452117	color=b3b1b2
Histocap1517p17_3	2216867	2218473	HistocapCB192_3	2150778	2152389	color=b3b1b2
Histocap1517p17_3	638028	639621	HistocapCB192_3	576002	577570	color=b3b1b2
Histocap1517p17_3	619622	621185	HistocapCB192_3	556373	557936	color=b3b1b2
Histocap1517p17_3	1015216	1016775	HistocapCB192_3	934998	936581	color=b3b1b2
Histocap1517p17_3	3700190	3701739	HistocapCB192_3	3580886	3582449	color=b3b1b2
Histocap1517p17_3	1547132	1548677	HistocapCB192_3	1489133	1490721	color=b3b1b2
Histocap1517p17_3	556883	558412	HistocapCB192_3	514349	515882	color=b3b1b2
Histocap1517p17_3	2427415	2428935	HistocapCB192_3	2360633	2362148	color=b3b1b2
Histocap1517p17_3	2546459	2547970	HistocapCB192_3	2478420	2479922	color=b3b1b2
Histocap1517p17_3	1026385	1027891	HistocapCB192_3	947906	949419	color=b3b1b2
Histocap1517p17_3	1970064	1971569	HistocapCB192_3	1922151	1923620	color=b3b1b2
Histocap1517p17_3	2057507	2059010	HistocapCB192_3	2025872	2027385	color=b3b1b2
Histocap1517p17_3	3578847	3580328	HistocapCB192_3	3458504	3459986	color=b3b1b2
Histocap1517p17_3	2774038	2775518	HistocapCB192_3	2690253	2691776	color=b3b1b2
Histocap1517p17_3	1059856	1061328	HistocapCB192_3	980720	982219	color=b3b1b2
Histocap1517p17_3	2983416	2984878	HistocapCB192_3	2907747	2909248	color=b3b1b2
Histocap1517p17_3	1731558	1733011	HistocapCB192_3	1691616	1693103	color=b3b1b2
Histocap1517p17_3	895174	896622	HistocapCB192_3	843132	844583	color=b3b1b2
Histocap1517p17_3	738005	739449	HistocapCB192_3	668412	669870	color=b3b1b2
Histocap1517p17_3	1318129	1319558	HistocapCB192_3	1247335	1248764	color=b3b1b2
Histocap1517p17_3	1460244	1461648	HistocapCB192_3	1395297	1396703	color=b3b1b2
Histocap1517p17_3	2061785	2063171	HistocapCB192_3	2030012	2031418	color=b3b1b2
Histocap1517p17_3	642455	643835	HistocapCB192_3	580149	581487	color=b3b1b2
Histocap1517p17_3	2345058	2346436	HistocapCB192_3	2278996	2280380	color=b3b1b2
Histocap1517p17_3	480887	482248	HistocapCB192_3	438738	440094	color=b3b1b2
Histocap1517p17_3	1537576	1538931	HistocapCB192_3	1479742	1481064	color=b3b1b2
Histocap1517p17_3	1826652	1828004	HistocapCB192_3	1789441	1790833	color=b3b1b2
Histocap1517p17_3	2918354	2919693	HistocapCB192_3	2829317	2830680	color=b3b1b2
Histocap1517p17_3	2733574	2734900	HistocapCB192_3	2650240	2651563	color=b3b1b2
Histocap1517p17_3	2637890	2639208	HistocapCB192_3	2549856	2551166	color=b3b1b2
Histocap1517p17_3	558746	560052	HistocapCB192_3	515890	517187	color=b3b1b2
Histocap1517p17_3	1409331	1410635	HistocapCB192_3	1342700	1343988	color=b3b1b2
Histocap1517p17_3	2716850	2718149	HistocapCB192_3	2635453	2636754	color=b3b1b2
Histocap1517p17_3	135464	136761	HistocapCB192_3	131541	132823	color=b3b1b2
Histocap1517p17_3	1781248	1782545	HistocapCB192_3	1745640	1746933	color=b3b1b2
Histocap1517p17_3	526251	527548	HistocapCB192_3	486126	487472	color=b3b1b2
Histocap1517p17_3	655051	656347	HistocapCB192_3	591841	593148	color=b3b1b2
Histocap1517p17_3	1131600	1132892	HistocapCB192_3	1051976	1053297	color=b3b1b2
Histocap1517p17_3	3253175	3254461	HistocapCB192_3	3145506	3146758	color=b3b1b2
Histocap1517p17_3	2187952	2189224	HistocapCB192_3	2120285	2121584	color=b3b1b2
Histocap1517p17_3	3636713	3637980	HistocapCB192_3	3510068	3511349	color=b3b1b2
Histocap1517p17_3	2732247	2733495	HistocapCB192_3	2648742	2649987	color=b3b1b2
Histocap1517p17_3	795883	797130	HistocapCB192_3	733952	735190	color=b3b1b2
Histocap1517p17_3	2477642	2478879	HistocapCB192_3	2412808	2414041	color=b3b1b2
Histocap1517p17_3	1855022	1856256	HistocapCB192_3	1836479	1837723	color=b3b1b2
Histocap1517p17_3	517337	518570	HistocapCB192_3	474749	475981	color=b3b1b2
Histocap1517p17_3	321098	322318	HistocapCB192_3	298745	299965	color=b3b1b2
Histocap1517p17_3	26672	27889	HistocapCB192_3	31181	32396	color=b3b1b2
Histocap1517p17_3	3236151	3237350	HistocapCB192_3	3127956	3129169	color=b3b1b2
Histocap1517p17_3	2730929	2732126	HistocapCB192_3	2647307	2648511	color=b3b1b2
Histocap1517p17_3	1202901	1204093	HistocapCB192_3	1304150	1305356	color=b3b1b2
Histocap1517p17_3	56214	57400	HistocapCB192_3	71739	72919	color=b3b1b2
Histocap1517p17_3	1755719	1756888	HistocapCB192_3	1718648	1719817	color=b3b1b2
Histocap1517p17_3	1926576	1927744	HistocapCB192_3	1897645	1898833	color=b3b1b2
Histocap1517p17_3	175568	176730	HistocapCB192_3	168993	170133	color=b3b1b2
Histocap1517p17_3	2707741	2708899	HistocapCB192_3	2627501	2628646	color=b3b1b2
Histocap1517p17_3	244317	245424	HistocapCB192_3	220609	221716	color=b3b1b2
Histocap1517p17_3	1216976	1218082	HistocapCB192_3	1147866	1149001	color=b3b1b2
Histocap1517p17_3	3620792	3621896	HistocapCB192_3	3494914	3496018	color=b3b1b2
Histocap1517p17_3	1913161	1914260	HistocapCB192_3	1886895	1887988	color=b3b1b2
Histocap1517p17_3	3597854	3598950	HistocapCB192_3	3478176	3479298	color=b3b1b2
Histocap1517p17_3	2519692	2520775	HistocapCB192_3	2458163	2459231	color=b3b1b2
Histocap1517p17_3	2801227	2802295	HistocapCB192_3	2715978	2717045	color=b3b1b2
Histocap1517p17_3	3408484	3409540	HistocapCB192_3	3293948	3295007	color=b3b1b2
Histocap1517p17_3	3407344	3408385	HistocapCB192_3	3292800	3293844	color=b3b1b2
Histocap1517p17_3	3255401	3256437	HistocapCB192_3	3147515	3148547	color=b3b1b2
Histocap1517p17_3	2428960	2429992	HistocapCB192_3	2362249	2363287	color=b3b1b2
Histocap1517p17_3	3485978	3487008	HistocapCB192_3	3372002	3373036	color=b3b1b2
Histocap1517p17_3	893971	895001	HistocapCB192_3	841964	843031	color=b3b1b2
Histocap1517p17_3	1187991	1189012	HistocapCB192_3	1116333	1117359	color=b3b1b2
Histocap1517p17_3	174175	175193	HistocapCB192_3	167981	168992	color=b3b1b2
