HistocapCB062_5	3130325	3160511	HistoohiSECH95_5	2820401	2850756	color=b3b1b2
HistocapCB062_5	801668	826077	HistoohiSECH95_5	622174	646603	color=b3b1b2
HistocapCB062_5	2436343	2459495	HistoohiSECH95_5	2129011	2152025	color=b3b1b2
HistocapCB062_5	423195	441809	HistoohiSECH95_5	342590	361088	color=b3b1b2
HistocapCB062_5	2223203	2241154	HistoohiSECH95_5	1935622	1953516	color=b3b1b2
HistocapCB062_5	1268940	1286256	HistoohiSECH95_5	1022403	1039745	color=b3b1b2
HistocapCB062_5	676005	692993	HistoohiSECH95_5	538369	555366	color=b3b1b2
HistocapCB062_5	1565675	1582386	HistoohiSECH95_5	1288728	1305445	color=b3b1b2
HistocapCB062_5	1728465	1745096	HistoohiSECH95_5	1407614	1424325	color=b3b1b2
HistocapCB062_5	2460483	2476737	HistoohiSECH95_5	2153109	2169381	color=b3b1b2
HistocapCB062_5	1350155	1366069	HistoohiSECH95_5	1089255	1105311	color=b3b1b2
HistocapCB062_5	2091345	2105960	HistoohiSECH95_5	1825942	1840495	color=b3b1b2
HistocapCB062_5	3173187	3187595	HistoohiSECH95_5	2861273	2875608	color=b3b1b2
HistocapCB062_5	949659	963493	HistoohiSECH95_5	751591	765588	color=b3b1b2
HistocapCB062_5	1888175	1901949	HistoohiSECH95_5	1565646	1579470	color=b3b1b2
HistocapCB062_5	2276678	2290001	HistoohiSECH95_5	1978969	1992311	color=b3b1b2
HistocapCB062_5	2302658	2315867	HistoohiSECH95_5	2005091	2018221	color=b3b1b2
HistocapCB062_5	2677022	2690138	HistoohiSECH95_5	2361458	2374566	color=b3b1b2
HistocapCB062_5	1588876	1601902	HistoohiSECH95_5	1310999	1324173	color=b3b1b2
HistocapCB062_5	867522	880400	HistoohiSECH95_5	690919	703865	color=b3b1b2
HistocapCB062_5	2626758	2639633	HistoohiSECH95_5	2322356	2335191	color=b3b1b2
HistocapCB062_5	2977725	2989926	HistoohiSECH95_5	2641631	2653785	color=b3b1b2
HistocapCB062_5	513314	525209	HistoohiSECH95_5	416312	428170	color=b3b1b2
HistocapCB062_5	2205734	2217591	HistoohiSECH95_5	1918333	1930134	color=b3b1b2
HistocapCB062_5	2290521	2302248	HistoohiSECH95_5	1992902	2004564	color=b3b1b2
HistocapCB062_5	153214	164849	HistoohiSECH95_5	139450	150912	color=b3b1b2
HistocapCB062_5	1064366	1075308	HistoohiSECH95_5	835588	846553	color=b3b1b2
HistocapCB062_5	1854885	1865647	HistoohiSECH95_5	1523296	1533920	color=b3b1b2
HistocapCB062_5	1950640	1960903	HistoohiSECH95_5	1672190	1682393	color=b3b1b2
HistocapCB062_5	3160513	3170726	HistoohiSECH95_5	2850913	2861175	color=b3b1b2
HistocapCB062_5	2192109	2202271	HistoohiSECH95_5	1907202	1917386	color=b3b1b2
HistocapCB062_5	2784824	2794872	HistoohiSECH95_5	2435003	2444874	color=b3b1b2
HistocapCB062_5	1154249	1164274	HistoohiSECH95_5	949947	959866	color=b3b1b2
HistocapCB062_5	973373	983310	HistoohiSECH95_5	775228	785263	color=b3b1b2
HistocapCB062_5	1606633	1616419	HistoohiSECH95_5	1332073	1341883	color=b3b1b2
HistocapCB062_5	2126184	2135928	HistoohiSECH95_5	1854293	1864087	color=b3b1b2
HistocapCB062_5	1844151	1853825	HistoohiSECH95_5	1511940	1521488	color=b3b1b2
HistocapCB062_5	2315869	2325452	HistoohiSECH95_5	2018374	2027838	color=b3b1b2
HistocapCB062_5	320712	330279	HistoohiSECH95_5	277343	286930	color=b3b1b2
HistocapCB062_5	2645895	2655422	HistoohiSECH95_5	2341383	2350909	color=b3b1b2
HistocapCB062_5	2893962	2903436	HistoohiSECH95_5	2563566	2572971	color=b3b1b2
HistocapCB062_5	2002263	2011718	HistoohiSECH95_5	1722113	1731616	color=b3b1b2
HistocapCB062_5	836257	845712	HistoohiSECH95_5	655935	665381	color=b3b1b2
HistocapCB062_5	2346244	2355673	HistoohiSECH95_5	2048627	2058116	color=b3b1b2
HistocapCB062_5	1164220	1173532	HistoohiSECH95_5	940585	949955	color=b3b1b2
HistocapCB062_5	592195	601500	HistoohiSECH95_5	483776	493017	color=b3b1b2
HistocapCB062_5	2042640	2051926	HistoohiSECH95_5	1755297	1764612	color=b3b1b2
HistocapCB062_5	1902084	1911349	HistoohiSECH95_5	1579465	1588698	color=b3b1b2
HistocapCB062_5	236336	245461	HistoohiSECH95_5	216785	225855	color=b3b1b2
HistocapCB062_5	1372283	1381342	HistoohiSECH95_5	1111389	1120437	color=b3b1b2
HistocapCB062_5	693418	702426	HistoohiSECH95_5	561294	570164	color=b3b1b2
HistocapCB062_5	1196648	1205585	HistoohiSECH95_5	980730	989702	color=b3b1b2
HistocapCB062_5	180369	189302	HistoohiSECH95_5	163503	172398	color=b3b1b2
HistocapCB062_5	1456993	1465890	HistoohiSECH95_5	1146455	1137582	color=b3b1b2
HistocapCB062_5	2402104	2410913	HistoohiSECH95_5	2098084	2106923	color=b3b1b2
HistocapCB062_5	1207867	1216420	HistoohiSECH95_5	989767	998349	color=b3b1b2
HistocapCB062_5	119617	127899	HistoohiSECH95_5	107396	115730	color=b3b1b2
HistocapCB062_5	1918747	1926956	HistoohiSECH95_5	1597702	1605903	color=b3b1b2
HistocapCB062_5	2573387	2581545	HistoohiSECH95_5	2271840	2280058	color=b3b1b2
HistocapCB062_5	1146107	1154256	HistoohiSECH95_5	932251	940478	color=b3b1b2
HistocapCB062_5	1389110	1397233	HistoohiSECH95_5	1154464	1162828	color=b3b1b2
HistocapCB062_5	2338128	2346243	HistoohiSECH95_5	2040510	2048521	color=b3b1b2
HistocapCB062_5	923304	931363	HistoohiSECH95_5	724734	732718	color=b3b1b2
HistocapCB062_5	963719	971751	HistoohiSECH95_5	765727	773742	color=b3b1b2
HistocapCB062_5	1640777	1648808	HistoohiSECH95_5	1362670	1370651	color=b3b1b2
HistocapCB062_5	572882	580891	HistoohiSECH95_5	465855	473820	color=b3b1b2
HistocapCB062_5	111710	119671	HistoohiSECH95_5	99385	107295	color=b3b1b2
HistocapCB062_5	2381739	2389679	HistoohiSECH95_5	2077373	2085336	color=b3b1b2
HistocapCB062_5	2330250	2338031	HistoohiSECH95_5	2032713	2040409	color=b3b1b2
HistocapCB062_5	75399	83130	HistoohiSECH95_5	63605	71335	color=b3b1b2
HistocapCB062_5	2031925	2039652	HistoohiSECH95_5	1744304	1752116	color=b3b1b2
HistocapCB062_5	2992446	3000101	HistoohiSECH95_5	2810198	2817768	color=b3b1b2
HistocapCB062_5	312648	320250	HistoohiSECH95_5	269603	277310	color=b3b1b2
HistocapCB062_5	3191552	3199151	HistoohiSECH95_5	2876679	2884200	color=b3b1b2
HistocapCB062_5	2595479	2603057	HistoohiSECH95_5	2290846	2298415	color=b3b1b2
HistocapCB062_5	139457	146998	HistoohiSECH95_5	126978	134449	color=b3b1b2
HistocapCB062_5	194462	201962	HistoohiSECH95_5	177349	184815	color=b3b1b2
HistocapCB062_5	2801270	2808690	HistoohiSECH95_5	2451008	2458358	color=b3b1b2
HistocapCB062_5	405856	413237	HistoohiSECH95_5	325222	332620	color=b3b1b2
HistocapCB062_5	2477230	2484584	HistoohiSECH95_5	2171406	2178806	color=b3b1b2
HistocapCB062_5	2608277	2615544	HistoohiSECH95_5	2303850	2311186	color=b3b1b2
HistocapCB062_5	2963372	2970620	HistoohiSECH95_5	2627444	2634669	color=b3b1b2
HistocapCB062_5	1126820	1134061	HistoohiSECH95_5	896445	903599	color=b3b1b2
HistocapCB062_5	1797896	1805045	HistoohiSECH95_5	1460262	1467337	color=b3b1b2
HistocapCB062_5	2690421	2697524	HistoohiSECH95_5	2374562	2381684	color=b3b1b2
HistocapCB062_5	1820482	1827580	HistoohiSECH95_5	1487960	1495121	color=b3b1b2
HistocapCB062_5	904231	911329	HistoohiSECH95_5	712077	719290	color=b3b1b2
HistocapCB062_5	30875	37916	HistoohiSECH95_5	50244	57270	color=b3b1b2
HistocapCB062_5	2507776	2514801	HistoohiSECH95_5	2205205	2212185	color=b3b1b2
HistocapCB062_5	1633870	1640831	HistoohiSECH95_5	1355584	1362569	color=b3b1b2
HistocapCB062_5	2181670	2188627	HistoohiSECH95_5	1896856	1903713	color=b3b1b2
HistocapCB062_5	2546302	2553248	HistoohiSECH95_5	2244268	2251147	color=b3b1b2
HistocapCB062_5	2808726	2815598	HistoohiSECH95_5	2458865	2465811	color=b3b1b2
HistocapCB062_5	1812998	1819863	HistoohiSECH95_5	1475587	1482524	color=b3b1b2
HistocapCB062_5	2524540	2531338	HistoohiSECH95_5	2222224	2228996	color=b3b1b2
HistocapCB062_5	1833228	1839938	HistoohiSECH95_5	1500946	1507629	color=b3b1b2
HistocapCB062_5	2879100	2885800	HistoohiSECH95_5	2545131	2551808	color=b3b1b2
HistocapCB062_5	128493	135186	HistoohiSECH95_5	116406	122956	color=b3b1b2
HistocapCB062_5	2025065	2031725	HistoohiSECH95_5	1737419	1744086	color=b3b1b2
HistocapCB062_5	2970651	2977305	HistoohiSECH95_5	2634925	2641632	color=b3b1b2
HistocapCB062_5	2501129	2507742	HistoohiSECH95_5	2198147	2204782	color=b3b1b2
HistocapCB062_5	461875	468354	HistoohiSECH95_5	372447	378871	color=b3b1b2
HistocapCB062_5	1995819	2002232	HistoohiSECH95_5	1715617	1722007	color=b3b1b2
HistocapCB062_5	2514904	2521313	HistoohiSECH95_5	2212374	2218979	color=b3b1b2
HistocapCB062_5	2871674	2878066	HistoohiSECH95_5	2529788	2536158	color=b3b1b2
HistocapCB062_5	1079179	1085552	HistoohiSECH95_5	849489	855797	color=b3b1b2
HistocapCB062_5	2375277	2381638	HistoohiSECH95_5	2070910	2077368	color=b3b1b2
HistocapCB062_5	2553973	2560322	HistoohiSECH95_5	2252151	2258492	color=b3b1b2
HistocapCB062_5	990492	996761	HistoohiSECH95_5	793183	799461	color=b3b1b2
HistocapCB062_5	1446813	1453056	HistoohiSECH95_5	1205970	1212213	color=b3b1b2
HistocapCB062_5	2903523	2909755	HistoohiSECH95_5	2574920	2581153	color=b3b1b2
HistocapCB062_5	1326804	1333002	HistoohiSECH95_5	1058913	1065191	color=b3b1b2
HistocapCB062_5	850534	856697	HistoohiSECH95_5	673920	680083	color=b3b1b2
HistocapCB062_5	2365997	2372098	HistoohiSECH95_5	2061709	2067784	color=b3b1b2
HistocapCB062_5	38250	44343	HistoohiSECH95_5	57336	63443	color=b3b1b2
HistocapCB062_5	1297734	1303796	HistoohiSECH95_5	1048358	1054540	color=b3b1b2
HistocapCB062_5	1094281	1100336	HistoohiSECH95_5	863742	869699	color=b3b1b2
HistocapCB062_5	1977188	1983212	HistoohiSECH95_5	1696347	1702334	color=b3b1b2
HistocapCB062_5	2065817	2071799	HistoohiSECH95_5	1805720	1811715	color=b3b1b2
HistocapCB062_5	1983576	1989545	HistoohiSECH95_5	1703085	1708861	color=b3b1b2
HistocapCB062_5	3224282	3230223	HistoohiSECH95_5	2910464	2916456	color=b3b1b2
HistocapCB062_5	2426039	2431957	HistoohiSECH95_5	2121950	2127842	color=b3b1b2
HistocapCB062_5	2053521	2059418	HistoohiSECH95_5	1766247	1772156	color=b3b1b2
HistocapCB062_5	1366189	1372067	HistoohiSECH95_5	1105316	1111321	color=b3b1b2
HistocapCB062_5	2844769	2850645	HistoohiSECH95_5	2493693	2499570	color=b3b1b2
HistocapCB062_5	1120878	1126718	HistoohiSECH95_5	890537	896339	color=b3b1b2
HistocapCB062_5	1791080	1796844	HistoohiSECH95_5	1453890	1459714	color=b3b1b2
HistocapCB062_5	2852409	2858151	HistoohiSECH95_5	2505649	2511455	color=b3b1b2
HistocapCB062_5	1427915	1433605	HistoohiSECH95_5	1186271	1191972	color=b3b1b2
HistocapCB062_5	2011864	2017554	HistoohiSECH95_5	1731613	1737408	color=b3b1b2
HistocapCB062_5	2831731	2837410	HistoohiSECH95_5	2481459	2487077	color=b3b1b2
HistocapCB062_5	1137979	1143598	HistoohiSECH95_5	916960	922565	color=b3b1b2
HistocapCB062_5	3205500	3211063	HistoohiSECH95_5	2891954	2897505	color=b3b1b2
HistocapCB062_5	2157382	2162932	HistoohiSECH95_5	1877995	1883473	color=b3b1b2
HistocapCB062_5	83130	88624	HistoohiSECH95_5	71437	76891	color=b3b1b2
HistocapCB062_5	586210	591703	HistoohiSECH95_5	477192	482691	color=b3b1b2
HistocapCB062_5	830588	836070	HistoohiSECH95_5	650495	656052	color=b3b1b2
HistocapCB062_5	2639864	2645258	HistoohiSECH95_5	2335569	2340997	color=b3b1b2
HistocapCB062_5	2707501	2712880	HistoohiSECH95_5	2392453	2397814	color=b3b1b2
HistocapCB062_5	3215988	3221361	HistoohiSECH95_5	2901670	2906990	color=b3b1b2
HistocapCB062_5	1411296	1416617	HistoohiSECH95_5	1175855	1181159	color=b3b1b2
HistocapCB062_5	1057922	1063242	HistoohiSECH95_5	826732	821385	color=b3b1b2
HistocapCB062_5	20666	25945	HistoohiSECH95_5	39669	44971	color=b3b1b2
HistocapCB062_5	2217741	2223007	HistoohiSECH95_5	1930306	1935605	color=b3b1b2
HistocapCB062_5	100235	105439	HistoohiSECH95_5	87647	92998	color=b3b1b2
HistocapCB062_5	609324	614455	HistoohiSECH95_5	510046	515160	color=b3b1b2
HistocapCB062_5	2397046	2402103	HistoohiSECH95_5	2092680	2097888	color=b3b1b2
HistocapCB062_5	93767	98816	HistoohiSECH95_5	82210	87235	color=b3b1b2
HistocapCB062_5	1383437	1388405	HistoohiSECH95_5	1148732	1153678	color=b3b1b2
HistocapCB062_5	2270502	2275458	HistoohiSECH95_5	1956763	1961788	color=b3b1b2
HistocapCB062_5	1963647	1968577	HistoohiSECH95_5	1685442	1690449	color=b3b1b2
HistocapCB062_5	1030270	1035176	HistoohiSECH95_5	812782	817606	color=b3b1b2
HistocapCB062_5	1340532	1345429	HistoohiSECH95_5	1079688	1084493	color=b3b1b2
HistocapCB062_5	211602	216498	HistoohiSECH95_5	193679	198544	color=b3b1b2
HistocapCB062_5	2887414	2892285	HistoohiSECH95_5	2552970	2557815	color=b3b1b2
HistocapCB062_5	2909757	2914626	HistoohiSECH95_5	2581316	2586165	color=b3b1b2
HistocapCB062_5	413358	418218	HistoohiSECH95_5	332883	337688	color=b3b1b2
HistocapCB062_5	1290229	1295056	HistoohiSECH95_5	1041027	1045908	color=b3b1b2
HistocapCB062_5	2823240	2828060	HistoohiSECH95_5	2472412	2477351	color=b3b1b2
HistocapCB062_5	935693	940498	HistoohiSECH95_5	737247	741993	color=b3b1b2
HistocapCB062_5	1865671	1870468	HistoohiSECH95_5	1535617	1540409	color=b3b1b2
HistocapCB062_5	1828443	1833236	HistoohiSECH95_5	1496007	1500822	color=b3b1b2
HistocapCB062_5	2702613	2707400	HistoohiSECH95_5	2387705	2392450	color=b3b1b2
HistocapCB062_5	189659	194439	HistoohiSECH95_5	172415	177173	color=b3b1b2
HistocapCB062_5	2922014	2926785	HistoohiSECH95_5	2591884	2596722	color=b3b1b2
HistocapCB062_5	272629	277355	HistoohiSECH95_5	234595	239349	color=b3b1b2
HistocapCB062_5	1661507	1666169	HistoohiSECH95_5	1380664	1385385	color=b3b1b2
HistocapCB062_5	1173665	1178294	HistoohiSECH95_5	959967	964591	color=b3b1b2
HistocapCB062_5	1345535	1350155	HistoohiSECH95_5	1084494	1089092	color=b3b1b2
HistocapCB062_5	2164938	2169551	HistoohiSECH95_5	1885443	1890014	color=b3b1b2
HistocapCB062_5	2719715	2724274	HistoohiSECH95_5	2400447	2405007	color=b3b1b2
HistocapCB062_5	217148	221679	HistoohiSECH95_5	199242	203730	color=b3b1b2
HistocapCB062_5	2839730	2844233	HistoohiSECH95_5	2489136	2493675	color=b3b1b2
HistocapCB062_5	2495964	2500408	HistoohiSECH95_5	2192842	2197307	color=b3b1b2
HistocapCB062_5	2933613	2938039	HistoohiSECH95_5	2602596	2606990	color=b3b1b2
HistocapCB062_5	728130	732537	HistoohiSECH95_5	591238	595680	color=b3b1b2
HistocapCB062_5	2615668	2620017	HistoohiSECH95_5	2311526	2315867	color=b3b1b2
HistocapCB062_5	298865	303208	HistoohiSECH95_5	255813	260107	color=b3b1b2
HistocapCB062_5	1878282	1882618	HistoohiSECH95_5	1555604	1559969	color=b3b1b2
HistocapCB062_5	307050	311348	HistoohiSECH95_5	263710	267988	color=b3b1b2
HistocapCB062_5	493175	497472	HistoohiSECH95_5	398363	402671	color=b3b1b2
HistocapCB062_5	2746343	2750623	HistoohiSECH95_5	2425711	2429992	color=b3b1b2
HistocapCB062_5	2862734	2867000	HistoohiSECH95_5	2521036	2525273	color=b3b1b2
HistocapCB062_5	2109386	2113602	HistoohiSECH95_5	1843622	1847788	color=b3b1b2
HistocapCB062_5	2568136	2572342	HistoohiSECH95_5	2266936	2271096	color=b3b1b2
HistocapCB062_5	1303801	1307998	HistoohiSECH95_5	1054700	1058896	color=b3b1b2
HistocapCB062_5	791540	795713	HistoohiSECH95_5	617414	621609	color=b3b1b2
HistocapCB062_5	444430	448570	HistoohiSECH95_5	361120	365286	color=b3b1b2
HistocapCB062_5	601600	605735	HistoohiSECH95_5	493177	497333	color=b3b1b2
HistocapCB062_5	1874040	1878105	HistoohiSECH95_5	1551320	1555341	color=b3b1b2
HistocapCB062_5	135293	139338	HistoohiSECH95_5	122958	126976	color=b3b1b2
HistocapCB062_5	4083	8099	HistoohiSECH95_5	26185	30262	color=b3b1b2
HistocapCB062_5	941809	945817	HistoohiSECH95_5	743713	747608	color=b3b1b2
HistocapCB062_5	2561682	2565673	HistoohiSECH95_5	2260068	2264008	color=b3b1b2
HistocapCB062_5	89780	93766	HistoohiSECH95_5	78159	82054	color=b3b1b2
HistocapCB062_5	2797173	2801147	HistoohiSECH95_5	2447016	2450984	color=b3b1b2
HistocapCB062_5	221912	225872	HistoohiSECH95_5	203821	207781	color=b3b1b2
HistocapCB062_5	1037291	1041208	HistoohiSECH95_5	831649	835582	color=b3b1b2
HistocapCB062_5	2077302	2081195	HistoohiSECH95_5	1815345	1819289	color=b3b1b2
HistocapCB062_5	614929	618790	HistoohiSECH95_5	515531	519420	color=b3b1b2
HistocapCB062_5	672153	676003	HistoohiSECH95_5	534399	538205	color=b3b1b2
HistocapCB062_5	1745200	1749036	HistoohiSECH95_5	1424325	1428216	color=b3b1b2
HistocapCB062_5	1024248	1028071	HistoohiSECH95_5	807371	811196	color=b3b1b2
HistocapCB062_5	2726085	2729852	HistoohiSECH95_5	2407090	2410909	color=b3b1b2
HistocapCB062_5	931882	935646	HistoohiSECH95_5	733298	737063	color=b3b1b2
HistocapCB062_5	1134162	1137898	HistoohiSECH95_5	911811	915554	color=b3b1b2
HistocapCB062_5	2734959	2738680	HistoohiSECH95_5	2414425	2418209	color=b3b1b2
HistocapCB062_5	2945707	2949421	HistoohiSECH95_5	2611239	2614943	color=b3b1b2
HistocapCB062_5	488143	491852	HistoohiSECH95_5	393384	397121	color=b3b1b2
HistocapCB062_5	945815	949509	HistoohiSECH95_5	747884	751512	color=b3b1b2
HistocapCB062_5	561261	564875	HistoohiSECH95_5	454022	457729	color=b3b1b2
HistocapCB062_5	667957	671549	HistoohiSECH95_5	529740	533330	color=b3b1b2
HistocapCB062_5	2542182	2545753	HistoohiSECH95_5	2239732	2243302	color=b3b1b2
HistocapCB062_5	468470	472038	HistoohiSECH95_5	379028	382574	color=b3b1b2
HistocapCB062_5	107699	111264	HistoohiSECH95_5	95413	98984	color=b3b1b2
HistocapCB062_5	1453431	1456993	HistoohiSECH95_5	1124321	1120774	color=b3b1b2
HistocapCB062_5	2740997	2744551	HistoohiSECH95_5	2420434	2423956	color=b3b1b2
HistocapCB062_5	1193094	1196644	HistoohiSECH95_5	977173	980557	color=b3b1b2
HistocapCB062_5	1438621	1442149	HistoohiSECH95_5	1197880	1201432	color=b3b1b2
HistocapCB062_5	986795	990257	HistoohiSECH95_5	789731	793180	color=b3b1b2
HistocapCB062_5	1583408	1586861	HistoohiSECH95_5	1305441	1308918	color=b3b1b2
HistocapCB062_5	402090	405517	HistoohiSECH95_5	321692	325132	color=b3b1b2
HistocapCB062_5	2536831	2540256	HistoohiSECH95_5	2235396	2238798	color=b3b1b2
HistocapCB062_5	148828	152249	HistoohiSECH95_5	135892	139448	color=b3b1b2
HistocapCB062_5	1883642	1887046	HistoohiSECH95_5	1561032	1564472	color=b3b1b2
HistocapCB062_5	1054321	1057677	HistoohiSECH95_5	830300	826905	color=b3b1b2
HistocapCB062_5	1465887	1469223	HistoohiSECH95_5	1134366	1131026	color=b3b1b2
HistocapCB062_5	205161	208491	HistoohiSECH95_5	187311	190669	color=b3b1b2
HistocapCB062_5	2816214	2819528	HistoohiSECH95_5	2465808	2469049	color=b3b1b2
HistocapCB062_5	621312	624602	HistoohiSECH95_5	520332	523592	color=b3b1b2
HistocapCB062_5	2867862	2871151	HistoohiSECH95_5	2526080	2529357	color=b3b1b2
HistocapCB062_5	2819824	2823107	HistoohiSECH95_5	2469044	2472279	color=b3b1b2
HistocapCB062_5	2415538	2418789	HistoohiSECH95_5	2111131	2114407	color=b3b1b2
HistocapCB062_5	1752367	1755512	HistoohiSECH95_5	1432281	1435304	color=b3b1b2
HistocapCB062_5	1621742	1624879	HistoohiSECH95_5	1345146	1348311	color=b3b1b2
HistocapCB062_5	1757695	1760817	HistoohiSECH95_5	1437923	1441085	color=b3b1b2
HistocapCB062_5	883517	886636	HistoohiSECH95_5	707321	710478	color=b3b1b2
HistocapCB062_5	1100486	1103570	HistoohiSECH95_5	870183	873282	color=b3b1b2
HistocapCB062_5	2521296	2524374	HistoohiSECH95_5	2219152	2222221	color=b3b1b2
HistocapCB062_5	17406	20440	HistoohiSECH95_5	36571	39618	color=b3b1b2
HistocapCB062_5	1787896	1790913	HistoohiSECH95_5	1450396	1453420	color=b3b1b2
HistocapCB062_5	2106014	2109019	HistoohiSECH95_5	1840488	1843500	color=b3b1b2
HistocapCB062_5	2372104	2375091	HistoohiSECH95_5	2067891	2070857	color=b3b1b2
HistocapCB062_5	1630577	1633547	HistoohiSECH95_5	1351567	1354535	color=b3b1b2
HistocapCB062_5	2325856	2328825	HistoohiSECH95_5	2027982	2030985	color=b3b1b2
HistocapCB062_5	2587461	2590421	HistoohiSECH95_5	2282947	2285832	color=b3b1b2
HistocapCB062_5	1403250	1406198	HistoohiSECH95_5	1168432	1171385	color=b3b1b2
HistocapCB062_5	282951	285896	HistoohiSECH95_5	244232	247166	color=b3b1b2
HistocapCB062_5	2590722	2593647	HistoohiSECH95_5	2285830	2288674	color=b3b1b2
HistocapCB062_5	509677	512591	HistoohiSECH95_5	406606	409471	color=b3b1b2
HistocapCB062_5	569978	572889	HistoohiSECH95_5	462803	465747	color=b3b1b2
HistocapCB062_5	2071828	2074698	HistoohiSECH95_5	1811895	1814798	color=b3b1b2
HistocapCB062_5	565450	568320	HistoohiSECH95_5	457960	460833	color=b3b1b2
HistocapCB062_5	1841147	1844015	HistoohiSECH95_5	1508818	1511716	color=b3b1b2
HistocapCB062_5	1947775	1950639	HistoohiSECH95_5	1623122	1626003	color=b3b1b2
HistocapCB062_5	2930767	2933608	HistoohiSECH95_5	2599595	2602433	color=b3b1b2
HistocapCB062_5	1434202	1437020	HistoohiSECH95_5	1191967	1194792	color=b3b1b2
HistocapCB062_5	2666042	2668859	HistoohiSECH95_5	2358723	2361459	color=b3b1b2
HistocapCB062_5	1537220	1540032	HistoohiSECH95_5	1255847	1258659	color=b3b1b2
HistocapCB062_5	864711	867518	HistoohiSECH95_5	687951	690763	color=b3b1b2
HistocapCB062_5	3242457	3245254	HistoohiSECH95_5	2923853	2926661	color=b3b1b2
HistocapCB062_5	708278	710990	HistoohiSECH95_5	577340	580107	color=b3b1b2
HistocapCB062_5	1107514	1110217	HistoohiSECH95_5	877591	880281	color=b3b1b2
HistocapCB062_5	983832	986520	HistoohiSECH95_5	785730	788523	color=b3b1b2
HistocapCB062_5	2584676	2587360	HistoohiSECH95_5	2280108	2282811	color=b3b1b2
HistocapCB062_5	2119840	2122520	HistoohiSECH95_5	1849748	1852429	color=b3b1b2
HistocapCB062_5	1075321	1077967	HistoohiSECH95_5	846765	849276	color=b3b1b2
HistocapCB062_5	3201254	3203898	HistoohiSECH95_5	2884354	2887023	color=b3b1b2
HistocapCB062_5	1648808	1651411	HistoohiSECH95_5	1370751	1373349	color=b3b1b2
HistocapCB062_5	420470	423052	HistoohiSECH95_5	339115	341692	color=b3b1b2
HistocapCB062_5	1769716	1772262	HistoohiSECH95_5	1447836	1450388	color=b3b1b2
HistocapCB062_5	1807094	1809638	HistoohiSECH95_5	1469942	1472508	color=b3b1b2
HistocapCB062_5	1972543	1975087	HistoohiSECH95_5	1691665	1694161	color=b3b1b2
HistocapCB062_5	2916436	2918974	HistoohiSECH95_5	2588250	2590738	color=b3b1b2
HistocapCB062_5	3230232	3232737	HistoohiSECH95_5	2916571	2919078	color=b3b1b2
HistocapCB062_5	3211297	3213778	HistoohiSECH95_5	2897500	2899975	color=b3b1b2
HistocapCB062_5	2486281	2488727	HistoohiSECH95_5	2180397	2182810	color=b3b1b2
HistocapCB062_5	2411016	2413454	HistoohiSECH95_5	2107057	2109524	color=b3b1b2
HistocapCB062_5	2624198	2626621	HistoohiSECH95_5	2319925	2322351	color=b3b1b2
HistocapCB062_5	2394646	2397050	HistoohiSECH95_5	2090160	2092524	color=b3b1b2
HistocapCB062_5	2039861	2042260	HistoohiSECH95_5	1752165	1754633	color=b3b1b2
HistocapCB062_5	2355792	2358186	HistoohiSECH95_5	2058228	2060646	color=b3b1b2
HistocapCB062_5	1110318	1112694	HistoohiSECH95_5	880285	882676	color=b3b1b2
HistocapCB062_5	1015850	1018225	HistoohiSECH95_5	802457	804827	color=b3b1b2
HistocapCB062_5	2951771	2954143	HistoohiSECH95_5	2616809	2619248	color=b3b1b2
HistocapCB062_5	3060896	3063256	HistoohiSECH95_5	1784538	1786844	color=b3b1b2
HistocapCB062_5	558693	561044	HistoohiSECH95_5	451517	453897	color=b3b1b2
HistocapCB062_5	3232831	3235166	HistoohiSECH95_5	2919187	2921506	color=b3b1b2
HistocapCB062_5	535244	537512	HistoohiSECH95_5	2778701	2776429	color=b3b1b2
HistocapCB062_5	1725534	1727774	HistoohiSECH95_5	1404967	1407191	color=b3b1b2
HistocapCB062_5	1397583	1399809	HistoohiSECH95_5	1162823	1165055	color=b3b1b2
HistocapCB062_5	2938452	2940674	HistoohiSECH95_5	2607170	2609374	color=b3b1b2
HistocapCB062_5	881276	883477	HistoohiSECH95_5	704762	706928	color=b3b1b2
HistocapCB062_5	717551	719736	HistoohiSECH95_5	584913	587139	color=b3b1b2
HistocapCB062_5	3235567	3237735	HistoohiSECH95_5	2921625	2923792	color=b3b1b2
HistocapCB062_5	1400619	1402781	HistoohiSECH95_5	1165824	1167982	color=b3b1b2
HistocapCB062_5	348765	350927	HistoohiSECH95_5	308108	310267	color=b3b1b2
HistocapCB062_5	209236	211389	HistoohiSECH95_5	191515	193633	color=b3b1b2
HistocapCB062_5	1659130	1661272	HistoohiSECH95_5	1378511	1380662	color=b3b1b2
HistocapCB062_5	1761485	1763624	HistoohiSECH95_5	1441268	1443494	color=b3b1b2
HistocapCB062_5	485589	487724	HistoohiSECH95_5	391042	393175	color=b3b1b2
HistocapCB062_5	332181	334280	HistoohiSECH95_5	289020	291110	color=b3b1b2
HistocapCB062_5	1089567	1091661	HistoohiSECH95_5	859408	861525	color=b3b1b2
HistocapCB062_5	1116505	1118599	HistoohiSECH95_5	886037	888078	color=b3b1b2
HistocapCB062_5	234243	236317	HistoohiSECH95_5	214512	216593	color=b3b1b2
HistocapCB062_5	2738856	2740890	HistoohiSECH95_5	2418215	2420263	color=b3b1b2
HistocapCB062_5	1805085	1807090	HistoohiSECH95_5	1467757	1469775	color=b3b1b2
HistocapCB062_5	449738	451741	HistoohiSECH95_5	365298	367299	color=b3b1b2
HistocapCB062_5	537930	539925	HistoohiSECH95_5	449341	451346	color=b3b1b2
HistocapCB062_5	1295754	1297733	HistoohiSECH95_5	1046210	1048205	color=b3b1b2
HistocapCB062_5	1337456	1339421	HistoohiSECH95_5	1076530	1078530	color=b3b1b2
HistocapCB062_5	3000207	3002151	HistoohiSECH95_5	2817994	2819935	color=b3b1b2
HistocapCB062_5	2795099	2797025	HistoohiSECH95_5	2444929	2446848	color=b3b1b2
HistocapCB062_5	3257131	3259053	HistoohiSECH95_5	2938136	2940053	color=b3b1b2
HistocapCB062_5	1975218	1977097	HistoohiSECH95_5	1694430	1696349	color=b3b1b2
HistocapCB062_5	177400	179262	HistoohiSECH95_5	158185	160013	color=b3b1b2
HistocapCB062_5	2697529	2699372	HistoohiSECH95_5	2381858	2383717	color=b3b1b2
HistocapCB062_5	2717596	2719436	HistoohiSECH95_5	2398620	2400439	color=b3b1b2
HistocapCB062_5	1810668	1812507	HistoohiSECH95_5	1473368	1475207	color=b3b1b2
HistocapCB062_5	203061	204879	HistoohiSECH95_5	185476	187314	color=b3b1b2
HistocapCB062_5	2928693	2930496	HistoohiSECH95_5	2597565	2599379	color=b3b1b2
HistocapCB062_5	1586857	1588659	HistoohiSECH95_5	1309175	1310996	color=b3b1b2
HistocapCB062_5	2163035	2164811	HistoohiSECH95_5	1883655	1885443	color=b3b1b2
HistocapCB062_5	393874	395649	HistoohiSECH95_5	315888	317682	color=b3b1b2
HistocapCB062_5	2137202	2138972	HistoohiSECH95_5	1864085	1865859	color=b3b1b2
HistocapCB062_5	1872300	1874040	HistoohiSECH95_5	1549359	1551170	color=b3b1b2
HistocapCB062_5	2566389	2568117	HistoohiSECH95_5	2264484	2266214	color=b3b1b2
HistocapCB062_5	1540034	1541755	HistoohiSECH95_5	1258816	1260554	color=b3b1b2
HistocapCB062_5	533451	535170	HistoohiSECH95_5	447575	449296	color=b3b1b2
HistocapCB062_5	1870500	1872203	HistoohiSECH95_5	1547471	1549153	color=b3b1b2
HistocapCB062_5	2699660	2701349	HistoohiSECH95_5	2384011	2385689	color=b3b1b2
HistocapCB062_5	1334939	1336605	HistoohiSECH95_5	1071864	1073556	color=b3b1b2
HistocapCB062_5	2949790	2951448	HistoohiSECH95_5	2614940	2616594	color=b3b1b2
HistocapCB062_5	2593790	2595414	HistoohiSECH95_5	2288746	2290395	color=b3b1b2
HistocapCB062_5	2493076	2494697	HistoohiSECH95_5	2189611	2191260	color=b3b1b2
HistocapCB062_5	2914827	2916434	HistoohiSECH95_5	2586499	2588122	color=b3b1b2
HistocapCB062_5	2081276	2082862	HistoohiSECH95_5	1819681	1821299	color=b3b1b2
HistocapCB062_5	1381861	1383433	HistoohiSECH95_5	1146455	1148027	color=b3b1b2
HistocapCB062_5	1144350	1145921	HistoohiSECH95_5	930432	932038	color=b3b1b2
HistocapCB062_5	2750637	2752201	HistoohiSECH95_5	2430469	2432041	color=b3b1b2
HistocapCB062_5	399358	400918	HistoohiSECH95_5	318722	320300	color=b3b1b2
HistocapCB062_5	278075	279621	HistoohiSECH95_5	239751	241318	color=b3b1b2
HistocapCB062_5	353310	354848	HistoohiSECH95_5	310450	311988	color=b3b1b2
HistocapCB062_5	2124547	2126067	HistoohiSECH95_5	1852636	1854180	color=b3b1b2
HistocapCB062_5	2138975	2140489	HistoohiSECH95_5	1866280	1867728	color=b3b1b2
HistocapCB062_5	3222805	3224281	HistoohiSECH95_5	2908773	2910238	color=b3b1b2
HistocapCB062_5	2829074	2830474	HistoohiSECH95_5	2478164	2479559	color=b3b1b2
HistocapCB062_5	2052089	2053488	HistoohiSECH95_5	1764651	1766037	color=b3b1b2
HistocapCB062_5	2752381	2753773	HistoohiSECH95_5	2432429	2433813	color=b3b1b2
HistocapCB062_5	1989770	1991124	HistoohiSECH95_5	1708871	1710240	color=b3b1b2
HistocapCB062_5	2744631	2745975	HistoohiSECH95_5	2424098	2425411	color=b3b1b2
HistocapCB062_5	2180237	2181568	HistoohiSECH95_5	1895224	1896564	color=b3b1b2
HistocapCB062_5	2959634	2960869	HistoohiSECH95_5	2623880	2625156	color=b3b1b2
HistocapCB062_5	2664034	2665255	HistoohiSECH95_5	2354815	2356051	color=b3b1b2
HistocapCB062_5	1022592	1023811	HistoohiSECH95_5	805599	806840	color=b3b1b2
HistocapCB062_5	2275485	2276685	HistoohiSECH95_5	1961990	1963198	color=b3b1b2
HistocapCB062_5	330376	331562	HistoohiSECH95_5	286933	288085	color=b3b1b2
HistocapCB062_5	2242960	2244137	HistoohiSECH95_5	1955382	1956562	color=b3b1b2
HistocapCB062_5	2414143	2415318	HistoohiSECH95_5	2109890	2111066	color=b3b1b2
HistocapCB062_5	2892287	2893452	HistoohiSECH95_5	2557947	2559096	color=b3b1b2
HistocapCB062_5	2082965	2084129	HistoohiSECH95_5	1821413	1822553	color=b3b1b2
HistocapCB062_5	940653	941816	HistoohiSECH95_5	742267	743429	color=b3b1b2
HistocapCB062_5	525417	526554	HistoohiSECH95_5	428240	429369	color=b3b1b2
HistocapCB062_5	400920	402050	HistoohiSECH95_5	320406	321535	color=b3b1b2
HistocapCB062_5	1417011	1418120	HistoohiSECH95_5	1181543	1182649	color=b3b1b2
HistocapCB062_5	3065709	3066776	HistoohiSECH95_5	2786376	2785322	color=b3b1b2
HistocapCB062_5	1437446	1438510	HistoohiSECH95_5	1196808	1197880	color=b3b1b2
HistocapCB062_5	1113392	1114448	HistoohiSECH95_5	883624	884720	color=b3b1b2
HistocapCB062_5	2059859	2060915	HistoohiSECH95_5	1772310	1773368	color=b3b1b2
HistocapCB062_5	245562	246590	HistoohiSECH95_5	225855	226884	color=b3b1b2
