HistocapWGSS11_1	470986	500514	HistoohiSECH98_1	284838	314508	color=b3b1b2
HistocapWGSS11_1	3381991	3405818	HistoohiSECH98_1	2573224	2597174	color=b3b1b2
HistocapWGSS11_1	4233751	4257203	HistoohiSECH98_1	3139775	3163211	color=b3b1b2
HistocapWGSS11_1	3317701	3339157	HistoohiSECH98_1	2482315	2503776	color=b3b1b2
HistocapWGSS11_1	2550524	2571699	HistoohiSECH98_1	1948641	1969884	color=b3b1b2
HistocapWGSS11_1	1868957	1889090	HistoohiSECH98_1	1325438	1345563	color=b3b1b2
HistocapWGSS11_1	1370597	1388570	HistoohiSECH98_1	890908	908798	color=b3b1b2
HistocapWGSS11_1	3829016	3846939	HistoohiSECH98_1	2801532	2819497	color=b3b1b2
HistocapWGSS11_1	2339686	2357565	HistoohiSECH98_1	1736574	1754602	color=b3b1b2
HistocapWGSS11_1	1735504	1753087	HistoohiSECH98_1	1265904	1283457	color=b3b1b2
HistocapWGSS11_1	698398	715663	HistoohiSECH98_1	425018	442310	color=b3b1b2
HistocapWGSS11_1	286272	303031	HistoohiSECH98_1	203377	220264	color=b3b1b2
HistocapWGSS11_1	2215386	2231999	HistoohiSECH98_1	1622471	1639176	color=b3b1b2
HistocapWGSS11_1	1228150	1244159	HistoohiSECH98_1	729300	745367	color=b3b1b2
HistocapWGSS11_1	2096585	2112494	HistoohiSECH98_1	1506377	1522351	color=b3b1b2
HistocapWGSS11_1	3782863	3798475	HistoohiSECH98_1	2757984	2773666	color=b3b1b2
HistocapWGSS11_1	3632766	3648251	HistoohiSECH98_1	2683773	2699321	color=b3b1b2
HistocapWGSS11_1	2911894	2927218	HistoohiSECH98_1	2190790	2206189	color=b3b1b2
HistocapWGSS11_1	549309	564524	HistoohiSECH98_1	363579	378706	color=b3b1b2
HistocapWGSS11_1	2578157	2592883	HistoohiSECH98_1	1975469	1990164	color=b3b1b2
HistocapWGSS11_1	1907652	1922259	HistoohiSECH98_1	1363927	1378522	color=b3b1b2
HistocapWGSS11_1	820486	835059	HistoohiSECH98_1	534261	548843	color=b3b1b2
HistocapWGSS11_1	1553266	1567684	HistoohiSECH98_1	1083605	1098062	color=b3b1b2
HistocapWGSS11_1	2362316	2376457	HistoohiSECH98_1	1759482	1773600	color=b3b1b2
HistocapWGSS11_1	1396810	1410901	HistoohiSECH98_1	922523	936794	color=b3b1b2
HistocapWGSS11_1	4062690	4076772	HistoohiSECH98_1	2970763	2984958	color=b3b1b2
HistocapWGSS11_1	513048	526993	HistoohiSECH98_1	327168	341191	color=b3b1b2
HistocapWGSS11_1	308194	322127	HistoohiSECH98_1	224619	238641	color=b3b1b2
HistocapWGSS11_1	2201693	2215285	HistoohiSECH98_1	1608635	1622226	color=b3b1b2
HistocapWGSS11_1	4395071	4408628	HistoohiSECH98_1	3318298	3331887	color=b3b1b2
HistocapWGSS11_1	2596259	2609517	HistoohiSECH98_1	1993076	2006320	color=b3b1b2
HistocapWGSS11_1	3144312	3157509	HistoohiSECH98_1	2360837	2374072	color=b3b1b2
HistocapWGSS11_1	4413090	4426216	HistoohiSECH98_1	3336240	3349389	color=b3b1b2
HistocapWGSS11_1	2712146	2725079	HistoohiSECH98_1	2067894	2080910	color=b3b1b2
HistocapWGSS11_1	4435931	4448711	HistoohiSECH98_1	3364235	3376974	color=b3b1b2
HistocapWGSS11_1	2483459	2496222	HistoohiSECH98_1	1883743	1896453	color=b3b1b2
HistocapWGSS11_1	3695150	3707820	HistoohiSECH98_1	2724332	2737127	color=b3b1b2
HistocapWGSS11_1	458112	470763	HistoohiSECH98_1	272144	284836	color=b3b1b2
HistocapWGSS11_1	1890078	1902726	HistoohiSECH98_1	1346065	1358770	color=b3b1b2
HistocapWGSS11_1	1690889	1703217	HistoohiSECH98_1	1208648	1221115	color=b3b1b2
HistocapWGSS11_1	3850741	3863019	HistoohiSECH98_1	2823644	2835917	color=b3b1b2
HistocapWGSS11_1	1296639	1308890	HistoohiSECH98_1	797928	810260	color=b3b1b2
HistocapWGSS11_1	4158952	4171062	HistoohiSECH98_1	3065919	3078034	color=b3b1b2
HistocapWGSS11_1	3406378	3418302	HistoohiSECH98_1	2597704	2609757	color=b3b1b2
HistocapWGSS11_1	3023306	3034915	HistoohiSECH98_1	2300129	2311749	color=b3b1b2
HistocapWGSS11_1	3974236	3985683	HistoohiSECH98_1	2931450	2942908	color=b3b1b2
HistocapWGSS11_1	2063920	2075342	HistoohiSECH98_1	1473810	1485307	color=b3b1b2
HistocapWGSS11_1	77412	88750	HistoohiSECH98_1	89043	100508	color=b3b1b2
HistocapWGSS11_1	4372549	4383536	HistoohiSECH98_1	3296748	3307698	color=b3b1b2
HistocapWGSS11_1	2519894	2530664	HistoohiSECH98_1	1917303	1928178	color=b3b1b2
HistocapWGSS11_1	2782741	2793387	HistoohiSECH98_1	2136734	2147387	color=b3b1b2
HistocapWGSS11_1	1209279	1219887	HistoohiSECH98_1	710548	721170	color=b3b1b2
HistocapWGSS11_1	1997335	2007857	HistoohiSECH98_1	1437053	1447618	color=b3b1b2
HistocapWGSS11_1	2121303	2131691	HistoohiSECH98_1	1531201	1541705	color=b3b1b2
HistocapWGSS11_1	2649982	2660292	HistoohiSECH98_1	2053963	2064252	color=b3b1b2
HistocapWGSS11_1	4090505	4100669	HistoohiSECH98_1	3003144	3013257	color=b3b1b2
HistocapWGSS11_1	1711893	1721714	HistoohiSECH98_1	1233340	1243208	color=b3b1b2
HistocapWGSS11_1	719573	729392	HistoohiSECH98_1	442670	452568	color=b3b1b2
HistocapWGSS11_1	4171427	4181164	HistoohiSECH98_1	3078075	3087891	color=b3b1b2
HistocapWGSS11_1	3955225	3964731	HistoohiSECH98_1	2912570	2922054	color=b3b1b2
HistocapWGSS11_1	2307940	2317387	HistoohiSECH98_1	1711680	1721133	color=b3b1b2
HistocapWGSS11_1	4288247	4297658	HistoohiSECH98_1	3196990	3206398	color=b3b1b2
HistocapWGSS11_1	57560	66960	HistoohiSECH98_1	70892	80368	color=b3b1b2
HistocapWGSS11_1	3502853	3512206	HistoohiSECH98_1	2633784	2643156	color=b3b1b2
HistocapWGSS11_1	2401465	2410782	HistoohiSECH98_1	1795160	1804545	color=b3b1b2
HistocapWGSS11_1	2504598	2513914	HistoohiSECH98_1	1902525	1911808	color=b3b1b2
HistocapWGSS11_1	2082650	2091949	HistoohiSECH98_1	1492876	1502178	color=b3b1b2
HistocapWGSS11_1	2390386	2399514	HistoohiSECH98_1	1783774	1792908	color=b3b1b2
HistocapWGSS11_1	1073136	1082113	HistoohiSECH98_1	645060	654024	color=b3b1b2
HistocapWGSS11_1	2232030	2240951	HistoohiSECH98_1	1639344	1648290	color=b3b1b2
HistocapWGSS11_1	2468018	2476934	HistoohiSECH98_1	1868729	1877688	color=b3b1b2
HistocapWGSS11_1	231776	240616	HistoohiSECH98_1	178343	187223	color=b3b1b2
HistocapWGSS11_1	3305094	3313872	HistoohiSECH98_1	2470676	2479414	color=b3b1b2
HistocapWGSS11_1	4050930	4059701	HistoohiSECH98_1	2959252	2968051	color=b3b1b2
HistocapWGSS11_1	3451035	3459803	HistoohiSECH98_1	2611555	2620295	color=b3b1b2
HistocapWGSS11_1	2959978	2968728	HistoohiSECH98_1	2239445	2248241	color=b3b1b2
HistocapWGSS11_1	4193926	4202628	HistoohiSECH98_1	3100226	3108981	color=b3b1b2
HistocapWGSS11_1	1591686	1600361	HistoohiSECH98_1	1120485	1129139	color=b3b1b2
HistocapWGSS11_1	1496918	1505576	HistoohiSECH98_1	1002606	1011261	color=b3b1b2
HistocapWGSS11_1	792179	800749	HistoohiSECH98_1	519431	528144	color=b3b1b2
HistocapWGSS11_1	3965469	3973950	HistoohiSECH98_1	2922943	2931447	color=b3b1b2
HistocapWGSS11_1	4202730	4211200	HistoohiSECH98_1	3108981	3117435	color=b3b1b2
HistocapWGSS11_1	2190022	2198471	HistoohiSECH98_1	1596190	1604763	color=b3b1b2
HistocapWGSS11_1	3917815	3926242	HistoohiSECH98_1	2874179	2882564	color=b3b1b2
HistocapWGSS11_1	1954267	1962663	HistoohiSECH98_1	1414266	1422733	color=b3b1b2
HistocapWGSS11_1	1488396	1496669	HistoohiSECH98_1	994335	1002607	color=b3b1b2
HistocapWGSS11_1	1410896	1419164	HistoohiSECH98_1	940076	948354	color=b3b1b2
HistocapWGSS11_1	775208	783437	HistoohiSECH98_1	502845	511139	color=b3b1b2
HistocapWGSS11_1	4141202	4149411	HistoohiSECH98_1	3047545	3055703	color=b3b1b2
HistocapWGSS11_1	1016389	1024592	HistoohiSECH98_1	593467	601604	color=b3b1b2
HistocapWGSS11_1	529497	537669	HistoohiSECH98_1	343264	351418	color=b3b1b2
HistocapWGSS11_1	2937280	2945405	HistoohiSECH98_1	2216360	2224599	color=b3b1b2
HistocapWGSS11_1	1931423	1939547	HistoohiSECH98_1	1391677	1399840	color=b3b1b2
HistocapWGSS11_1	1248785	1256886	HistoohiSECH98_1	749544	757681	color=b3b1b2
HistocapWGSS11_1	4101017	4109109	HistoohiSECH98_1	3013377	3021479	color=b3b1b2
HistocapWGSS11_1	2112669	2120758	HistoohiSECH98_1	1522363	1530428	color=b3b1b2
HistocapWGSS11_1	3624169	3632247	HistoohiSECH98_1	2675661	2683773	color=b3b1b2
HistocapWGSS11_1	994101	1002158	HistoohiSECH98_1	573773	581921	color=b3b1b2
HistocapWGSS11_1	638143	646169	HistoohiSECH98_1	400276	408272	color=b3b1b2
HistocapWGSS11_1	2256298	2264313	HistoohiSECH98_1	1665151	1673214	color=b3b1b2
HistocapWGSS11_1	1322545	1330487	HistoohiSECH98_1	829693	837617	color=b3b1b2
HistocapWGSS11_1	2272058	2279968	HistoohiSECH98_1	1680704	1688539	color=b3b1b2
HistocapWGSS11_1	1509524	1517426	HistoohiSECH98_1	1015188	1023146	color=b3b1b2
HistocapWGSS11_1	1052885	1060764	HistoohiSECH98_1	625939	633791	color=b3b1b2
HistocapWGSS11_1	4267530	4275401	HistoohiSECH98_1	3175669	3183552	color=b3b1b2
HistocapWGSS11_1	4490645	4498464	HistoohiSECH98_1	3414956	3422796	color=b3b1b2
HistocapWGSS11_1	4041119	4048905	HistoohiSECH98_1	2949102	2956965	color=b3b1b2
HistocapWGSS11_1	2638196	2645894	HistoohiSECH98_1	2037360	2045036	color=b3b1b2
HistocapWGSS11_1	2739437	2747114	HistoohiSECH98_1	2104784	2112463	color=b3b1b2
HistocapWGSS11_1	2442624	2450255	HistoohiSECH98_1	1843994	1851627	color=b3b1b2
HistocapWGSS11_1	2056111	2063741	HistoohiSECH98_1	1466177	1473808	color=b3b1b2
HistocapWGSS11_1	2879117	2886667	HistoohiSECH98_1	2161116	2168712	color=b3b1b2
HistocapWGSS11_1	2614190	2621709	HistoohiSECH98_1	2012448	2019969	color=b3b1b2
HistocapWGSS11_1	4117783	4125294	HistoohiSECH98_1	3026664	3034211	color=b3b1b2
HistocapWGSS11_1	2945418	2952886	HistoohiSECH98_1	2224724	2232220	color=b3b1b2
HistocapWGSS11_1	1101792	1109252	HistoohiSECH98_1	673253	680752	color=b3b1b2
HistocapWGSS11_1	2146985	2154418	HistoohiSECH98_1	1555296	1562716	color=b3b1b2
HistocapWGSS11_1	4356888	4364292	HistoohiSECH98_1	3281375	3288925	color=b3b1b2
HistocapWGSS11_1	2162766	2170150	HistoohiSECH98_1	1563543	1570874	color=b3b1b2
HistocapWGSS11_1	3196499	3203871	HistoohiSECH98_1	2408720	2416119	color=b3b1b2
HistocapWGSS11_1	136083	143444	HistoohiSECH98_1	138410	145755	color=b3b1b2
HistocapWGSS11_1	27332	34546	HistoohiSECH98_1	33689	26518	color=b3b1b2
HistocapWGSS11_1	2132715	2139903	HistoohiSECH98_1	1542790	1549996	color=b3b1b2
HistocapWGSS11_1	1339241	1346419	HistoohiSECH98_1	853631	860820	color=b3b1b2
HistocapWGSS11_1	3525472	3532618	HistoohiSECH98_1	2656849	2663924	color=b3b1b2
HistocapWGSS11_1	1189401	1196486	HistoohiSECH98_1	690361	697595	color=b3b1b2
HistocapWGSS11_1	501437	508433	HistoohiSECH98_1	315481	322553	color=b3b1b2
HistocapWGSS11_1	1674455	1681429	HistoohiSECH98_1	1201546	1208517	color=b3b1b2
HistocapWGSS11_1	3062428	3069395	HistoohiSECH98_1	2336455	2343330	color=b3b1b2
HistocapWGSS11_1	4464519	4471425	HistoohiSECH98_1	3391917	3398833	color=b3b1b2
HistocapWGSS11_1	1753491	1760360	HistoohiSECH98_1	1035961	1042860	color=b3b1b2
HistocapWGSS11_1	1826540	1833378	HistoohiSECH98_1	1283585	1290521	color=b3b1b2
HistocapWGSS11_1	4321066	4327882	HistoohiSECH98_1	3230216	3236986	color=b3b1b2
HistocapWGSS11_1	3926396	3933192	HistoohiSECH98_1	2882582	2889381	color=b3b1b2
HistocapWGSS11_1	2241612	2248357	HistoohiSECH98_1	1648366	1655170	color=b3b1b2
HistocapWGSS11_1	4181396	4188124	HistoohiSECH98_1	3087966	3094750	color=b3b1b2
HistocapWGSS11_1	4257259	4263980	HistoohiSECH98_1	3163425	3170075	color=b3b1b2
HistocapWGSS11_1	38322	45026	HistoohiSECH98_1	50217	57017	color=b3b1b2
HistocapWGSS11_1	1517445	1524140	HistoohiSECH98_1	1023302	1030092	color=b3b1b2
HistocapWGSS11_1	1647502	1654186	HistoohiSECH98_1	1176625	1183344	color=b3b1b2
HistocapWGSS11_1	1859501	1866141	HistoohiSECH98_1	1316530	1323153	color=b3b1b2
HistocapWGSS11_1	2431269	2437789	HistoohiSECH98_1	1835643	1842177	color=b3b1b2
HistocapWGSS11_1	1541131	1547641	HistoohiSECH98_1	1064184	1070785	color=b3b1b2
HistocapWGSS11_1	2622885	2629391	HistoohiSECH98_1	2020972	2027620	color=b3b1b2
HistocapWGSS11_1	784544	790981	HistoohiSECH98_1	511693	518207	color=b3b1b2
HistocapWGSS11_1	4383724	4390103	HistoohiSECH98_1	3307895	3314226	color=b3b1b2
HistocapWGSS11_1	2264733	2271110	HistoohiSECH98_1	1673254	1679653	color=b3b1b2
HistocapWGSS11_1	4348860	4355226	HistoohiSECH98_1	3273288	3279692	color=b3b1b2
HistocapWGSS11_1	2294975	2301320	HistoohiSECH98_1	1699266	1705623	color=b3b1b2
HistocapWGSS11_1	3290977	3297316	HistoohiSECH98_1	2456862	2463224	color=b3b1b2
HistocapWGSS11_1	20764	27047	HistoohiSECH98_1	43154	49376	color=b3b1b2
HistocapWGSS11_1	1330483	1336758	HistoohiSECH98_1	840900	847148	color=b3b1b2
HistocapWGSS11_1	1197315	1203567	HistoohiSECH98_1	698490	704703	color=b3b1b2
HistocapWGSS11_1	1420461	1426713	HistoohiSECH98_1	948508	954735	color=b3b1b2
HistocapWGSS11_1	1534095	1540344	HistoohiSECH98_1	1056989	1063268	color=b3b1b2
HistocapWGSS11_1	172602	178759	HistoohiSECH98_1	165448	171679	color=b3b1b2
HistocapWGSS11_1	2181762	2187919	HistoohiSECH98_1	1588186	1594272	color=b3b1b2
HistocapWGSS11_1	3948965	3955013	HistoohiSECH98_1	2906590	2912556	color=b3b1b2
HistocapWGSS11_1	3204587	3210592	HistoohiSECH98_1	2417004	2423053	color=b3b1b2
HistocapWGSS11_1	3514370	3520331	HistoohiSECH98_1	2645495	2651574	color=b3b1b2
HistocapWGSS11_1	4458233	4464172	HistoohiSECH98_1	3385786	3391673	color=b3b1b2
HistocapWGSS11_1	1584693	1590625	HistoohiSECH98_1	1114108	1120115	color=b3b1b2
HistocapWGSS11_1	3276642	3282563	HistoohiSECH98_1	2448643	2454549	color=b3b1b2
HistocapWGSS11_1	3879932	3885840	HistoohiSECH98_1	2849636	2855622	color=b3b1b2
HistocapWGSS11_1	2424645	2430550	HistoohiSECH98_1	1829483	1835567	color=b3b1b2
HistocapWGSS11_1	1278921	1284824	HistoohiSECH98_1	780451	786242	color=b3b1b2
HistocapWGSS11_1	4480065	4485918	HistoohiSECH98_1	3404662	3410553	color=b3b1b2
HistocapWGSS11_1	2997568	3003420	HistoohiSECH98_1	2274895	2280718	color=b3b1b2
HistocapWGSS11_1	1433551	1439387	HistoohiSECH98_1	975509	981445	color=b3b1b2
HistocapWGSS11_1	3375890	3381723	HistoohiSECH98_1	2566938	2572749	color=b3b1b2
HistocapWGSS11_1	4365678	4371492	HistoohiSECH98_1	3290333	3296250	color=b3b1b2
HistocapWGSS11_1	2747975	2753753	HistoohiSECH98_1	2112476	2118368	color=b3b1b2
HistocapWGSS11_1	1009448	1015202	HistoohiSECH98_1	586920	592506	color=b3b1b2
HistocapWGSS11_1	1666898	1672585	HistoohiSECH98_1	1195487	1201094	color=b3b1b2
HistocapWGSS11_1	2891279	2896889	HistoohiSECH98_1	2172843	2178413	color=b3b1b2
HistocapWGSS11_1	1085066	1090671	HistoohiSECH98_1	657860	663493	color=b3b1b2
HistocapWGSS11_1	3169569	3175118	HistoohiSECH98_1	2387421	2392905	color=b3b1b2
HistocapWGSS11_1	4034713	4040261	HistoohiSECH98_1	2943083	2948691	color=b3b1b2
HistocapWGSS11_1	4337928	4343440	HistoohiSECH98_1	3261489	3267026	color=b3b1b2
HistocapWGSS11_1	1426815	1432300	HistoohiSECH98_1	967713	973177	color=b3b1b2
HistocapWGSS11_1	4450897	4456333	HistoohiSECH98_1	3379172	3384698	color=b3b1b2
HistocapWGSS11_1	4332111	4337533	HistoohiSECH98_1	3256040	3261460	color=b3b1b2
HistocapWGSS11_1	89411	94728	HistoohiSECH98_1	101169	106460	color=b3b1b2
HistocapWGSS11_1	3804442	3809735	HistoohiSECH98_1	2778418	2783723	color=b3b1b2
HistocapWGSS11_1	1389965	1395256	HistoohiSECH98_1	915295	920563	color=b3b1b2
HistocapWGSS11_1	1854145	1859387	HistoohiSECH98_1	1311209	1316427	color=b3b1b2
HistocapWGSS11_1	3755005	3760220	HistoohiSECH98_1	2745177	2750402	color=b3b1b2
HistocapWGSS11_1	2632811	2638025	HistoohiSECH98_1	2031779	2036991	color=b3b1b2
HistocapWGSS11_1	3933371	3938574	HistoohiSECH98_1	2889458	2894680	color=b3b1b2
HistocapWGSS11_1	1661458	1666636	HistoohiSECH98_1	1190278	1195498	color=b3b1b2
HistocapWGSS11_1	4076772	4081884	HistoohiSECH98_1	2985099	2990289	color=b3b1b2
HistocapWGSS11_1	2450290	2455386	HistoohiSECH98_1	1851833	1856854	color=b3b1b2
HistocapWGSS11_1	3899820	3904914	HistoohiSECH98_1	2865785	2870855	color=b3b1b2
HistocapWGSS11_1	3874572	3879598	HistoohiSECH98_1	2844426	2849475	color=b3b1b2
HistocapWGSS11_1	3674012	3679007	HistoohiSECH98_1	2702792	2707866	color=b3b1b2
HistocapWGSS11_1	729488	734471	HistoohiSECH98_1	452568	457545	color=b3b1b2
HistocapWGSS11_1	4280793	4285748	HistoohiSECH98_1	3189472	3194501	color=b3b1b2
HistocapWGSS11_1	1940588	1945536	HistoohiSECH98_1	1401300	1406271	color=b3b1b2
HistocapWGSS11_1	2872805	2877731	HistoohiSECH98_1	2155144	2160071	color=b3b1b2
HistocapWGSS11_1	1600356	1605238	HistoohiSECH98_1	1129296	1134186	color=b3b1b2
HistocapWGSS11_1	1110658	1115511	HistoohiSECH98_1	682492	687384	color=b3b1b2
HistocapWGSS11_1	1262063	1266903	HistoohiSECH98_1	763263	768131	color=b3b1b2
HistocapWGSS11_1	4304480	4309318	HistoohiSECH98_1	3212917	3217862	color=b3b1b2
HistocapWGSS11_1	3266065	3270889	HistoohiSECH98_1	2439034	2443865	color=b3b1b2
HistocapWGSS11_1	1721761	1726563	HistoohiSECH98_1	1243365	1248185	color=b3b1b2
HistocapWGSS11_1	1447632	1452406	HistoohiSECH98_1	985562	990357	color=b3b1b2
HistocapWGSS11_1	2046632	2051375	HistoohiSECH98_1	1457036	1461909	color=b3b1b2
HistocapWGSS11_1	3016400	3021126	HistoohiSECH98_1	2293000	2297735	color=b3b1b2
HistocapWGSS11_1	1902919	1907638	HistoohiSECH98_1	1358942	1363770	color=b3b1b2
HistocapWGSS11_1	2330244	2334945	HistoohiSECH98_1	1734665	1729968	color=b3b1b2
HistocapWGSS11_1	2412656	2417343	HistoohiSECH98_1	1814374	1818922	color=b3b1b2
HistocapWGSS11_1	1061370	1066043	HistoohiSECH98_1	639845	644557	color=b3b1b2
HistocapWGSS11_1	3890876	3895537	HistoohiSECH98_1	2860390	2865051	color=b3b1b2
HistocapWGSS11_1	1038539	1043139	HistoohiSECH98_1	614708	619300	color=b3b1b2
HistocapWGSS11_1	1266904	1271485	HistoohiSECH98_1	768240	772882	color=b3b1b2
HistocapWGSS11_1	1033980	1038537	HistoohiSECH98_1	610034	614604	color=b3b1b2
HistocapWGSS11_1	2985073	2989627	HistoohiSECH98_1	2263002	2267478	color=b3b1b2
HistocapWGSS11_1	2172933	2177480	HistoohiSECH98_1	1576593	1581282	color=b3b1b2
HistocapWGSS11_1	3824055	3828574	HistoohiSECH98_1	2796569	2801157	color=b3b1b2
HistocapWGSS11_1	2726897	2731413	HistoohiSECH98_1	2083778	2088268	color=b3b1b2
HistocapWGSS11_1	2077914	2082415	HistoohiSECH98_1	1487948	1492388	color=b3b1b2
HistocapWGSS11_1	115471	119961	HistoohiSECH98_1	119889	124345	color=b3b1b2
HistocapWGSS11_1	4130898	4135356	HistoohiSECH98_1	3038445	3042897	color=b3b1b2
HistocapWGSS11_1	768625	773024	HistoohiSECH98_1	496632	501102	color=b3b1b2
HistocapWGSS11_1	508557	512941	HistoohiSECH98_1	322556	326987	color=b3b1b2
HistocapWGSS11_1	2515206	2519583	HistoohiSECH98_1	1912745	1917229	color=b3b1b2
HistocapWGSS11_1	3521111	3525473	HistoohiSECH98_1	2652415	2656760	color=b3b1b2
HistocapWGSS11_1	1616543	1620856	HistoohiSECH98_1	1146022	1150374	color=b3b1b2
HistocapWGSS11_1	45286	49541	HistoohiSECH98_1	58408	62676	color=b3b1b2
HistocapWGSS11_1	1580080	1584324	HistoohiSECH98_1	1109814	1114036	color=b3b1b2
HistocapWGSS11_1	4344298	4348541	HistoohiSECH98_1	3267073	3271337	color=b3b1b2
HistocapWGSS11_1	1318206	1322436	HistoohiSECH98_1	824112	828297	color=b3b1b2
HistocapWGSS11_1	754521	758717	HistoohiSECH98_1	482786	486998	color=b3b1b2
HistocapWGSS11_1	2907656	2911850	HistoohiSECH98_1	2186431	2190630	color=b3b1b2
HistocapWGSS11_1	3707825	3711997	HistoohiSECH98_1	2737237	2741443	color=b3b1b2
HistocapWGSS11_1	2177646	2181813	HistoohiSECH98_1	1581319	1585529	color=b3b1b2
HistocapWGSS11_1	2532715	2536872	HistoohiSECH98_1	1930351	1934571	color=b3b1b2
HistocapWGSS11_1	1988392	1992545	HistoohiSECH98_1	1428351	1432584	color=b3b1b2
HistocapWGSS11_1	1066047	1070187	HistoohiSECH98_1	638381	634286	color=b3b1b2
HistocapWGSS11_1	124300	128438	HistoohiSECH98_1	129780	133936	color=b3b1b2
HistocapWGSS11_1	1290172	1294305	HistoohiSECH98_1	791347	795518	color=b3b1b2
HistocapWGSS11_1	2992223	2996356	HistoohiSECH98_1	2269544	2273609	color=b3b1b2
HistocapWGSS11_1	1842570	1846700	HistoohiSECH98_1	1304194	1308326	color=b3b1b2
HistocapWGSS11_1	4502325	4506414	HistoohiSECH98_1	3425640	3429729	color=b3b1b2
HistocapWGSS11_1	693373	697442	HistoohiSECH98_1	420020	424227	color=b3b1b2
HistocapWGSS11_1	2009695	2013754	HistoohiSECH98_1	1451145	1455177	color=b3b1b2
HistocapWGSS11_1	4125323	4129355	HistoohiSECH98_1	3034360	3038405	color=b3b1b2
HistocapWGSS11_1	3690273	3694298	HistoohiSECH98_1	2720203	2724262	color=b3b1b2
HistocapWGSS11_1	119963	123986	HistoohiSECH98_1	124517	128537	color=b3b1b2
HistocapWGSS11_1	1707708	1711714	HistoohiSECH98_1	1229300	1233338	color=b3b1b2
HistocapWGSS11_1	3131557	3135540	HistoohiSECH98_1	2349590	2353612	color=b3b1b2
HistocapWGSS11_1	3069892	3073870	HistoohiSECH98_1	2343870	2347781	color=b3b1b2
HistocapWGSS11_1	2886823	2890800	HistoohiSECH98_1	2168712	2172697	color=b3b1b2
HistocapWGSS11_1	1273847	1277816	HistoohiSECH98_1	775167	779167	color=b3b1b2
HistocapWGSS11_1	2386422	2390385	HistoohiSECH98_1	1779699	1783655	color=b3b1b2
HistocapWGSS11_1	2956048	2959977	HistoohiSECH98_1	2235396	2239268	color=b3b1b2
HistocapWGSS11_1	688643	692541	HistoohiSECH98_1	409223	413108	color=b3b1b2
HistocapWGSS11_1	4300454	4304339	HistoohiSECH98_1	3208849	3212768	color=b3b1b2
HistocapWGSS11_1	328025	331891	HistoohiSECH98_1	244751	248626	color=b3b1b2
HistocapWGSS11_1	1703530	1707393	HistoohiSECH98_1	1221105	1224993	color=b3b1b2
HistocapWGSS11_1	3272089	3275932	HistoohiSECH98_1	2443904	2447825	color=b3b1b2
HistocapWGSS11_1	3799246	3803084	HistoohiSECH98_1	2773812	2777503	color=b3b1b2
HistocapWGSS11_1	1657022	1660855	HistoohiSECH98_1	1186432	1190279	color=b3b1b2
HistocapWGSS11_1	4328039	4331862	HistoohiSECH98_1	3252233	3256039	color=b3b1b2
HistocapWGSS11_1	2476959	2480765	HistoohiSECH98_1	1877897	1881687	color=b3b1b2
HistocapWGSS11_1	163634	167435	HistoohiSECH98_1	157625	161610	color=b3b1b2
HistocapWGSS11_1	1575965	1579726	HistoohiSECH98_1	1106034	1109812	color=b3b1b2
HistocapWGSS11_1	2304144	2307885	HistoohiSECH98_1	1707861	1711513	color=b3b1b2
HistocapWGSS11_1	565043	568778	HistoohiSECH98_1	378701	382491	color=b3b1b2
HistocapWGSS11_1	3136315	3140011	HistoohiSECH98_1	2354234	2357968	color=b3b1b2
HistocapWGSS11_1	1571990	1575668	HistoohiSECH98_1	1102283	1105969	color=b3b1b2
HistocapWGSS11_1	73115	76766	HistoohiSECH98_1	84579	88167	color=b3b1b2
HistocapWGSS11_1	1526895	1530521	HistoohiSECH98_1	1032263	1035875	color=b3b1b2
HistocapWGSS11_1	3814604	3818217	HistoohiSECH98_1	2787947	2791569	color=b3b1b2
HistocapWGSS11_1	1631608	1635189	HistoohiSECH98_1	1160765	1164361	color=b3b1b2
HistocapWGSS11_1	332844	336424	HistoohiSECH98_1	249582	253179	color=b3b1b2
HistocapWGSS11_1	739469	743039	HistoohiSECH98_1	467625	471173	color=b3b1b2
HistocapWGSS11_1	2760306	2763865	HistoohiSECH98_1	2099133	2095532	color=b3b1b2
HistocapWGSS11_1	156642	160199	HistoohiSECH98_1	150987	154522	color=b3b1b2
HistocapWGSS11_1	845058	848605	HistoohiSECH98_1	549274	552781	color=b3b1b2
HistocapWGSS11_1	3046008	3049552	HistoohiSECH98_1	2320742	2324277	color=b3b1b2
HistocapWGSS11_1	2733494	2737029	HistoohiSECH98_1	2090461	2093964	color=b3b1b2
HistocapWGSS11_1	4511342	4514875	HistoohiSECH98_1	3434933	3438494	color=b3b1b2
HistocapWGSS11_1	762477	765993	HistoohiSECH98_1	490039	493579	color=b3b1b2
HistocapWGSS11_1	129637	133142	HistoohiSECH98_1	134691	138265	color=b3b1b2
HistocapWGSS11_1	447434	450934	HistoohiSECH98_1	257455	260950	color=b3b1b2
HistocapWGSS11_1	1922262	1925757	HistoohiSECH98_1	1378631	1382066	color=b3b1b2
HistocapWGSS11_1	2974277	2977772	HistoohiSECH98_1	2256577	2259950	color=b3b1b2
HistocapWGSS11_1	2546349	2549842	HistoohiSECH98_1	1944419	1947944	color=b3b1b2
HistocapWGSS11_1	1967459	1970939	HistoohiSECH98_1	1424358	1427917	color=b3b1b2
HistocapWGSS11_1	2420678	2424153	HistoohiSECH98_1	1822136	1825659	color=b3b1b2
HistocapWGSS11_1	3211715	3215185	HistoohiSECH98_1	2423304	2426772	color=b3b1b2
HistocapWGSS11_1	541043	544499	HistoohiSECH98_1	356292	359727	color=b3b1b2
HistocapWGSS11_1	1767255	1770695	HistoohiSECH98_1	1049731	1053212	color=b3b1b2
HistocapWGSS11_1	945417	948839	HistoohiSECH98_1	563395	566882	color=b3b1b2
HistocapWGSS11_1	2092385	2095773	HistoohiSECH98_1	1502885	1506301	color=b3b1b2
HistocapWGSS11_1	1258645	1262016	HistoohiSECH98_1	759725	763126	color=b3b1b2
HistocapWGSS11_1	2542983	2546344	HistoohiSECH98_1	1940334	1943687	color=b3b1b2
HistocapWGSS11_1	1628124	1631480	HistoohiSECH98_1	1157211	1160602	color=b3b1b2
HistocapWGSS11_1	750952	754265	HistoohiSECH98_1	479224	482632	color=b3b1b2
HistocapWGSS11_1	3158581	3161885	HistoohiSECH98_1	2374875	2378180	color=b3b1b2
HistocapWGSS11_1	4507711	4511015	HistoohiSECH98_1	3430580	3433916	color=b3b1b2
HistocapWGSS11_1	4227184	4230484	HistoohiSECH98_1	3135400	3138715	color=b3b1b2
HistocapWGSS11_1	3301178	3304472	HistoohiSECH98_1	2466903	2470185	color=b3b1b2
HistocapWGSS11_1	2929217	2932501	HistoohiSECH98_1	2208114	2211470	color=b3b1b2
HistocapWGSS11_1	143460	146729	HistoohiSECH98_1	145874	149098	color=b3b1b2
HistocapWGSS11_1	3357605	3360871	HistoohiSECH98_1	2549888	2553147	color=b3b1b2
HistocapWGSS11_1	3761738	3765004	HistoohiSECH98_1	2751226	2754526	color=b3b1b2
HistocapWGSS11_1	4188304	4191560	HistoohiSECH98_1	3094854	3098094	color=b3b1b2
HistocapWGSS11_1	2052799	2056022	HistoohiSECH98_1	1462885	1466163	color=b3b1b2
HistocapWGSS11_1	4429962	4433163	HistoohiSECH98_1	3354664	3357877	color=b3b1b2
HistocapWGSS11_1	3687078	3690269	HistoohiSECH98_1	2717055	2720089	color=b3b1b2
HistocapWGSS11_1	4155626	4158815	HistoohiSECH98_1	3062662	3065894	color=b3b1b2
HistocapWGSS11_1	4137667	4140851	HistoohiSECH98_1	3044436	3047525	color=b3b1b2
HistocapWGSS11_1	3034949	3038118	HistoohiSECH98_1	2313176	2316404	color=b3b1b2
HistocapWGSS11_1	3012938	3016097	HistoohiSECH98_1	2289699	2292843	color=b3b1b2
HistocapWGSS11_1	3819804	3822951	HistoohiSECH98_1	2792487	2795587	color=b3b1b2
HistocapWGSS11_1	2357904	2360993	HistoohiSECH98_1	1755061	1758146	color=b3b1b2
HistocapWGSS11_1	3191837	3194924	HistoohiSECH98_1	2404297	2407380	color=b3b1b2
HistocapWGSS11_1	1024692	1027746	HistoohiSECH98_1	602101	605213	color=b3b1b2
HistocapWGSS11_1	322275	325320	HistoohiSECH98_1	238755	241785	color=b3b1b2
HistocapWGSS11_1	2417518	2420559	HistoohiSECH98_1	1818989	1822027	color=b3b1b2
HistocapWGSS11_1	849579	852613	HistoohiSECH98_1	556080	559179	color=b3b1b2
HistocapWGSS11_1	1045547	1048576	HistoohiSECH98_1	622659	625654	color=b3b1b2
HistocapWGSS11_1	2284785	2287803	HistoohiSECH98_1	1691494	1694618	color=b3b1b2
HistocapWGSS11_1	4487256	4490241	HistoohiSECH98_1	3411869	3414872	color=b3b1b2
HistocapWGSS11_1	2320817	2323791	HistoohiSECH98_1	1724272	1727224	color=b3b1b2
HistocapWGSS11_1	745492	748444	HistoohiSECH98_1	473810	476749	color=b3b1b2
HistocapWGSS11_1	3867235	3870172	HistoohiSECH98_1	2837130	2840096	color=b3b1b2
HistocapWGSS11_1	1222897	1225833	HistoohiSECH98_1	724026	726951	color=b3b1b2
HistocapWGSS11_1	2770044	2772970	HistoohiSECH98_1	2128040	2130940	color=b3b1b2
HistocapWGSS11_1	3005669	3008594	HistoohiSECH98_1	2283187	2286111	color=b3b1b2
HistocapWGSS11_1	3679114	3682028	HistoohiSECH98_1	2707854	2710787	color=b3b1b2
HistocapWGSS11_1	2800663	2803561	HistoohiSECH98_1	2147386	2150279	color=b3b1b2
HistocapWGSS11_1	1082181	1085066	HistoohiSECH98_1	654240	657153	color=b3b1b2
HistocapWGSS11_1	3059567	3062426	HistoohiSECH98_1	2333489	2336345	color=b3b1b2
HistocapWGSS11_1	1780204	1783059	HistoohiSECH98_1	2047273	2050136	color=b3b1b2
HistocapWGSS11_1	2251006	2253849	HistoohiSECH98_1	1656603	1659500	color=b3b1b2
HistocapWGSS11_1	1654188	1657026	HistoohiSECH98_1	1183454	1186334	color=b3b1b2
HistocapWGSS11_1	3141379	3144217	HistoohiSECH98_1	2357987	2360834	color=b3b1b2
HistocapWGSS11_1	1313482	1316289	HistoohiSECH98_1	817811	820620	color=b3b1b2
HistocapWGSS11_1	2764997	2767782	HistoohiSECH98_1	2122944	2125786	color=b3b1b2
HistocapWGSS11_1	2170166	2172945	HistoohiSECH98_1	1571057	1573854	color=b3b1b2
HistocapWGSS11_1	2756862	2759623	HistoohiSECH98_1	2102613	2099839	color=b3b1b2
HistocapWGSS11_1	452405	455143	HistoohiSECH98_1	266624	269338	color=b3b1b2
HistocapWGSS11_1	3055512	3058237	HistoohiSECH98_1	2329596	2332290	color=b3b1b2
HistocapWGSS11_1	4312246	4314959	HistoohiSECH98_1	3221066	3223690	color=b3b1b2
HistocapWGSS11_1	110280	112981	HistoohiSECH98_1	114075	116779	color=b3b1b2
HistocapWGSS11_1	49950	52638	HistoohiSECH98_1	62830	65518	color=b3b1b2
HistocapWGSS11_1	2198787	2201461	HistoohiSECH98_1	1605808	1608475	color=b3b1b2
HistocapWGSS11_1	3938750	3941422	HistoohiSECH98_1	2894724	2897457	color=b3b1b2
HistocapWGSS11_1	2610934	2613592	HistoohiSECH98_1	2008104	2010767	color=b3b1b2
HistocapWGSS11_1	2334995	2337638	HistoohiSECH98_1	1729827	1727260	color=b3b1b2
HistocapWGSS11_1	1567936	1570569	HistoohiSECH98_1	1098590	1101221	color=b3b1b2
HistocapWGSS11_1	455315	457926	HistoohiSECH98_1	269449	272082	color=b3b1b2
HistocapWGSS11_1	2593645	2596246	HistoohiSECH98_1	1990346	1992901	color=b3b1b2
HistocapWGSS11_1	68969	71561	HistoohiSECH98_1	81840	84437	color=b3b1b2
HistocapWGSS11_1	2456769	2459352	HistoohiSECH98_1	1857779	1860368	color=b3b1b2
HistocapWGSS11_1	35136	37709	HistoohiSECH98_1	23505	20962	color=b3b1b2
HistocapWGSS11_1	101659	104229	HistoohiSECH98_1	107215	109737	color=b3b1b2
HistocapWGSS11_1	801041	803589	HistoohiSECH98_1	528155	530606	color=b3b1b2
HistocapWGSS11_1	4410553	4413090	HistoohiSECH98_1	3333660	3336139	color=b3b1b2
HistocapWGSS11_1	948830	951354	HistoohiSECH98_1	566998	569550	color=b3b1b2
HistocapWGSS11_1	1366961	1369484	HistoohiSECH98_1	882950	885448	color=b3b1b2
HistocapWGSS11_1	1622903	1625426	HistoohiSECH98_1	1152103	1154650	color=b3b1b2
HistocapWGSS11_1	305556	308079	HistoohiSECH98_1	221918	224437	color=b3b1b2
HistocapWGSS11_1	2971103	2973584	HistoohiSECH98_1	2250321	2252815	color=b3b1b2
HistocapWGSS11_1	1733038	1735501	HistoohiSECH98_1	1263284	1265790	color=b3b1b2
HistocapWGSS11_1	1311000	1313455	HistoohiSECH98_1	813503	815977	color=b3b1b2
HistocapWGSS11_1	1611641	1614093	HistoohiSECH98_1	1140815	1143240	color=b3b1b2
HistocapWGSS11_1	4218376	4220827	HistoohiSECH98_1	3127669	3130128	color=b3b1b2
HistocapWGSS11_1	545651	548089	HistoohiSECH98_1	360377	362803	color=b3b1b2
HistocapWGSS11_1	2537125	2539547	HistoohiSECH98_1	1934600	1937037	color=b3b1b2
HistocapWGSS11_1	179002	181386	HistoohiSECH98_1	172475	174847	color=b3b1b2
HistocapWGSS11_1	1244949	1247330	HistoohiSECH98_1	745488	747868	color=b3b1b2
HistocapWGSS11_1	4059975	4062355	HistoohiSECH98_1	2968131	2970494	color=b3b1b2
HistocapWGSS11_1	734482	736850	HistoohiSECH98_1	460139	462563	color=b3b1b2
HistocapWGSS11_1	538391	540758	HistoohiSECH98_1	353949	356299	color=b3b1b2
HistocapWGSS11_1	1204092	1206418	HistoohiSECH98_1	705433	707802	color=b3b1b2
HistocapWGSS11_1	2709236	2711536	HistoohiSECH98_1	2065088	2067399	color=b3b1b2
HistocapWGSS11_1	181692	183971	HistoohiSECH98_1	175332	177610	color=b3b1b2
HistocapWGSS11_1	1625752	1628024	HistoohiSECH98_1	1155044	1157288	color=b3b1b2
HistocapWGSS11_1	2540630	2542893	HistoohiSECH98_1	1938115	1940334	color=b3b1b2
HistocapWGSS11_1	2317914	2320157	HistoohiSECH98_1	1721457	1723732	color=b3b1b2
HistocapWGSS11_1	4275457	4277688	HistoohiSECH98_1	3183749	3185985	color=b3b1b2
HistocapWGSS11_1	3189491	3191701	HistoohiSECH98_1	2401896	2404134	color=b3b1b2
HistocapWGSS11_1	3373500	3375709	HistoohiSECH98_1	2564639	2566799	color=b3b1b2
HistocapWGSS11_1	4263994	4266179	HistoohiSECH98_1	3170210	3172385	color=b3b1b2
HistocapWGSS11_1	4110170	4112344	HistoohiSECH98_1	3022828	3025000	color=b3b1b2
HistocapWGSS11_1	1096540	1098703	HistoohiSECH98_1	668887	671060	color=b3b1b2
HistocapWGSS11_1	3008604	3010762	HistoohiSECH98_1	2286445	2288602	color=b3b1b2
HistocapWGSS11_1	3944773	3946919	HistoohiSECH98_1	2902279	2904456	color=b3b1b2
HistocapWGSS11_1	160537	162678	HistoohiSECH98_1	154751	156891	color=b3b1b2
HistocapWGSS11_1	1764022	1766118	HistoohiSECH98_1	1046792	1048859	color=b3b1b2
HistocapWGSS11_1	3003418	3005513	HistoohiSECH98_1	2281061	2283197	color=b3b1b2
HistocapWGSS11_1	1760406	1762496	HistoohiSECH98_1	1042962	1045056	color=b3b1b2
HistocapWGSS11_1	4285920	4287999	HistoohiSECH98_1	3194848	3196886	color=b3b1b2
HistocapWGSS11_1	1043242	1045287	HistoohiSECH98_1	619305	621340	color=b3b1b2
HistocapWGSS11_1	1347673	1349692	HistoohiSECH98_1	870106	872133	color=b3b1b2
HistocapWGSS11_1	2905379	2907398	HistoohiSECH98_1	2184245	2186260	color=b3b1b2
HistocapWGSS11_1	1308980	1310987	HistoohiSECH98_1	810428	812445	color=b3b1b2
HistocapWGSS11_1	2731391	2733387	HistoohiSECH98_1	2088435	2090460	color=b3b1b2
HistocapWGSS11_1	1524209	1526198	HistoohiSECH98_1	1030226	1032204	color=b3b1b2
HistocapWGSS11_1	632011	633989	HistoohiSECH98_1	388328	390300	color=b3b1b2
HistocapWGSS11_1	2292466	2294432	HistoohiSECH98_1	1696580	1698510	color=b3b1b2
HistocapWGSS11_1	3887764	3889712	HistoohiSECH98_1	2857389	2859318	color=b3b1b2
HistocapWGSS11_1	3780670	3782612	HistoohiSECH98_1	2755948	2757927	color=b3b1b2
HistocapWGSS11_1	4426382	4428305	HistoohiSECH98_1	3349390	3351328	color=b3b1b2
HistocapWGSS11_1	4521865	4523766	HistoohiSECH98_1	3445857	3443984	color=b3b1b2
HistocapWGSS11_1	3315074	3316967	HistoohiSECH98_1	2480397	2482284	color=b3b1b2
HistocapWGSS11_1	3942321	3944190	HistoohiSECH98_1	2900397	2902291	color=b3b1b2
HistocapWGSS11_1	943550	945416	HistoohiSECH98_1	561409	563302	color=b3b1b2
HistocapWGSS11_1	4449006	4450868	HistoohiSECH98_1	3377241	3379032	color=b3b1b2
HistocapWGSS11_1	1350697	1352555	HistoohiSECH98_1	876980	878760	color=b3b1b2
HistocapWGSS11_1	4478079	4479913	HistoohiSECH98_1	3402632	3404484	color=b3b1b2
HistocapWGSS11_1	1507708	1509524	HistoohiSECH98_1	1013191	1015004	color=b3b1b2
HistocapWGSS11_1	1637878	1639692	HistoohiSECH98_1	1166812	1168611	color=b3b1b2
HistocapWGSS11_1	2576314	2578117	HistoohiSECH98_1	1973573	1975308	color=b3b1b2
HistocapWGSS11_1	527398	529197	HistoohiSECH98_1	341443	343260	color=b3b1b2
HistocapWGSS11_1	2902603	2904390	HistoohiSECH98_1	2181621	2183409	color=b3b1b2
HistocapWGSS11_1	1505740	1507521	HistoohiSECH98_1	1011424	1013192	color=b3b1b2
HistocapWGSS11_1	2954261	2956033	HistoohiSECH98_1	2233504	2235241	color=b3b1b2
HistocapWGSS11_1	2989848	2991619	HistoohiSECH98_1	2267505	2269288	color=b3b1b2
HistocapWGSS11_1	2573378	2575133	HistoohiSECH98_1	1970362	1972145	color=b3b1b2
HistocapWGSS11_1	247372	249122	HistoohiSECH98_1	193668	195413	color=b3b1b2
HistocapWGSS11_1	2927466	2929211	HistoohiSECH98_1	2206247	2207940	color=b3b1b2
HistocapWGSS11_1	1256886	1258627	HistoohiSECH98_1	757850	759592	color=b3b1b2
HistocapWGSS11_1	2805855	2807591	HistoohiSECH98_1	2152879	2154608	color=b3b1b2
HistocapWGSS11_1	4390102	4391837	HistoohiSECH98_1	3314382	3316121	color=b3b1b2
HistocapWGSS11_1	2007838	2009567	HistoohiSECH98_1	1449238	1450988	color=b3b1b2
HistocapWGSS11_1	154471	156189	HistoohiSECH98_1	149173	150894	color=b3b1b2
HistocapWGSS11_1	773192	774902	HistoohiSECH98_1	501114	502846	color=b3b1b2
HistocapWGSS11_1	3166317	3168016	HistoohiSECH98_1	2385518	2387218	color=b3b1b2
HistocapWGSS11_1	4408880	4410546	HistoohiSECH98_1	3331885	3333554	color=b3b1b2
HistocapWGSS11_1	1728444	1730109	HistoohiSECH98_1	1259078	1260831	color=b3b1b2
HistocapWGSS11_1	3177868	3179530	HistoohiSECH98_1	2396879	2398573	color=b3b1b2
HistocapWGSS11_1	951549	953199	HistoohiSECH98_1	569579	571228	color=b3b1b2
HistocapWGSS11_1	748533	750180	HistoohiSECH98_1	477002	478644	color=b3b1b2
HistocapWGSS11_1	1964479	1966123	HistoohiSECH98_1	1422730	1424359	color=b3b1b2
HistocapWGSS11_1	3886019	3887663	HistoohiSECH98_1	2855676	2857387	color=b3b1b2
HistocapWGSS11_1	4191561	4193204	HistoohiSECH98_1	3098392	3100050	color=b3b1b2
HistocapWGSS11_1	1992545	1994187	HistoohiSECH98_1	1432708	1434360	color=b3b1b2
HistocapWGSS11_1	3947097	3948734	HistoohiSECH98_1	2904461	2906054	color=b3b1b2
HistocapWGSS11_1	3512431	3514058	HistoohiSECH98_1	2643361	2644988	color=b3b1b2
HistocapWGSS11_1	1635792	1637390	HistoohiSECH98_1	1164805	1166392	color=b3b1b2
HistocapWGSS11_1	1294312	1295907	HistoohiSECH98_1	795635	797231	color=b3b1b2
HistocapWGSS11_1	1207179	1208772	HistoohiSECH98_1	708444	710137	color=b3b1b2
HistocapWGSS11_1	4298588	4300155	HistoohiSECH98_1	3206690	3208252	color=b3b1b2
HistocapWGSS11_1	3043531	3045092	HistoohiSECH98_1	2318133	2319692	color=b3b1b2
HistocapWGSS11_1	303291	304822	HistoohiSECH98_1	220362	221895	color=b3b1b2
HistocapWGSS11_1	2253856	2255384	HistoohiSECH98_1	1659604	1661125	color=b3b1b2
HistocapWGSS11_1	1730953	1732477	HistoohiSECH98_1	1261008	1262524	color=b3b1b2
HistocapWGSS11_1	3538510	3540002	HistoohiSECH98_1	2669704	2671189	color=b3b1b2
HistocapWGSS11_1	1945719	1947205	HistoohiSECH98_1	1406258	1407764	color=b3b1b2
HistocapWGSS11_1	1995322	1996785	HistoohiSECH98_1	1435265	1436737	color=b3b1b2
HistocapWGSS11_1	3298412	3299870	HistoohiSECH98_1	2466626	2465151	color=b3b1b2
HistocapWGSS11_1	1109210	1110655	HistoohiSECH98_1	680900	682383	color=b3b1b2
HistocapWGSS11_1	3541866	3543287	HistoohiSECH98_1	2673040	2674470	color=b3b1b2
HistocapWGSS11_1	1247366	1248785	HistoohiSECH98_1	747991	749430	color=b3b1b2
HistocapWGSS11_1	737580	738995	HistoohiSECH98_1	462707	464105	color=b3b1b2
HistocapWGSS11_1	2503186	2504598	HistoohiSECH98_1	1900890	1902364	color=b3b1b2
HistocapWGSS11_1	2768357	2769727	HistoohiSECH98_1	2126570	2127931	color=b3b1b2
HistocapWGSS11_1	634622	635978	HistoohiSECH98_1	394983	396328	color=b3b1b2
HistocapWGSS11_1	3021284	3022634	HistoohiSECH98_1	2297939	2299322	color=b3b1b2
HistocapWGSS11_1	4471639	4472988	HistoohiSECH98_1	3398871	3400222	color=b3b1b2
HistocapWGSS11_1	4433514	4434852	HistoohiSECH98_1	3357868	3359176	color=b3b1b2
HistocapWGSS11_1	818808	820140	HistoohiSECH98_1	532591	533900	color=b3b1b2
HistocapWGSS11_1	3685738	3687045	HistoohiSECH98_1	2715615	2716926	color=b3b1b2
HistocapWGSS11_1	2283342	2284646	HistoohiSECH98_1	1690197	1691489	color=b3b1b2
HistocapWGSS11_1	3052629	3053930	HistoohiSECH98_1	2327017	2328305	color=b3b1b2
HistocapWGSS11_1	2291161	2292461	HistoohiSECH98_1	1694985	1696311	color=b3b1b2
HistocapWGSS11_1	2969658	2970952	HistoohiSECH98_1	2248804	2250082	color=b3b1b2
HistocapWGSS11_1	1007933	1009213	HistoohiSECH98_1	585422	586654	color=b3b1b2
HistocapWGSS11_1	4136163	4137418	HistoohiSECH98_1	3043219	3044440	color=b3b1b2
HistocapWGSS11_1	1848521	1849734	HistoohiSECH98_1	1308574	1309795	color=b3b1b2
HistocapWGSS11_1	2188816	2190021	HistoohiSECH98_1	1594834	1596053	color=b3b1b2
HistocapWGSS11_1	1337436	1338619	HistoohiSECH98_1	849796	850978	color=b3b1b2
HistocapWGSS11_1	4152269	4153429	HistoohiSECH98_1	3058948	3060109	color=b3b1b2
HistocapWGSS11_1	3195167	3196325	HistoohiSECH98_1	2407535	2408708	color=b3b1b2
HistocapWGSS11_1	2575153	2576308	HistoohiSECH98_1	1972307	1973472	color=b3b1b2
HistocapWGSS11_1	2014086	2015220	HistoohiSECH98_1	1455261	1456417	color=b3b1b2
HistocapWGSS11_1	1849724	1850840	HistoohiSECH98_1	1309896	1311027	color=b3b1b2
HistocapWGSS11_1	1850888	1851986	HistoohiSECH98_1	1083335	1082237	color=b3b1b2
HistocapWGSS11_1	4486148	4487244	HistoohiSECH98_1	3410610	3411713	color=b3b1b2
HistocapWGSS11_1	3175337	3176431	HistoohiSECH98_1	2393002	2394057	color=b3b1b2
HistocapWGSS11_1	3264520	3265603	HistoohiSECH98_1	2437375	2438423	color=b3b1b2
HistocapWGSS11_1	1440462	1441495	HistoohiSECH98_1	982433	983464	color=b3b1b2
HistocapWGSS11_1	2498976	2500007	HistoohiSECH98_1	1897803	1898834	color=b3b1b2
HistocapWGSS11_1	4109132	4110162	HistoohiSECH98_1	3021633	3022675	color=b3b1b2
HistocapWGSS11_1	2725485	2726508	HistoohiSECH98_1	2082059	2083133	color=b3b1b2
HistocapWGSS11_1	1548281	1549303	HistoohiSECH98_1	1074455	1075485	color=b3b1b2
HistocapWGSS11_1	3176846	3177868	HistoohiSECH98_1	2394779	2395818	color=b3b1b2
HistocapWGSS11_1	1570695	1571701	HistoohiSECH98_1	1101245	1102289	color=b3b1b2
