HistomissSECH88_3	900592	929965	HistoohiSECH91_3	999980	1029367	color=b3b1b2
HistomissSECH88_3	3008681	3034671	HistoohiSECH91_3	2955352	2981313	color=b3b1b2
HistomissSECH88_3	2599297	2620790	HistoohiSECH91_3	2664464	2685933	color=b3b1b2
HistomissSECH88_3	835539	856838	HistoohiSECH91_3	934580	955875	color=b3b1b2
HistomissSECH88_3	1751179	1771895	HistoohiSECH91_3	1804370	1825105	color=b3b1b2
HistomissSECH88_3	3038481	3057368	HistoohiSECH91_3	2985198	3004121	color=b3b1b2
HistomissSECH88_3	2366886	2385278	HistoohiSECH91_3	2429934	2448352	color=b3b1b2
HistomissSECH88_3	2546977	2565041	HistoohiSECH91_3	2605133	2623232	color=b3b1b2
HistomissSECH88_3	735782	753508	HistoohiSECH91_3	825597	843267	color=b3b1b2
HistomissSECH88_3	1586416	1604074	HistoohiSECH91_3	1630805	1648537	color=b3b1b2
HistomissSECH88_3	2010753	2028287	HistoohiSECH91_3	2106627	2124168	color=b3b1b2
HistomissSECH88_3	2529274	2546422	HistoohiSECH91_3	2587729	2604927	color=b3b1b2
HistomissSECH88_3	1645378	1662203	HistoohiSECH91_3	1731973	1748837	color=b3b1b2
HistomissSECH88_3	2060705	2076502	HistoohiSECH91_3	2150569	2166293	color=b3b1b2
HistomissSECH88_3	2761124	2776757	HistoohiSECH91_3	2728671	2744422	color=b3b1b2
HistomissSECH88_3	175385	190973	HistoohiSECH91_3	248012	263615	color=b3b1b2
HistomissSECH88_3	3249846	3265342	HistoohiSECH91_3	3269019	3284498	color=b3b1b2
HistomissSECH88_3	2447907	2462754	HistoohiSECH91_3	2485105	2500021	color=b3b1b2
HistomissSECH88_3	551984	566717	HistoohiSECH91_3	670472	685199	color=b3b1b2
HistomissSECH88_3	866609	881089	HistoohiSECH91_3	965494	979983	color=b3b1b2
HistomissSECH88_3	1001218	1014723	HistoohiSECH91_3	1098941	1112414	color=b3b1b2
HistomissSECH88_3	1299845	1313149	HistoohiSECH91_3	1366616	1380127	color=b3b1b2
HistomissSECH88_3	3222745	3235826	HistoohiSECH91_3	3244276	3257314	color=b3b1b2
HistomissSECH88_3	2638827	2651672	HistoohiSECH91_3	2703664	2716505	color=b3b1b2
HistomissSECH88_3	420979	433594	HistoohiSECH91_3	488841	501462	color=b3b1b2
HistomissSECH88_3	1861489	1873936	HistoohiSECH91_3	1952627	1965110	color=b3b1b2
HistomissSECH88_3	190974	203164	HistoohiSECH91_3	263770	275948	color=b3b1b2
HistomissSECH88_3	2507428	2519509	HistoohiSECH91_3	2541272	2553427	color=b3b1b2
HistomissSECH88_3	1428140	1440143	HistoohiSECH91_3	1444100	1456136	color=b3b1b2
HistomissSECH88_3	2258556	2270433	HistoohiSECH91_3	2353275	2365289	color=b3b1b2
HistomissSECH88_3	1893399	1905055	HistoohiSECH91_3	1980019	1991744	color=b3b1b2
HistomissSECH88_3	2151398	2163045	HistoohiSECH91_3	2220105	2231568	color=b3b1b2
HistomissSECH88_3	1907602	1919232	HistoohiSECH91_3	1994373	2005928	color=b3b1b2
HistomissSECH88_3	524490	535999	HistoohiSECH91_3	651487	662941	color=b3b1b2
HistomissSECH88_3	1014718	1026223	HistoohiSECH91_3	1112596	1124230	color=b3b1b2
HistomissSECH88_3	760568	772045	HistoohiSECH91_3	850784	862258	color=b3b1b2
HistomissSECH88_3	724558	735767	HistoohiSECH91_3	814173	825390	color=b3b1b2
HistomissSECH88_3	2776957	2788016	HistoohiSECH91_3	2744436	2755543	color=b3b1b2
HistomissSECH88_3	773943	784703	HistoohiSECH91_3	880038	890806	color=b3b1b2
HistomissSECH88_3	127174	137926	HistoohiSECH91_3	172772	183372	color=b3b1b2
HistomissSECH88_3	254588	265260	HistoohiSECH91_3	331961	342593	color=b3b1b2
HistomissSECH88_3	1354650	1365087	HistoohiSECH91_3	1430693	1441100	color=b3b1b2
HistomissSECH88_3	240896	251219	HistoohiSECH91_3	317144	327223	color=b3b1b2
HistomissSECH88_3	1986436	1996742	HistoohiSECH91_3	2070275	2080624	color=b3b1b2
HistomissSECH88_3	784703	795004	HistoohiSECH91_3	890913	901297	color=b3b1b2
HistomissSECH88_3	2270445	2280697	HistoohiSECH91_3	2365785	2376058	color=b3b1b2
HistomissSECH88_3	438680	448908	HistoohiSECH91_3	506873	517238	color=b3b1b2
HistomissSECH88_3	3170410	3180549	HistoohiSECH91_3	3189260	3199441	color=b3b1b2
HistomissSECH88_3	374390	384406	HistoohiSECH91_3	442126	452187	color=b3b1b2
HistomissSECH88_3	1131403	1141290	HistoohiSECH91_3	1229623	1239539	color=b3b1b2
HistomissSECH88_3	2580228	2590047	HistoohiSECH91_3	2642265	2652114	color=b3b1b2
HistomissSECH88_3	2462756	2472477	HistoohiSECH91_3	2500178	2509913	color=b3b1b2
HistomissSECH88_3	963946	973633	HistoohiSECH91_3	1063369	1073067	color=b3b1b2
HistomissSECH88_3	1463491	1473170	HistoohiSECH91_3	1473211	1482939	color=b3b1b2
HistomissSECH88_3	2628615	2638109	HistoohiSECH91_3	2693308	2702731	color=b3b1b2
HistomissSECH88_3	2841184	2850639	HistoohiSECH91_3	2820051	2829591	color=b3b1b2
HistomissSECH88_3	138165	147425	HistoohiSECH91_3	183473	192729	color=b3b1b2
HistomissSECH88_3	2817810	2827063	HistoohiSECH91_3	2793832	2803110	color=b3b1b2
HistomissSECH88_3	2438818	2447856	HistoohiSECH91_3	2475887	2484921	color=b3b1b2
HistomissSECH88_3	805109	814031	HistoohiSECH91_3	911914	920781	color=b3b1b2
HistomissSECH88_3	634073	642972	HistoohiSECH91_3	770201	779229	color=b3b1b2
HistomissSECH88_3	2854989	2863873	HistoohiSECH91_3	2833844	2842730	color=b3b1b2
HistomissSECH88_3	1120441	1129291	HistoohiSECH91_3	1220654	1229559	color=b3b1b2
HistomissSECH88_3	1934945	1943739	HistoohiSECH91_3	2019778	2028572	color=b3b1b2
HistomissSECH88_3	510631	519415	HistoohiSECH91_3	636328	645198	color=b3b1b2
HistomissSECH88_3	601963	610722	HistoohiSECH91_3	727240	735992	color=b3b1b2
HistomissSECH88_3	1528051	1536702	HistoohiSECH91_3	1539215	1547840	color=b3b1b2
HistomissSECH88_3	3087949	3096481	HistoohiSECH91_3	3035050	3043486	color=b3b1b2
HistomissSECH88_3	2248136	2256632	HistoohiSECH91_3	2341557	2350037	color=b3b1b2
HistomissSECH88_3	90794	99169	HistoohiSECH91_3	100493	108853	color=b3b1b2
HistomissSECH88_3	1065655	1074017	HistoohiSECH91_3	1160420	1168834	color=b3b1b2
HistomissSECH88_3	2216923	2225202	HistoohiSECH91_3	2298847	2307029	color=b3b1b2
HistomissSECH88_3	1088982	1096846	HistoohiSECH91_3	1183430	1191309	color=b3b1b2
HistomissSECH88_3	3203282	3211090	HistoohiSECH91_3	3224935	3232822	color=b3b1b2
HistomissSECH88_3	1334057	1341823	HistoohiSECH91_3	1409032	1416933	color=b3b1b2
HistomissSECH88_3	392730	400286	HistoohiSECH91_3	460452	468026	color=b3b1b2
HistomissSECH88_3	463742	471268	HistoohiSECH91_3	576576	583954	color=b3b1b2
HistomissSECH88_3	42542	49989	HistoohiSECH91_3	58927	66395	color=b3b1b2
HistomissSECH88_3	589491	596930	HistoohiSECH91_3	719348	726704	color=b3b1b2
HistomissSECH88_3	1097564	1104990	HistoohiSECH91_3	1196922	1204353	color=b3b1b2
HistomissSECH88_3	1058203	1065604	HistoohiSECH91_3	1152793	1160249	color=b3b1b2
HistomissSECH88_3	2654103	2661504	HistoohiSECH91_3	2719317	2726748	color=b3b1b2
HistomissSECH88_3	24607	31969	HistoohiSECH91_3	48002	55407	color=b3b1b2
HistomissSECH88_3	617687	625040	HistoohiSECH91_3	742286	749656	color=b3b1b2
HistomissSECH88_3	931145	938472	HistoohiSECH91_3	1030726	1038003	color=b3b1b2
HistomissSECH88_3	2797118	2804421	HistoohiSECH91_3	2767402	2774666	color=b3b1b2
HistomissSECH88_3	213016	220245	HistoohiSECH91_3	284276	291490	color=b3b1b2
HistomissSECH88_3	2927890	2935039	HistoohiSECH91_3	2896159	2888997	color=b3b1b2
HistomissSECH88_3	1051016	1058163	HistoohiSECH91_3	1145359	1152496	color=b3b1b2
HistomissSECH88_3	2174925	2182055	HistoohiSECH91_3	2243538	2250583	color=b3b1b2
HistomissSECH88_3	2132589	2139675	HistoohiSECH91_3	2201329	2208310	color=b3b1b2
HistomissSECH88_3	2863914	2870978	HistoohiSECH91_3	2842920	2849970	color=b3b1b2
HistomissSECH88_3	660818	667746	HistoohiSECH91_3	792267	799073	color=b3b1b2
HistomissSECH88_3	1316446	1323348	HistoohiSECH91_3	1390673	1397554	color=b3b1b2
HistomissSECH88_3	938419	945321	HistoohiSECH91_3	1038105	1045032	color=b3b1b2
HistomissSECH88_3	2917167	2924065	HistoohiSECH91_3	2878411	2885220	color=b3b1b2
HistomissSECH88_3	1821444	1828290	HistoohiSECH91_3	1871277	1878190	color=b3b1b2
HistomissSECH88_3	3134998	3141762	HistoohiSECH91_3	3119665	3126420	color=b3b1b2
HistomissSECH88_3	1949706	1956450	HistoohiSECH91_3	2035690	2042486	color=b3b1b2
HistomissSECH88_3	2986806	2993468	HistoohiSECH91_3	2934970	2941652	color=b3b1b2
HistomissSECH88_3	291876	298534	HistoohiSECH91_3	367974	374637	color=b3b1b2
HistomissSECH88_3	1517831	1524477	HistoohiSECH91_3	1527536	1534160	color=b3b1b2
HistomissSECH88_3	1285542	1292117	HistoohiSECH91_3	1351845	1358439	color=b3b1b2
HistomissSECH88_3	1030107	1036561	HistoohiSECH91_3	1128090	1134416	color=b3b1b2
HistomissSECH88_3	1107229	1113630	HistoohiSECH91_3	1207048	1213376	color=b3b1b2
HistomissSECH88_3	1474183	1480545	HistoohiSECH91_3	1486917	1493266	color=b3b1b2
HistomissSECH88_3	2341873	2348228	HistoohiSECH91_3	2400909	2407293	color=b3b1b2
HistomissSECH88_3	2827981	2834311	HistoohiSECH91_3	2805525	2811778	color=b3b1b2
HistomissSECH88_3	1148824	1155134	HistoohiSECH91_3	1248683	1254998	color=b3b1b2
HistomissSECH88_3	78860	85157	HistoohiSECH91_3	88369	94644	color=b3b1b2
HistomissSECH88_3	988750	995046	HistoohiSECH91_3	1087804	1094038	color=b3b1b2
HistomissSECH88_3	3057659	3063859	HistoohiSECH91_3	3004233	3010429	color=b3b1b2
HistomissSECH88_3	2620790	2626985	HistoohiSECH91_3	2686094	2692214	color=b3b1b2
HistomissSECH88_3	367977	374149	HistoohiSECH91_3	435928	442112	color=b3b1b2
HistomissSECH88_3	1536869	1543005	HistoohiSECH91_3	1547957	1554105	color=b3b1b2
HistomissSECH88_3	350280	356416	HistoohiSECH91_3	414339	420462	color=b3b1b2
HistomissSECH88_3	611549	617672	HistoohiSECH91_3	736001	742123	color=b3b1b2
HistomissSECH88_3	1506860	1512949	HistoohiSECH91_3	1512256	1518392	color=b3b1b2
HistomissSECH88_3	1875095	1881165	HistoohiSECH91_3	1966634	1972638	color=b3b1b2
HistomissSECH88_3	2145005	2151034	HistoohiSECH91_3	2213980	2220086	color=b3b1b2
HistomissSECH88_3	3063872	3069852	HistoohiSECH91_3	3010585	3016510	color=b3b1b2
HistomissSECH88_3	1447981	1453953	HistoohiSECH91_3	1458119	1464108	color=b3b1b2
HistomissSECH88_3	2166041	2171991	HistoohiSECH91_3	2234522	2240547	color=b3b1b2
HistomissSECH88_3	341880	347815	HistoohiSECH91_3	406265	412206	color=b3b1b2
HistomissSECH88_3	2811834	2817600	HistoohiSECH91_3	2787838	2793531	color=b3b1b2
HistomissSECH88_3	3194272	3200021	HistoohiSECH91_3	3215817	3221599	color=b3b1b2
HistomissSECH88_3	1158896	1164619	HistoohiSECH91_3	1258530	1264276	color=b3b1b2
HistomissSECH88_3	1775249	1780969	HistoohiSECH91_3	1827707	1833481	color=b3b1b2
HistomissSECH88_3	1886759	1892454	HistoohiSECH91_3	1973174	1978781	color=b3b1b2
HistomissSECH88_3	65108	70759	HistoohiSECH91_3	44585	38911	color=b3b1b2
HistomissSECH88_3	2433178	2438794	HistoohiSECH91_3	2469969	2475541	color=b3b1b2
HistomissSECH88_3	3180675	3186272	HistoohiSECH91_3	3199834	3205478	color=b3b1b2
HistomissSECH88_3	282583	288172	HistoohiSECH91_3	358202	363902	color=b3b1b2
HistomissSECH88_3	1570150	1575720	HistoohiSECH91_3	1611118	1616602	color=b3b1b2
HistomissSECH88_3	2417766	2423326	HistoohiSECH91_3	2452897	2458459	color=b3b1b2
HistomissSECH88_3	2350412	2355959	HistoohiSECH91_3	2409515	2415060	color=b3b1b2
HistomissSECH88_3	1617948	1623454	HistoohiSECH91_3	1655283	1660726	color=b3b1b2
HistomissSECH88_3	1805044	1810518	HistoohiSECH91_3	1855347	1860845	color=b3b1b2
HistomissSECH88_3	1454112	1459580	HistoohiSECH91_3	1464099	1469602	color=b3b1b2
HistomissSECH88_3	2489083	2494540	HistoohiSECH91_3	2524848	2530403	color=b3b1b2
HistomissSECH88_3	2287503	2292916	HistoohiSECH91_3	2379849	2385294	color=b3b1b2
HistomissSECH88_3	1630809	1636215	HistoohiSECH91_3	1661782	1667171	color=b3b1b2
HistomissSECH88_3	1662699	1668055	HistoohiSECH91_3	1749651	1755111	color=b3b1b2
HistomissSECH88_3	477517	482799	HistoohiSECH91_3	587407	592654	color=b3b1b2
HistomissSECH88_3	2113533	2118805	HistoohiSECH91_3	2181080	2186331	color=b3b1b2
HistomissSECH88_3	643889	649152	HistoohiSECH91_3	784031	789382	color=b3b1b2
HistomissSECH88_3	1919378	1924634	HistoohiSECH91_3	2006073	2011320	color=b3b1b2
HistomissSECH88_3	2972470	2977726	HistoohiSECH91_3	2923503	2928707	color=b3b1b2
HistomissSECH88_3	1167534	1172759	HistoohiSECH91_3	1266214	1271438	color=b3b1b2
HistomissSECH88_3	99573	104739	HistoohiSECH91_3	108950	114104	color=b3b1b2
HistomissSECH88_3	410848	415967	HistoohiSECH91_3	478612	483716	color=b3b1b2
HistomissSECH88_3	502276	507330	HistoohiSECH91_3	628021	633099	color=b3b1b2
HistomissSECH88_3	3236015	3241033	HistoohiSECH91_3	3257583	3262621	color=b3b1b2
HistomissSECH88_3	2910332	2915348	HistoohiSECH91_3	2869389	2874410	color=b3b1b2
HistomissSECH88_3	433643	438657	HistoohiSECH91_3	501636	506717	color=b3b1b2
HistomissSECH88_3	856980	861947	HistoohiSECH91_3	955997	960983	color=b3b1b2
HistomissSECH88_3	2567813	2572767	HistoohiSECH91_3	2625918	2630911	color=b3b1b2
HistomissSECH88_3	1081570	1086521	HistoohiSECH91_3	1175962	1180917	color=b3b1b2
HistomissSECH88_3	1549165	1554082	HistoohiSECH91_3	1566309	1571235	color=b3b1b2
HistomissSECH88_3	827236	832153	HistoohiSECH91_3	925552	930541	color=b3b1b2
HistomissSECH88_3	1488663	1493579	HistoohiSECH91_3	1496215	1501035	color=b3b1b2
HistomissSECH88_3	1327701	1332582	HistoohiSECH91_3	1402156	1407050	color=b3b1b2
HistomissSECH88_3	1182448	1187227	HistoohiSECH91_3	1281242	1286045	color=b3b1b2
HistomissSECH88_3	1795457	1800145	HistoohiSECH91_3	1845224	1849838	color=b3b1b2
HistomissSECH88_3	1813770	1818449	HistoohiSECH91_3	1863807	1868495	color=b3b1b2
HistomissSECH88_3	2478266	2482917	HistoohiSECH91_3	2515771	2520438	color=b3b1b2
HistomissSECH88_3	2494545	2499196	HistoohiSECH91_3	2530577	2535249	color=b3b1b2
HistomissSECH88_3	2032832	2037456	HistoohiSECH91_3	2128784	2133407	color=b3b1b2
HistomissSECH88_3	1975118	1979741	HistoohiSECH91_3	2059554	2064145	color=b3b1b2
HistomissSECH88_3	1855026	1859646	HistoohiSECH91_3	1946010	1950617	color=b3b1b2
HistomissSECH88_3	1341962	1346549	HistoohiSECH91_3	1417224	1421753	color=b3b1b2
HistomissSECH88_3	1174576	1179154	HistoohiSECH91_3	1273378	1277955	color=b3b1b2
HistomissSECH88_3	1292116	1296692	HistoohiSECH91_3	1358664	1363273	color=b3b1b2
HistomissSECH88_3	519774	524322	HistoohiSECH91_3	646880	651475	color=b3b1b2
HistomissSECH88_3	2237319	2241855	HistoohiSECH91_3	2330559	2335091	color=b3b1b2
HistomissSECH88_3	1495577	1500099	HistoohiSECH91_3	1503223	1507693	color=b3b1b2
HistomissSECH88_3	2806491	2810994	HistoohiSECH91_3	2782521	2786951	color=b3b1b2
HistomissSECH88_3	2005410	2009881	HistoohiSECH91_3	2084449	2088893	color=b3b1b2
HistomissSECH88_3	1837360	1841815	HistoohiSECH91_3	1929024	1933496	color=b3b1b2
HistomissSECH88_3	2124714	2129163	HistoohiSECH91_3	2192712	2197205	color=b3b1b2
HistomissSECH88_3	3002597	3007039	HistoohiSECH91_3	2949116	2953552	color=b3b1b2
HistomissSECH88_3	3241227	3245654	HistoohiSECH91_3	3262613	3267061	color=b3b1b2
HistomissSECH88_3	796224	800650	HistoohiSECH91_3	903236	907649	color=b3b1b2
HistomissSECH88_3	977233	981659	HistoohiSECH91_3	1074281	1078702	color=b3b1b2
HistomissSECH88_3	2119406	2123792	HistoohiSECH91_3	2186999	2191405	color=b3b1b2
HistomissSECH88_3	1848749	1853134	HistoohiSECH91_3	1940453	1944833	color=b3b1b2
HistomissSECH88_3	948446	952816	HistoohiSECH91_3	1048472	1052812	color=b3b1b2
HistomissSECH88_3	861953	866308	HistoohiSECH91_3	961136	965495	color=b3b1b2
HistomissSECH88_3	3083492	3087843	HistoohiSECH91_3	3030695	3035046	color=b3b1b2
HistomissSECH88_3	400288	404611	HistoohiSECH91_3	468183	472517	color=b3b1b2
HistomissSECH88_3	3128834	3133156	HistoohiSECH91_3	3115393	3119655	color=b3b1b2
HistomissSECH88_3	1833015	1837326	HistoohiSECH91_3	1924562	1928898	color=b3b1b2
HistomissSECH88_3	2360870	2365128	HistoohiSECH91_3	2423844	2428089	color=b3b1b2
HistomissSECH88_3	1046597	1050826	HistoohiSECH91_3	1137823	1142062	color=b3b1b2
HistomissSECH88_3	2961460	2965663	HistoohiSECH91_3	2912142	2916301	color=b3b1b2
HistomissSECH88_3	3214204	3218372	HistoohiSECH91_3	3235948	3240157	color=b3b1b2
HistomissSECH88_3	800842	804972	HistoohiSECH91_3	907758	911911	color=b3b1b2
HistomissSECH88_3	2995811	2999936	HistoohiSECH91_3	2944159	2948326	color=b3b1b2
HistomissSECH88_3	2425290	2429409	HistoohiSECH91_3	2460346	2464496	color=b3b1b2
HistomissSECH88_3	2225197	2229304	HistoohiSECH91_3	2317274	2321292	color=b3b1b2
HistomissSECH88_3	2040757	2044831	HistoohiSECH91_3	2137209	2141277	color=b3b1b2
HistomissSECH88_3	311069	315117	HistoohiSECH91_3	374667	378667	color=b3b1b2
HistomissSECH88_3	578845	582885	HistoohiSECH91_3	709031	713023	color=b3b1b2
HistomissSECH88_3	2836365	2840394	HistoohiSECH91_3	2814742	2818874	color=b3b1b2
HistomissSECH88_3	1981257	1985258	HistoohiSECH91_3	2065067	2069071	color=b3b1b2
HistomissSECH88_3	110893	114859	HistoohiSECH91_3	121566	125526	color=b3b1b2
HistomissSECH88_3	404768	408718	HistoohiSECH91_3	472519	476467	color=b3b1b2
HistomissSECH88_3	359965	363874	HistoohiSECH91_3	427395	431309	color=b3b1b2
HistomissSECH88_3	3141870	3145772	HistoohiSECH91_3	3126432	3130346	color=b3b1b2
HistomissSECH88_3	1962263	1966094	HistoohiSECH91_3	2046363	2050157	color=b3b1b2
HistomissSECH88_3	1418924	1422754	HistoohiSECH91_3	3208862	3212680	color=b3b1b2
HistomissSECH88_3	1828995	1832822	HistoohiSECH91_3	1878227	1882003	color=b3b1b2
HistomissSECH88_3	171571	175385	HistoohiSECH91_3	244031	247856	color=b3b1b2
HistomissSECH88_3	3218619	3222399	HistoohiSECH91_3	3240384	3244232	color=b3b1b2
HistomissSECH88_3	960171	963942	HistoohiSECH91_3	1059468	1063190	color=b3b1b2
HistomissSECH88_3	1026226	1029929	HistoohiSECH91_3	1124396	1128082	color=b3b1b2
HistomissSECH88_3	2503650	2507350	HistoohiSECH91_3	2537381	2541119	color=b3b1b2
HistomissSECH88_3	288178	291861	HistoohiSECH91_3	364075	367766	color=b3b1b2
HistomissSECH88_3	2092546	2096211	HistoohiSECH91_3	2167355	2171049	color=b3b1b2
HistomissSECH88_3	415969	419633	HistoohiSECH91_3	483873	487521	color=b3b1b2
HistomissSECH88_3	3149201	3152863	HistoohiSECH91_3	3132055	3135720	color=b3b1b2
HistomissSECH88_3	753529	757186	HistoohiSECH91_3	843439	847042	color=b3b1b2
HistomissSECH88_3	1672454	1676104	HistoohiSECH91_3	1760074	1763720	color=b3b1b2
HistomissSECH88_3	448989	452639	HistoohiSECH91_3	517595	521274	color=b3b1b2
HistomissSECH88_3	2523956	2527583	HistoohiSECH91_3	2558406	2562049	color=b3b1b2
HistomissSECH88_3	1604580	1608199	HistoohiSECH91_3	1648631	1652259	color=b3b1b2
HistomissSECH88_3	2056938	2060548	HistoohiSECH91_3	2146937	2150567	color=b3b1b2
HistomissSECH88_3	2924182	2927790	HistoohiSECH91_3	2885376	2889003	color=b3b1b2
HistomissSECH88_3	1076268	1079873	HistoohiSECH91_3	1171123	1174652	color=b3b1b2
HistomissSECH88_3	1800150	1803751	HistoohiSECH91_3	1849998	1853613	color=b3b1b2
HistomissSECH88_3	1323696	1327278	HistoohiSECH91_3	1398155	1401726	color=b3b1b2
HistomissSECH88_3	1999959	2003504	HistoohiSECH91_3	2080729	2084293	color=b3b1b2
HistomissSECH88_3	3075804	3079346	HistoohiSECH91_3	3022615	3026078	color=b3b1b2
HistomissSECH88_3	71560	75088	HistoohiSECH91_3	80510	84012	color=b3b1b2
HistomissSECH88_3	891624	895149	HistoohiSECH91_3	989909	993452	color=b3b1b2
HistomissSECH88_3	3119861	3123328	HistoohiSECH91_3	3107956	3111391	color=b3b1b2
HistomissSECH88_3	389129	392572	HistoohiSECH91_3	456970	460452	color=b3b1b2
HistomissSECH88_3	2328498	2331920	HistoohiSECH91_3	2388497	2391923	color=b3b1b2
HistomissSECH88_3	1926824	1930218	HistoohiSECH91_3	2014197	2017565	color=b3b1b2
HistomissSECH88_3	757215	760564	HistoohiSECH91_3	847248	850633	color=b3b1b2
HistomissSECH88_3	2139675	2143023	HistoohiSECH91_3	2208491	2211830	color=b3b1b2
HistomissSECH88_3	1514098	1517424	HistoohiSECH91_3	1523728	1527038	color=b3b1b2
HistomissSECH88_3	276590	279915	HistoohiSECH91_3	352061	355384	color=b3b1b2
HistomissSECH88_3	56850	60166	HistoohiSECH91_3	72878	76200	color=b3b1b2
HistomissSECH88_3	1740914	1744224	HistoohiSECH91_3	1779391	1782726	color=b3b1b2
HistomissSECH88_3	1709607	1712906	HistoohiSECH91_3	1773754	1777046	color=b3b1b2
HistomissSECH88_3	832171	835456	HistoohiSECH91_3	931028	934316	color=b3b1b2
HistomissSECH88_3	50212	53479	HistoohiSECH91_3	66893	70171	color=b3b1b2
HistomissSECH88_3	3265750	3269002	HistoohiSECH91_3	3288921	3292165	color=b3b1b2
HistomissSECH88_3	536001	539250	HistoohiSECH91_3	663098	666370	color=b3b1b2
HistomissSECH88_3	2129161	2132378	HistoohiSECH91_3	2197314	2200580	color=b3b1b2
HistomissSECH88_3	385753	388966	HistoohiSECH91_3	453750	456961	color=b3b1b2
HistomissSECH88_3	148008	151208	HistoohiSECH91_3	193602	196839	color=b3b1b2
HistomissSECH88_3	2188145	2191334	HistoohiSECH91_3	2259137	2262296	color=b3b1b2
HistomissSECH88_3	1203135	1206323	HistoohiSECH91_3	1320702	1323825	color=b3b1b2
HistomissSECH88_3	2192366	2195532	HistoohiSECH91_3	2263644	2266813	color=b3b1b2
HistomissSECH88_3	1946444	1949595	HistoohiSECH91_3	2032005	2035179	color=b3b1b2
HistomissSECH88_3	121119	124244	HistoohiSECH91_3	163798	166819	color=b3b1b2
HistomissSECH88_3	1117320	1120436	HistoohiSECH91_3	1217295	1220468	color=b3b1b2
HistomissSECH88_3	209398	212508	HistoohiSECH91_3	279281	282393	color=b3b1b2
HistomissSECH88_3	953229	956338	HistoohiSECH91_3	1053082	1056140	color=b3b1b2
HistomissSECH88_3	2325288	2328390	HistoohiSECH91_3	2385429	2388495	color=b3b1b2
HistomissSECH88_3	3200061	3203154	HistoohiSECH91_3	3221756	3224772	color=b3b1b2
HistomissSECH88_3	1842822	1845888	HistoohiSECH91_3	1934420	1937481	color=b3b1b2
HistomissSECH88_3	945323	948371	HistoohiSECH91_3	1045189	1048239	color=b3b1b2
HistomissSECH88_3	1701776	1704820	HistoohiSECH91_3	1766410	1769464	color=b3b1b2
HistomissSECH88_3	1296693	1299711	HistoohiSECH91_3	1363436	1366594	color=b3b1b2
HistomissSECH88_3	499097	502081	HistoohiSECH91_3	670390	667458	color=b3b1b2
HistomissSECH88_3	1578451	1581421	HistoohiSECH91_3	1622616	1625630	color=b3b1b2
HistomissSECH88_3	3034831	3037799	HistoohiSECH91_3	2981442	2984368	color=b3b1b2
HistomissSECH88_3	507523	510474	HistoohiSECH91_3	633170	636087	color=b3b1b2
HistomissSECH88_3	1544722	1547658	HistoohiSECH91_3	1554110	1557048	color=b3b1b2
HistomissSECH88_3	884312	887246	HistoohiSECH91_3	982517	985457	color=b3b1b2
HistomissSECH88_3	452709	455636	HistoohiSECH91_3	521440	524359	color=b3b1b2
HistomissSECH88_3	1706698	1709601	HistoohiSECH91_3	1770628	1773544	color=b3b1b2
HistomissSECH88_3	628851	631749	HistoohiSECH91_3	755417	758324	color=b3b1b2
HistomissSECH88_3	887403	890274	HistoohiSECH91_3	985459	988320	color=b3b1b2
HistomissSECH88_3	118180	121047	HistoohiSECH91_3	160732	163550	color=b3b1b2
HistomissSECH88_3	1790517	1793374	HistoohiSECH91_3	1841278	1844175	color=b3b1b2
HistomissSECH88_3	3111883	3114739	HistoohiSECH91_3	3051814	3054672	color=b3b1b2
HistomissSECH88_3	1563792	1566645	HistoohiSECH91_3	1579241	1582096	color=b3b1b2
HistomissSECH88_3	1583623	1586470	HistoohiSECH91_3	1627936	1630704	color=b3b1b2
HistomissSECH88_3	2229465	2232312	HistoohiSECH91_3	2321315	2324144	color=b3b1b2
HistomissSECH88_3	982748	985585	HistoohiSECH91_3	1081927	1084740	color=b3b1b2
HistomissSECH88_3	1524987	1527781	HistoohiSECH91_3	1536428	1539213	color=b3b1b2
HistomissSECH88_3	712868	715657	HistoohiSECH91_3	803208	806001	color=b3b1b2
HistomissSECH88_3	3154127	3156910	HistoohiSECH91_3	3136043	3138875	color=b3b1b2
HistomissSECH88_3	2172135	2174917	HistoohiSECH91_3	2240553	2243335	color=b3b1b2
HistomissSECH88_3	1810988	1813767	HistoohiSECH91_3	1860838	1863670	color=b3b1b2
HistomissSECH88_3	3159176	3161925	HistoohiSECH91_3	3148505	3151252	color=b3b1b2
HistomissSECH88_3	2357965	2360699	HistoohiSECH91_3	2420655	2423393	color=b3b1b2
HistomissSECH88_3	1845900	1848619	HistoohiSECH91_3	1937680	1940381	color=b3b1b2
HistomissSECH88_3	1459688	1462403	HistoohiSECH91_3	1469603	1472322	color=b3b1b2
HistomissSECH88_3	2850628	2853335	HistoohiSECH91_3	2829864	2832551	color=b3b1b2
HistomissSECH88_3	822528	825235	HistoohiSECH91_3	920761	923471	color=b3b1b2
HistomissSECH88_3	2474916	2477619	HistoohiSECH91_3	2512121	2514877	color=b3b1b2
HistomissSECH88_3	985587	988279	HistoohiSECH91_3	1084897	1087579	color=b3b1b2
HistomissSECH88_3	1313160	1315851	HistoohiSECH91_3	1384745	1387382	color=b3b1b2
HistomissSECH88_3	1676263	1678931	HistoohiSECH91_3	1763728	1766409	color=b3b1b2
HistomissSECH88_3	1145062	1147683	HistoohiSECH91_3	1244613	1247231	color=b3b1b2
HistomissSECH88_3	2028288	2030897	HistoohiSECH91_3	2124270	2126853	color=b3b1b2
HistomissSECH88_3	2430467	2433049	HistoohiSECH91_3	2466984	2469525	color=b3b1b2
HistomissSECH88_3	2595107	2597681	HistoohiSECH91_3	2659447	2661945	color=b3b1b2
HistomissSECH88_3	1669598	1672135	HistoohiSECH91_3	1756961	1759488	color=b3b1b2
HistomissSECH88_3	2184800	2187323	HistoohiSECH91_3	2255330	2257849	color=b3b1b2
HistomissSECH88_3	710314	712827	HistoohiSECH91_3	800501	803052	color=b3b1b2
HistomissSECH88_3	317156	319664	HistoohiSECH91_3	381134	383661	color=b3b1b2
HistomissSECH88_3	1746263	1748765	HistoohiSECH91_3	1784856	1787372	color=b3b1b2
HistomissSECH88_3	2565206	2567700	HistoohiSECH91_3	2623283	2625813	color=b3b1b2
HistomissSECH88_3	2284715	2287207	HistoohiSECH91_3	2376571	2379065	color=b3b1b2
HistomissSECH88_3	2794620	2797087	HistoohiSECH91_3	2764590	2767110	color=b3b1b2
HistomissSECH88_3	586978	589428	HistoohiSECH91_3	716648	719104	color=b3b1b2
HistomissSECH88_3	2904383	2906831	HistoohiSECH91_3	2861295	2863734	color=b3b1b2
HistomissSECH88_3	1347679	1350120	HistoohiSECH91_3	1424501	1426856	color=b3b1b2
HistomissSECH88_3	2047734	2050164	HistoohiSECH91_3	2144014	2146450	color=b3b1b2
HistomissSECH88_3	2790581	2793003	HistoohiSECH91_3	2760009	2762422	color=b3b1b2
HistomissSECH88_3	266200	268610	HistoohiSECH91_3	343537	345926	color=b3b1b2
HistomissSECH88_3	1783941	1786329	HistoohiSECH91_3	1836217	1838541	color=b3b1b2
HistomissSECH88_3	2485416	2487794	HistoohiSECH91_3	2521192	2523587	color=b3b1b2
HistomissSECH88_3	1966157	1968529	HistoohiSECH91_3	2050354	2052724	color=b3b1b2
HistomissSECH88_3	2409323	2411671	HistoohiSECH91_3	1144482	1142100	color=b3b1b2
HistomissSECH88_3	104917	107250	HistoohiSECH91_3	114313	116645	color=b3b1b2
HistomissSECH88_3	339150	341473	HistoohiSECH91_3	403932	406271	color=b3b1b2
HistomissSECH88_3	3211150	3213458	HistoohiSECH91_3	3233208	3235530	color=b3b1b2
HistomissSECH88_3	54389	56695	HistoohiSECH91_3	70449	72744	color=b3b1b2
HistomissSECH88_3	75154	77455	HistoohiSECH91_3	84395	86684	color=b3b1b2
HistomissSECH88_3	274289	276588	HistoohiSECH91_3	349537	351916	color=b3b1b2
HistomissSECH88_3	2651761	2654050	HistoohiSECH91_3	2716867	2719161	color=b3b1b2
HistomissSECH88_3	1086522	1088806	HistoohiSECH91_3	1181012	1183265	color=b3b1b2
HistomissSECH88_3	1560045	1562320	HistoohiSECH91_3	1572145	1574423	color=b3b1b2
HistomissSECH88_3	1043824	1046097	HistoohiSECH91_3	1135468	1137747	color=b3b1b2
HistomissSECH88_3	455674	457920	HistoohiSECH91_3	524565	526768	color=b3b1b2
HistomissSECH88_3	3156938	3159162	HistoohiSECH91_3	3146134	3148344	color=b3b1b2
HistomissSECH88_3	1502453	1504676	HistoohiSECH91_3	1510028	1512257	color=b3b1b2
HistomissSECH88_3	570934	573102	HistoohiSECH91_3	703700	705841	color=b3b1b2
HistomissSECH88_3	2957890	2960041	HistoohiSECH91_3	2908627	2910804	color=b3b1b2
HistomissSECH88_3	207100	209243	HistoohiSECH91_3	276986	279153	color=b3b1b2
HistomissSECH88_3	319910	322049	HistoohiSECH91_3	383828	385946	color=b3b1b2
HistomissSECH88_3	2163045	2165179	HistoohiSECH91_3	2231727	2233895	color=b3b1b2
HistomissSECH88_3	2937139	2939269	HistoohiSECH91_3	2897171	2899349	color=b3b1b2
HistomissSECH88_3	1074169	1076276	HistoohiSECH91_3	1168839	1170924	color=b3b1b2
HistomissSECH88_3	2592886	2594951	HistoohiSECH91_3	2657278	2659408	color=b3b1b2
HistomissSECH88_3	1500121	1502183	HistoohiSECH91_3	1507841	1509904	color=b3b1b2
HistomissSECH88_3	471442	473495	HistoohiSECH91_3	583955	586009	color=b3b1b2
HistomissSECH88_3	717896	719944	HistoohiSECH91_3	808931	810970	color=b3b1b2
HistomissSECH88_3	2908109	2910113	HistoohiSECH91_3	2866014	2868019	color=b3b1b2
HistomissSECH88_3	1818531	1820499	HistoohiSECH91_3	1868624	1870540	color=b3b1b2
HistomissSECH88_3	1905420	1907387	HistoohiSECH91_3	1992093	1994062	color=b3b1b2
HistomissSECH88_3	60839	62793	HistoohiSECH91_3	76938	78921	color=b3b1b2
HistomissSECH88_3	2355999	2357942	HistoohiSECH91_3	2418580	2420480	color=b3b1b2
HistomissSECH88_3	88687	90621	HistoohiSECH91_3	98426	100357	color=b3b1b2
HistomissSECH88_3	1142475	1144403	HistoohiSECH91_3	1240957	1242895	color=b3b1b2
HistomissSECH88_3	408948	410843	HistoohiSECH91_3	476551	478452	color=b3b1b2
HistomissSECH88_3	2870980	2872847	HistoohiSECH91_3	2850127	2851993	color=b3b1b2
HistomissSECH88_3	2472906	2474767	HistoohiSECH91_3	2510109	2511915	color=b3b1b2
HistomissSECH88_3	881824	883682	HistoohiSECH91_3	980089	982038	color=b3b1b2
HistomissSECH88_3	1416809	1418657	HistoohiSECH91_3	1441311	1443158	color=b3b1b2
HistomissSECH88_3	632089	633928	HistoohiSECH91_3	758493	760312	color=b3b1b2
HistomissSECH88_3	1201305	1203135	HistoohiSECH91_3	1318723	1320552	color=b3b1b2
HistomissSECH88_3	2143192	2145006	HistoohiSECH91_3	2211952	2213792	color=b3b1b2
HistomissSECH88_3	2233454	2235266	HistoohiSECH91_3	2326753	2328538	color=b3b1b2
HistomissSECH88_3	2235496	2237293	HistoohiSECH91_3	2328673	2330411	color=b3b1b2
HistomissSECH88_3	2331950	2333739	HistoohiSECH91_3	2392073	2393847	color=b3b1b2
HistomissSECH88_3	1211930	1213688	HistoohiSECH91_3	1328721	1330460	color=b3b1b2
HistomissSECH88_3	2590086	2591841	HistoohiSECH91_3	2652323	2654082	color=b3b1b2
HistomissSECH88_3	722400	724153	HistoohiSECH91_3	812369	814123	color=b3b1b2
HistomissSECH88_3	1105522	1107272	HistoohiSECH91_3	1205172	1206919	color=b3b1b2
HistomissSECH88_3	2834469	2836219	HistoohiSECH91_3	2811803	2813569	color=b3b1b2
HistomissSECH88_3	86914	88664	HistoohiSECH91_3	96472	98214	color=b3b1b2
HistomissSECH88_3	3109961	3111709	HistoohiSECH91_3	3050044	3051807	color=b3b1b2
HistomissSECH88_3	2030945	2032680	HistoohiSECH91_3	2127036	2128782	color=b3b1b2
HistomissSECH88_3	627114	628828	HistoohiSECH91_3	753539	755228	color=b3b1b2
HistomissSECH88_3	40839	42542	HistoohiSECH91_3	56547	58258	color=b3b1b2
HistomissSECH88_3	2576710	2578400	HistoohiSECH91_3	2635431	2637062	color=b3b1b2
HistomissSECH88_3	1771895	1773576	HistoohiSECH91_3	1825260	1826992	color=b3b1b2
HistomissSECH88_3	3071082	3072747	HistoohiSECH91_3	3017953	3019605	color=b3b1b2
HistomissSECH88_3	3192438	3194098	HistoohiSECH91_3	3214031	3215693	color=b3b1b2
HistomissSECH88_3	125519	127177	HistoohiSECH91_3	170961	172567	color=b3b1b2
HistomissSECH88_3	220631	222289	HistoohiSECH91_3	292380	294046	color=b3b1b2
HistomissSECH88_3	2423422	2425040	HistoohiSECH91_3	2458581	2460168	color=b3b1b2
HistomissSECH88_3	2573042	2574638	HistoohiSECH91_3	2631276	2632857	color=b3b1b2
HistomissSECH88_3	1180627	1182220	HistoohiSECH91_3	1279562	1281160	color=b3b1b2
HistomissSECH88_3	229550	231142	HistoohiSECH91_3	301303	302915	color=b3b1b2
HistomissSECH88_3	825234	826809	HistoohiSECH91_3	923624	925195	color=b3b1b2
HistomissSECH88_3	356629	358196	HistoohiSECH91_3	423186	424721	color=b3b1b2
HistomissSECH88_3	899052	900592	HistoohiSECH91_3	998253	999821	color=b3b1b2
HistomissSECH88_3	3007140	3008679	HistoohiSECH91_3	2953660	2955195	color=b3b1b2
HistomissSECH88_3	772268	773776	HistoohiSECH91_3	878441	879952	color=b3b1b2
HistomissSECH88_3	1350998	1352498	HistoohiSECH91_3	1428171	1429664	color=b3b1b2
HistomissSECH88_3	348576	350056	HistoohiSECH91_3	412846	414326	color=b3b1b2
HistomissSECH88_3	2993465	2994941	HistoohiSECH91_3	2941854	2943329	color=b3b1b2
HistomissSECH88_3	569259	570725	HistoohiSECH91_3	702246	703707	color=b3b1b2
HistomissSECH88_3	324078	325517	HistoohiSECH91_3	391116	392549	color=b3b1b2
HistomissSECH88_3	2412877	2414302	HistoohiSECH91_3	2449338	2450766	color=b3b1b2
HistomissSECH88_3	1788586	1790007	HistoohiSECH91_3	1839857	1841280	color=b3b1b2
HistomissSECH88_3	2256657	2258071	HistoohiSECH91_3	2350193	2351629	color=b3b1b2
HistomissSECH88_3	2183347	2184754	HistoohiSECH91_3	2253711	2255093	color=b3b1b2
HistomissSECH88_3	1668173	1669574	HistoohiSECH91_3	1755327	1756772	color=b3b1b2
HistomissSECH88_3	1860026	1861422	HistoohiSECH91_3	1951019	1952433	color=b3b1b2
HistomissSECH88_3	1626122	1627512	HistoohiSECH91_3	1654200	1652757	color=b3b1b2
HistomissSECH88_3	2046258	2047633	HistoohiSECH91_3	2142690	2144068	color=b3b1b2
HistomissSECH88_3	956338	957713	HistoohiSECH91_3	1056252	1057635	color=b3b1b2
HistomissSECH88_3	2340409	2341775	HistoohiSECH91_3	2399601	2400966	color=b3b1b2
HistomissSECH88_3	2349117	2350431	HistoohiSECH91_3	2408038	2409320	color=b3b1b2
HistomissSECH88_3	2788048	2789331	HistoohiSECH91_3	2756826	2758102	color=b3b1b2
HistomissSECH88_3	3081522	3082794	HistoohiSECH91_3	3028696	3029991	color=b3b1b2
HistomissSECH88_3	336697	337965	HistoohiSECH91_3	392818	394086	color=b3b1b2
HistomissSECH88_3	315941	317206	HistoohiSECH91_3	379720	381028	color=b3b1b2
HistomissSECH88_3	1924828	1926082	HistoohiSECH91_3	2012063	2013291	color=b3b1b2
HistomissSECH88_3	1147631	1148878	HistoohiSECH91_3	1247332	1248582	color=b3b1b2
HistomissSECH88_3	108939	110181	HistoohiSECH91_3	2352853	2351574	color=b3b1b2
HistomissSECH88_3	3147692	3148933	HistoohiSECH91_3	3130829	3132068	color=b3b1b2
HistomissSECH88_3	458019	459249	HistoohiSECH91_3	526772	528012	color=b3b1b2
HistomissSECH88_3	1803754	1804951	HistoohiSECH91_3	1853986	1855179	color=b3b1b2
HistomissSECH88_3	1332584	1333776	HistoohiSECH91_3	1407207	1408383	color=b3b1b2
HistomissSECH88_3	2365545	2366718	HistoohiSECH91_3	2428764	2429939	color=b3b1b2
HistomissSECH88_3	2853587	2854753	HistoohiSECH91_3	2832653	2833846	color=b3b1b2
HistomissSECH88_3	2789360	2790523	HistoohiSECH91_3	2758303	2759469	color=b3b1b2
HistomissSECH88_3	2956230	2957366	HistoohiSECH91_3	2903651	2904794	color=b3b1b2
HistomissSECH88_3	1873933	1875063	HistoohiSECH91_3	1965318	1966446	color=b3b1b2
HistomissSECH88_3	270372	271500	HistoohiSECH91_3	346020	347130	color=b3b1b2
HistomissSECH88_3	2182223	2183343	HistoohiSECH91_3	2252441	2253550	color=b3b1b2
HistomissSECH88_3	930073	931189	HistoohiSECH91_3	1029479	1030568	color=b3b1b2
HistomissSECH88_3	2756391	2757505	HistoohiSECH91_3	2727998	2726896	color=b3b1b2
HistomissSECH88_3	795109	796223	HistoohiSECH91_3	901661	902791	color=b3b1b2
HistomissSECH88_3	1576472	1577557	HistoohiSECH91_3	1620552	1621650	color=b3b1b2
HistomissSECH88_3	2627139	2628219	HistoohiSECH91_3	2692219	2693290	color=b3b1b2
HistomissSECH88_3	419904	420977	HistoohiSECH91_3	487598	488684	color=b3b1b2
HistomissSECH88_3	2038688	2039746	HistoohiSECH91_3	2134771	2135850	color=b3b1b2
HistomissSECH88_3	224329	225371	HistoohiSECH91_3	295819	296839	color=b3b1b2
HistomissSECH88_3	2591853	2592889	HistoohiSECH91_3	2654229	2655268	color=b3b1b2
HistomissSECH88_3	2232363	2233393	HistoohiSECH91_3	2324358	2325387	color=b3b1b2
HistomissSECH88_3	895668	896698	HistoohiSECH91_3	993913	994950	color=b3b1b2
HistomissSECH88_3	2039746	2040755	HistoohiSECH91_3	2136030	2137052	color=b3b1b2
HistomissSECH88_3	3186312	3187314	HistoohiSECH91_3	3205656	3206656	color=b3b1b2
